hand_side,label,feature_1,feature_2,feature_3,feature_4,feature_5,feature_6,feature_7,feature_8,feature_9,feature_10,feature_11,feature_12,feature_13,feature_14,feature_15,feature_16,feature_17,feature_18,feature_19,feature_20,feature_21,feature_22,feature_23,feature_24,feature_25,feature_26,feature_27,feature_28,feature_29,feature_30,feature_31,feature_32,feature_33,feature_34,feature_35,feature_36,feature_37,feature_38,feature_39,feature_40,feature_41,feature_42,feature_43,feature_44,feature_45,feature_46,feature_47,feature_48,feature_49,feature_50,feature_51,feature_52,feature_53,feature_54,feature_55,feature_56,feature_57,feature_58,feature_59,feature_60,feature_61,feature_62,feature_63
Left,C,0.0,0.0,0.0,0.10717102140188217,-0.03863997012376785,-0.06728248298168182,0.20377551019191742,-0.14944471418857574,-0.11449065059423447,0.24113057553768158,-0.26726728677749634,-0.16129183769226074,0.2841816842556,-0.37790873646736145,-0.20499947667121887,0.17414212226867676,-0.44072234630584717,-0.07851827889680862,0.1890701800584793,-0.6855528950691223,-0.14811311662197113,0.19302083551883698,-0.8303062319755554,-0.18819086253643036,0.18855182826519012,-0.9582327008247375,-0.21503068506717682,0.0963042676448822,-0.4405533969402313,-0.08431706577539444,0.17158131301403046,-0.5324109792709351,-0.20211783051490784,0.1894790381193161,-0.3389314115047455,-0.22752119600772858,0.17134717106819153,-0.2099117934703827,-0.21770448982715607,0.015504391863942146,-0.41124314069747925,-0.09700941294431686,0.0797731801867485,-0.5008890628814697,-0.20616626739501953,0.10300509631633759,-0.3176581561565399,-0.17985117435455322,0.0910336822271347,-0.19494417309761047,-0.13238200545310974,-0.0744846984744072,-0.36138418316841125,-0.11509319394826889,-0.01798858679831028,-0.4394703507423401,-0.18916748464107513,0.019385531544685364,-0.3218602240085602,-0.16756047308444977,0.01922508329153061,-0.23327943682670593,-0.13123393058776855
Left,C,0.0,0.0,0.0,0.10671751201152802,-0.039654601365327835,-0.0683843269944191,0.20252679288387299,-0.15742921829223633,-0.11646033823490143,0.23277400434017181,-0.2785436511039734,-0.1645912379026413,0.2789052128791809,-0.3867386281490326,-0.21001310646533966,0.17264105379581451,-0.4484569728374481,-0.08080647885799408,0.188226580619812,-0.6931750774383545,-0.15028102695941925,0.19234879314899445,-0.8343393802642822,-0.18979382514953613,0.18929065763950348,-0.9578867554664612,-0.21592135727405548,0.09188703447580338,-0.4449617564678192,-0.08553623408079147,0.1620006561279297,-0.527952253818512,-0.20312285423278809,0.18164128065109253,-0.3397875130176544,-0.2286832630634308,0.16734544932842255,-0.21599224209785461,-0.21935291588306427,0.010662063024938107,-0.4148262143135071,-0.09695345908403397,0.07225055992603302,-0.5027465224266052,-0.20570677518844604,0.09671859443187714,-0.31926229596138,-0.17967897653579712,0.08715581148862839,-0.1973114162683487,-0.13273587822914124,-0.07844049483537674,-0.3652798533439636,-0.11388807743787766,-0.025136809796094894,-0.44620662927627563,-0.18779513239860535,0.013495334424078465,-0.3290945589542389,-0.16649281978607178,0.01572771742939949,-0.24137772619724274,-0.1303693950176239
Left,C,0.0,0.0,0.0,0.11146771907806396,-0.044451937079429626,-0.05541352182626724,0.20735715329647064,-0.1509908139705658,-0.09830629080533981,0.25571414828300476,-0.2568715810775757,-0.14338241517543793,0.3082437217235565,-0.35256969928741455,-0.18624547123908997,0.18556497991085052,-0.4204062223434448,-0.06757521629333496,0.21709632873535156,-0.6695666909217834,-0.13502667844295502,0.23226091265678406,-0.8191689848899841,-0.17502020299434662,0.23559148609638214,-0.9505990743637085,-0.202133446931839,0.11417113244533539,-0.4231521487236023,-0.07937691360712051,0.19908197224140167,-0.5228413939476013,-0.19399361312389374,0.21821053326129913,-0.33632707595825195,-0.21913966536521912,0.1978323757648468,-0.2088913917541504,-0.20990249514579773,0.03867197409272194,-0.3991469144821167,-0.09725777059793472,0.11611994355916977,-0.4937472641468048,-0.20252245664596558,0.13539950549602509,-0.3178253769874573,-0.17559613287448883,0.11671696603298187,-0.2007507085800171,-0.12902620434761047,-0.04640175402164459,-0.3558955192565918,-0.11998193711042404,0.024734189733862877,-0.42478877305984497,-0.19182197749614716,0.05556316301226616,-0.3033905625343323,-0.1691591590642929,0.0454900860786438,-0.2127128690481186,-0.13300251960754395
Left,C,0.0,0.0,0.0,0.04914272576570511,-0.30542808771133423,-0.028534775599837303,0.1509259045124054,-0.5542104244232178,-0.06687433272600174,0.22302240133285522,-0.7642204165458679,-0.10250203311443329,0.25353890657424927,-0.958053708076477,-0.1336081624031067,0.45118090510368347,-0.4399077594280243,-0.045491889119148254,0.38364166021347046,-0.3630377948284149,-0.06512501835823059,0.3016049265861511,-0.3058999180793762,-0.10085542500019073,0.24448922276496887,-0.29893991351127625,-0.13215592503547668,0.49043917655944824,-0.24683813750743866,-0.056055400520563126,0.3886203169822693,-0.19150198996067047,-0.042619239538908005,0.31664976477622986,-0.16253961622714996,-0.06131008639931679,0.27355125546455383,-0.15405072271823883,-0.09373828023672104,0.4802020490169525,-0.05967439338564873,-0.06371459364891052,0.3885025382041931,-0.03583434224128723,-0.05063151568174362,0.32258543372154236,-0.019567571580410004,-0.04402390494942665,0.27668267488479614,-0.02446090802550316,-0.05643796920776367,0.44797950983047485,0.09888867288827896,-0.07550107687711716,0.387954443693161,0.10815257579088211,-0.06544776260852814,0.3226643204689026,0.11037536710500717,-0.04012129455804825,0.2784402370452881,0.10217892378568649,-0.025210365653038025
Left,C,0.0,0.0,0.0,-0.014692779630422592,-0.20212171971797943,0.04081987962126732,0.038607507944107056,-0.36991941928863525,0.038186293095350266,0.1240239366889,-0.45993295311927795,0.018132386729121208,0.1979133039712906,-0.4894064962863922,0.005470617674291134,0.10976553708314896,-0.4856102764606476,0.021070513874292374,0.20427675545215607,-0.6049899458885193,-0.01589103974401951,0.225424125790596,-0.5424261689186096,-0.035277411341667175,0.2124471217393875,-0.4826427400112152,-0.03810828551650047,0.18986323475837708,-0.45898979902267456,-0.02818557620048523,0.304652601480484,-0.6815552115440369,-0.060091421008110046,0.36890512704849243,-0.8092715740203857,-0.07762057334184647,0.41122937202453613,-0.9075285792350769,-0.08533542603254318,0.2558353841304779,-0.38756880164146423,-0.07543528079986572,0.40234172344207764,-0.4915013313293457,-0.10625043511390686,0.37884727120399475,-0.4104916453361511,-0.09167924523353577,0.32848063111305237,-0.34666553139686584,-0.06984305381774902,0.3124408721923828,-0.27646228671073914,-0.12081795930862427,0.4208291471004486,-0.3215033710002899,-0.12324832379817963,0.39139723777770996,-0.26505112648010254,-0.08818540722131729,0.34600386023521423,-0.21745552122592926,-0.055514171719551086
Left,C,0.0,0.0,0.0,-0.06267737597227097,-0.18308191001415253,-0.01496344804763794,-0.0751393586397171,-0.4626142084598541,-0.04923975095152855,-0.013445748947560787,-0.6699745059013367,-0.08094964921474457,0.06543990224599838,-0.7879686951637268,-0.10235144197940826,-0.16700772941112518,-0.5307126641273499,-0.10077397525310516,-0.014237010851502419,-0.8144047856330872,-0.15237724781036377,0.04594795033335686,-0.7486128807067871,-0.1715010702610016,0.04523393511772156,-0.6547226905822754,-0.17704233527183533,-0.11069993674755096,-0.4952225387096405,-0.12421157956123352,0.05531122162938118,-0.8198729753494263,-0.17274309694766998,0.15065787732601166,-0.9123063087463379,-0.17508360743522644,0.20661866664886475,-0.963289201259613,-0.17141373455524445,-0.025470931082963943,-0.45462360978126526,-0.14534832537174225,0.11707833409309387,-0.7673614621162415,-0.1835513412952423,0.16950112581253052,-0.8070045113563538,-0.16239029169082642,0.18986761569976807,-0.8311087489128113,-0.14427469670772552,0.0874120220541954,-0.4079967141151428,-0.16668382287025452,0.20625309646129608,-0.6529620885848999,-0.16921186447143555,0.23310571908950806,-0.583221435546875,-0.12260650843381882,0.23800483345985413,-0.5054706931114197,-0.08954909443855286
Left,C,0.0,0.0,0.0,-0.060818735510110855,-0.21959158778190613,0.03693826496601105,-0.06114618852734566,-0.441953182220459,0.04036226496100426,0.02104073017835617,-0.588111162185669,0.03354828804731369,0.09748660773038864,-0.6290100812911987,0.0298245158046484,-0.052669283002614975,-0.6136928796768188,0.002265961142256856,0.11128007620573044,-0.700608491897583,-0.009111195802688599,0.1343190222978592,-0.5954180359840393,-0.010382656939327717,0.09803363680839539,-0.5219938158988953,-0.009289463981986046,0.044134702533483505,-0.5737256407737732,-0.03304779529571533,0.19140322506427765,-0.6454631686210632,-0.044406358152627945,0.19632413983345032,-0.5316286683082581,-0.04682962968945503,0.1572883427143097,-0.4642564654350281,-0.04678012803196907,0.14483734965324402,-0.5025102496147156,-0.06321427971124649,0.26882216334342957,-0.5873445272445679,-0.07992933690547943,0.26165899634361267,-0.4870113730430603,-0.06945957243442535,0.21664874255657196,-0.4240705072879791,-0.05652998760342598,0.2451452761888504,-0.41497012972831726,-0.08833830058574677,0.3165958821773529,-0.6496075987815857,-0.10382255166769028,0.3594800531864166,-0.7896336913108826,-0.09639763087034225,0.3927481770515442,-0.9156508445739746,-0.08562906831502914
Left,C,0.0,0.0,0.0,0.1511698067188263,-0.07331185787916183,-0.04800504073500633,0.26189732551574707,-0.2088525891304016,-0.07583419978618622,0.319335401058197,-0.35180506110191345,-0.11058103293180466,0.3608658015727997,-0.4848460257053375,-0.1418505311012268,0.21722082793712616,-0.4505990743637085,-0.014502888545393944,0.2550927996635437,-0.6827192902565002,-0.07020253688097,0.2782393991947174,-0.8230052590370178,-0.10379419475793839,0.29360130429267883,-0.9476094245910645,-0.1258358657360077,0.1468638926744461,-0.4612366557121277,-0.02718271315097809,0.23342767357826233,-0.5693543553352356,-0.1374712586402893,0.2577800750732422,-0.39421597123146057,-0.168819859623909,0.24567602574825287,-0.2568189799785614,-0.16074463725090027,0.07348117977380753,-0.45497825741767883,-0.04891655966639519,0.16538387537002563,-0.5415551662445068,-0.15833526849746704,0.18078838288784027,-0.3675428032875061,-0.1453876942396164,0.16013631224632263,-0.24204309284687042,-0.1029948741197586,-0.009055120870471,-0.43517568707466125,-0.0747060552239418,0.08273151516914368,-0.5087427496910095,-0.15075239539146423,0.09904702007770538,-0.3844032883644104,-0.13706570863723755,0.07242805510759354,-0.28478720784187317,-0.10466006398200989
Left,C,0.0,0.0,0.0,0.13446229696273804,-0.10928172618150711,-0.044306740164756775,0.21880872547626495,-0.283139169216156,-0.06240871548652649,0.21962988376617432,-0.44206297397613525,-0.08708222955465317,0.18506568670272827,-0.5612077116966248,-0.11078399419784546,0.15646271407604218,-0.48486101627349854,-0.014148393645882607,0.1973179578781128,-0.710922360420227,-0.06680460274219513,0.22246059775352478,-0.8430880308151245,-0.09762275218963623,0.23848223686218262,-0.9641047120094299,-0.11673995852470398,0.07721295207738876,-0.4851120114326477,-0.02547091618180275,0.14134766161441803,-0.6146501302719116,-0.12919040024280548,0.16835960745811462,-0.4415481388568878,-0.15452760457992554,0.1653750240802765,-0.29952117800712585,-0.1422090083360672,-0.0025495565496385098,-0.4661537706851959,-0.044709790498018265,0.0701792761683464,-0.5796252489089966,-0.1482781618833542,0.08854826539754868,-0.39536115527153015,-0.1289544552564621,0.07704617828130722,-0.2554958462715149,-0.08256064355373383,-0.0896562859416008,-0.4275122880935669,-0.06793142110109329,-0.01276618242263794,-0.5216971635818481,-0.13874293863773346,0.010446286760270596,-0.4011392593383789,-0.12029467523097992,-0.0034187526907771826,-0.2952887713909149,-0.085135817527771
Left,C,0.0,0.0,0.0,0.13895758986473083,-0.16772326827049255,0.02582637220621109,0.18923629820346832,-0.34517425298690796,0.025873655453324318,0.21687324345111847,-0.4744036793708801,0.006461550481617451,0.22898678481578827,-0.5848584175109863,-0.012449865229427814,0.0484127514064312,-0.5650959014892578,0.03192487731575966,0.11605311185121536,-0.7399547696113586,-0.0023423959501087666,0.1353217363357544,-0.8738114833831787,-0.024859270080924034,0.13895420730113983,-0.9894178509712219,-0.0417611226439476,0.003674536943435669,-0.5604488849639893,-0.010604401119053364,0.21690048277378082,-0.6207273006439209,-0.07917769998311996,0.25843754410743713,-0.46006420254707336,-0.08328917622566223,0.2375205010175705,-0.3392876386642456,-0.06553402543067932,-0.008348587900400162,-0.5198983550071716,-0.0557166151702404,0.21023616194725037,-0.5564021468162537,-0.11658000200986862,0.22477199137210846,-0.39830636978149414,-0.09067342430353165,0.19362708926200867,-0.28716057538986206,-0.05486622452735901,0.002537246560677886,-0.4538116157054901,-0.10200760513544083,0.18025386333465576,-0.47301819920539856,-0.1348782330751419,0.19009269773960114,-0.35937830805778503,-0.11339762061834335,0.15407268702983856,-0.27396678924560547,-0.0870032086968422
Left,C,0.0,0.0,0.0,-0.0452391691505909,-0.22229228913784027,0.016889777034521103,-0.013737988658249378,-0.4160240590572357,0.009057970717549324,0.0689428299665451,-0.4965103268623352,-0.0069243223406374454,0.15757161378860474,-0.4831734001636505,-0.023258209228515625,-0.005172955337911844,-0.5257568359375,-0.017986683174967766,0.030434921383857727,-0.7509469389915466,-0.03754561394453049,0.05760311335325241,-0.8898671865463257,-0.04907117784023285,0.07516239583492279,-0.9953988194465637,-0.05942823737859726,0.08341017365455627,-0.4919680953025818,-0.04473457857966423,0.19075925648212433,-0.5501054525375366,-0.07236246019601822,0.1850370466709137,-0.4638828933238983,-0.07175423204898834,0.14962361752986908,-0.4037138819694519,-0.06636492162942886,0.171266570687294,-0.42184051871299744,-0.06744853407144547,0.2583409547805786,-0.46388980746269226,-0.07841078191995621,0.23988127708435059,-0.39881664514541626,-0.052359096705913544,0.20195749402046204,-0.3505866527557373,-0.03410566225647926,0.24819442629814148,-0.3437952995300293,-0.09093770384788513,0.3132990896701813,-0.381771445274353,-0.07823307067155838,0.29077279567718506,-0.32495272159576416,-0.042705900967121124,0.25780627131462097,-0.27895909547805786,-0.016307758167386055
Left,C,0.0,0.0,0.0,-0.08607880026102066,-0.19093026220798492,0.006399314850568771,-0.0798470675945282,-0.3798103928565979,0.005582261364907026,-0.015812141820788383,-0.4636206328868866,-0.0010482590878382325,0.04781888797879219,-0.4835859537124634,-0.007339619565755129,-0.03530987352132797,-0.5259972810745239,-0.005224622320383787,-0.022270578891038895,-0.7504594326019287,-0.023574285209178925,-0.00303838774561882,-0.8938005566596985,-0.03757340461015701,0.014306558296084404,-0.998672604560852,-0.049480825662612915,0.07308117300271988,-0.4997243285179138,-0.019478118047118187,0.0699002742767334,-0.5407825708389282,-0.04536750167608261,0.04895259439945221,-0.4658385217189789,-0.049767833203077316,0.03701227530837059,-0.40218400955200195,-0.04635012894868851,0.15305154025554657,-0.42881736159324646,-0.032232388854026794,0.13335056602954865,-0.44988885521888733,-0.051665086299180984,0.10930725187063217,-0.3892001509666443,-0.03887241706252098,0.09570106863975525,-0.3350166976451874,-0.02559450827538967,0.20913051068782806,-0.3518567681312561,-0.045347802340984344,0.18714764714241028,-0.3644512891769409,-0.049866270273923874,0.16268636286258698,-0.3154591917991638,-0.03026089444756508,0.1494189351797104,-0.2716318666934967,-0.010286884382367134
Left,C,0.0,0.0,0.0,-0.06036459282040596,-0.2036905437707901,0.0311580840498209,-0.03529161959886551,-0.3895820081233978,0.03809959813952446,0.04093474522233009,-0.4541390538215637,0.03685646876692772,0.11188872158527374,-0.4458233714103699,0.03335476666688919,0.0013203957350924611,-0.5322425961494446,0.002532953629270196,0.029340486973524094,-0.759597659111023,0.0050454833544790745,0.04918055236339569,-0.896260678768158,0.009353470988571644,0.06496470421552658,-0.99785315990448,0.008291062898933887,0.10371700674295425,-0.5074031352996826,-0.01828213781118393,0.17806503176689148,-0.5478515625,-0.016031915321946144,0.1512184590101242,-0.4639686644077301,-0.00464091869071126,0.11274177581071854,-0.4048098027706146,0.002625107765197754,0.19168365001678467,-0.43662121891975403,-0.033121831715106964,0.23481999337673187,-0.4566355347633362,-0.021731814369559288,0.20602397620677948,-0.3949233889579773,0.000709134095814079,0.17087815701961517,-0.34696468710899353,0.010751274414360523,0.25848498940467834,-0.3638063371181488,-0.04646090418100357,0.27526038885116577,-0.37469056248664856,-0.021051358431577682,0.2511807680130005,-0.3209034502506256,0.010377681814134121,0.2246352732181549,-0.279499351978302,0.03143559396266937
Left,C,0.0,0.0,0.0,0.01394860353320837,-0.18583229184150696,0.0324973426759243,0.05463963747024536,-0.3695760667324066,0.024813666939735413,0.13300128281116486,-0.4647752344608307,-0.0015314130578190088,0.19605916738510132,-0.5138314962387085,-0.02816331945359707,-0.004257925786077976,-0.5421750545501709,0.020449213683605194,0.07178177684545517,-0.7397745847702026,-0.006236950866878033,0.0914267897605896,-0.8780827522277832,-0.024163533002138138,0.09758065640926361,-0.9944108724594116,-0.040312767028808594,0.003566725179553032,-0.5428491830825806,-0.023103710263967514,0.23382920026779175,-0.6068997979164124,-0.07115182280540466,0.24522632360458374,-0.4929925203323364,-0.079281747341156,0.19491776823997498,-0.42873355746269226,-0.07464168965816498,0.04338814318180084,-0.49849462509155273,-0.06502353399991989,0.26452040672302246,-0.5302834510803223,-0.10000526905059814,0.2574823498725891,-0.41580474376678467,-0.08057542890310287,0.2041122168302536,-0.36907073855400085,-0.06166272237896919,0.09965074807405472,-0.43289563059806824,-0.10687810927629471,0.284127801656723,-0.4420703649520874,-0.11171033978462219,0.26832935214042664,-0.3427772521972656,-0.08436967432498932,0.21454916894435883,-0.2953910827636719,-0.06257916241884232
Left,C,0.0,0.0,0.0,0.14667034149169922,-0.09760785102844238,-0.03796090558171272,0.24702708423137665,-0.28098440170288086,-0.0465739443898201,0.25574061274528503,-0.4527623951435089,-0.061876311898231506,0.2214893400669098,-0.581326425075531,-0.07731529325246811,0.19626763463020325,-0.47778090834617615,0.0009982818737626076,0.24680449068546295,-0.7019369006156921,-0.04045366868376732,0.2700675427913666,-0.8340485692024231,-0.06367211788892746,0.28468945622444153,-0.9553697109222412,-0.07887143641710281,0.11240870505571365,-0.488791286945343,-0.011078656651079655,0.17039279639720917,-0.6481499671936035,-0.10330140590667725,0.18656212091445923,-0.47797301411628723,-0.12671150267124176,0.17680464684963226,-0.3309880495071411,-0.11424703896045685,0.02560606598854065,-0.47724461555480957,-0.030070237815380096,0.09151133894920349,-0.6203779578208923,-0.12882351875305176,0.10306642949581146,-0.4314856231212616,-0.1121717169880867,0.08680449426174164,-0.2846333086490631,-0.0679035484790802,-0.07098675519227982,-0.44724318385124207,-0.051886215806007385,0.002577076433226466,-0.5714684724807739,-0.12340756505727768,0.02080804482102394,-0.4406837821006775,-0.1058918759226799,0.003526790766045451,-0.32000648975372314,-0.07138374447822571
Left,C,0.0,0.0,0.0,0.13021743297576904,-0.0819769874215126,-0.0444180890917778,0.22408261895179749,-0.2515219449996948,-0.06565431505441666,0.22767502069473267,-0.4033114016056061,-0.0908425897359848,0.19113922119140625,-0.5115706324577332,-0.11595477163791656,0.1774216741323471,-0.46503961086273193,-0.03961118310689926,0.22319366037845612,-0.6967519521713257,-0.09441106766462326,0.24152635037899017,-0.834757387638092,-0.1254047453403473,0.2497914731502533,-0.9573218822479248,-0.14539280533790588,0.09099774062633514,-0.4660748839378357,-0.051147568970918655,0.1524742990732193,-0.5773486495018005,-0.15613344311714172,0.16493532061576843,-0.3939422369003296,-0.17614878714084625,0.1529626101255417,-0.25708624720573425,-0.1616295576095581,0.005564122460782528,-0.44246813654899597,-0.06837964802980423,0.06670325994491577,-0.5386776328086853,-0.16958241164684296,0.0761680081486702,-0.352897047996521,-0.14210613071918488,0.06119687855243683,-0.22474196553230286,-0.09298571944236755,-0.08755849301815033,-0.3962612748146057,-0.089382104575634,-0.022285791113972664,-0.4854876697063446,-0.15767768025398254,-0.00011989873746642843,-0.361191987991333,-0.13211070001125336,-0.011173846200108528,-0.2633219063282013,-0.09316691756248474
Left,C,0.0,0.0,0.0,0.13294470310211182,-0.16882938146591187,0.031443990767002106,0.3217887878417969,-0.26340964436531067,0.01309632696211338,0.47585880756378174,-0.22963471710681915,-0.024637499824166298,0.577004611492157,-0.15014514327049255,-0.06462326645851135,0.4403136372566223,-0.41439640522003174,-0.02215014398097992,0.6985230445861816,-0.3187296390533447,-0.07824195921421051,0.8391902446746826,-0.27766063809394836,-0.1125410720705986,0.9570342898368835,-0.2560676038265228,-0.13606882095336914,0.4038340151309967,-0.3751312792301178,-0.0716995969414711,0.6323136687278748,-0.07193559408187866,-0.1405371129512787,0.5395894646644592,-0.010077845305204391,-0.1444445699453354,0.45866042375564575,-0.058855731040239334,-0.13846361637115479,0.3635498583316803,-0.27212846279144287,-0.11912346631288528,0.5702387094497681,0.028290560469031334,-0.170807883143425,0.47038018703460693,0.06883148849010468,-0.14300836622714996,0.3999842405319214,0.01082511804997921,-0.11819500476121902,0.32705339789390564,-0.13647857308387756,-0.16635997593402863,0.48809516429901123,0.11521700024604797,-0.17709031701087952,0.40644386410713196,0.14885477721691132,-0.1420324146747589,0.34221357107162476,0.10189499706029892,-0.11389155685901642
Left,C,0.0,0.0,0.0,0.09016517549753189,-0.1700633019208908,0.01939942128956318,0.24208864569664001,-0.30622929334640503,-0.0030721041839569807,0.3785647749900818,-0.321595698595047,-0.04214944690465927,0.4668591618537903,-0.2957096993923187,-0.08208960294723511,0.31836235523223877,-0.47766196727752686,-0.026744531467556953,0.5378955602645874,-0.513179361820221,-0.08058926463127136,0.663098156452179,-0.5690014958381653,-0.11134205758571625,0.7609317302703857,-0.6347160339355469,-0.13460491597652435,0.2932651937007904,-0.4531347453594208,-0.0720442607998848,0.5238829255104065,-0.25578218698501587,-0.14675360918045044,0.45813095569610596,-0.16109402477741241,-0.1514187455177307,0.37981054186820984,-0.17137205600738525,-0.14361053705215454,0.2705400288105011,-0.3613464832305908,-0.11628512293100357,0.4882330000400543,-0.14663615822792053,-0.1780398041009903,0.4133269488811493,-0.073176808655262,-0.14773474633693695,0.34446290135383606,-0.10069520771503448,-0.1181858703494072,0.25339949131011963,-0.23440250754356384,-0.16125430166721344,0.4287169277667999,-0.04880271479487419,-0.18553131818771362,0.363192081451416,0.011967366561293602,-0.15440285205841064,0.2993071377277374,-0.010578654706478119,-0.12754712998867035
Left,C,0.0,0.0,0.0,0.16239237785339355,-0.09287651628255844,-0.0005460291285999119,0.25611355900764465,-0.2338109165430069,-0.01899152249097824,0.30358439683914185,-0.35153982043266296,-0.05236859992146492,0.3252924680709839,-0.4601990282535553,-0.08368568867444992,0.18813219666481018,-0.5130468606948853,-0.009500527754426003,0.27212756872177124,-0.6866710186004639,-0.05790015310049057,0.31169256567955017,-0.821063220500946,-0.08473725616931915,0.3327181041240692,-0.9373703598976135,-0.10312856733798981,0.12180378288030624,-0.5312978625297546,-0.045673906803131104,0.318340927362442,-0.516882598400116,-0.12756937742233276,0.3430500626564026,-0.3467608392238617,-0.13350294530391693,0.3141171634197235,-0.23332159221172333,-0.1158982664346695,0.07309062778949738,-0.503448486328125,-0.08545013517141342,0.27905702590942383,-0.46047645807266235,-0.16094747185707092,0.2796390950679779,-0.2957463562488556,-0.13113397359848022,0.24188880622386932,-0.19723418354988098,-0.09041023999452591,0.040452804416418076,-0.43762800097465515,-0.12828700244426727,0.21713921427726746,-0.3848494589328766,-0.17492884397506714,0.21645991504192352,-0.2631397843360901,-0.15182797610759735,0.17509731650352478,-0.18690969049930573,-0.12076210975646973
Left,C,0.0,0.0,0.0,-0.04394831880927086,-0.2056063413619995,0.014880234375596046,-0.016548994928598404,-0.39422476291656494,0.0068386453203856945,0.06463903933763504,-0.47362270951271057,-0.009456487372517586,0.14773817360401154,-0.46494391560554504,-0.026304349303245544,-0.007635351270437241,-0.5160254836082458,-0.018806207925081253,0.029541892930865288,-0.7477015256881714,-0.04149927571415901,0.05893572419881821,-0.8882884383201599,-0.05556170642375946,0.07863771170377731,-0.9946393966674805,-0.06714697182178497,0.08055443316698074,-0.49660176038742065,-0.04515465348958969,0.19505630433559418,-0.5481098890304565,-0.07440537959337234,0.19237740337848663,-0.46385708451271057,-0.0758858472108841,0.1565282791852951,-0.4134461581707001,-0.07151960581541061,0.16721318662166595,-0.4379902184009552,-0.06795140355825424,0.25778406858444214,-0.4622213542461395,-0.08224805444478989,0.23981119692325592,-0.39425721764564514,-0.05933097004890442,0.20167939364910126,-0.35643211007118225,-0.0430196113884449,0.24318428337574005,-0.3677033483982086,-0.09158316254615784,0.31388965249061584,-0.384919673204422,-0.08239269256591797,0.2886034846305847,-0.3198159635066986,-0.048744380474090576,0.2515365779399872,-0.27851468324661255,-0.023251131176948547
Left,C,0.0,0.0,0.0,0.17348209023475647,0.07147486507892609,0.02941862866282463,0.2902871370315552,0.27165210247039795,0.011206058785319328,0.3083421587944031,0.4637276828289032,-0.019567230716347694,0.28928548097610474,0.6012406349182129,-0.05122265964746475,0.3960892856121063,0.3374119699001312,-0.04092378541827202,0.38073304295539856,0.6394469738006592,-0.08546006679534912,0.3583308160305023,0.8034312725067139,-0.11324936151504517,0.3435215353965759,0.9298698306083679,-0.1316627860069275,0.32265353202819824,0.3436328172683716,-0.08374705910682678,0.25494763255119324,0.6525887250900269,-0.12355581670999527,0.20589891076087952,0.5813685655593872,-0.1167355552315712,0.21173764765262604,0.4911264479160309,-0.11061558127403259,0.22183702886104584,0.35072728991508484,-0.12260837107896805,0.16079212725162506,0.6401280760765076,-0.1488126516342163,0.11774083971977234,0.5571749210357666,-0.1125858724117279,0.12446960806846619,0.4670736491680145,-0.08767017722129822,0.11360005289316177,0.35552912950515747,-0.16049735248088837,0.07067089527845383,0.6065115332603455,-0.15497779846191406,0.038645729422569275,0.5376236438751221,-0.1127229556441307,0.044898390769958496,0.44626718759536743,-0.08337055891752243
Left,C,0.0,0.0,0.0,0.10486012697219849,-0.19744156301021576,0.03334689885377884,0.27403607964515686,-0.32465413212776184,0.02027159370481968,0.4270303249359131,-0.32129108905792236,-0.01055814791470766,0.5382634997367859,-0.2687035799026489,-0.042897384613752365,0.37598490715026855,-0.4763444662094116,-0.007342050783336163,0.6189943552017212,-0.46469250321388245,-0.04974939301609993,0.7551903128623962,-0.4722622334957123,-0.07366234809160233,0.8648472428321838,-0.49364081025123596,-0.09142214059829712,0.37329086661338806,-0.4294803738594055,-0.05439692363142967,0.6092504858970642,-0.20505912601947784,-0.11274707317352295,0.5310220122337341,-0.12578119337558746,-0.1142425388097763,0.44895970821380615,-0.15721574425697327,-0.1052364632487297,0.3652179539203644,-0.32091808319091797,-0.09902001172304153,0.5613765716552734,-0.09339361637830734,-0.1392446756362915,0.4750959575176239,-0.041264601051807404,-0.11283933371305466,0.4052184820175171,-0.08952132612466812,-0.08997777104377747,0.35431039333343506,-0.18310385942459106,-0.14340266585350037,0.497146338224411,0.004290859214961529,-0.14721854031085968,0.4246273338794708,0.04584754630923271,-0.11542840301990509,0.36321237683296204,0.005714178550988436,-0.09010803699493408
Left,C,0.0,0.0,0.0,0.16069041192531586,-0.10844273120164871,0.011165782809257507,0.26307281851768494,-0.261499285697937,-0.0007973933243192732,0.3301328420639038,-0.37863925099372864,-0.031221505254507065,0.37639787793159485,-0.4842396676540375,-0.06091542914509773,0.18260608613491058,-0.5317411422729492,0.017240114510059357,0.2620088458061218,-0.7013317346572876,-0.026357576251029968,0.29963362216949463,-0.831710696220398,-0.05231867730617523,0.31921467185020447,-0.9450300931930542,-0.0708528459072113,0.1187732070684433,-0.5477380752563477,-0.024585749953985214,0.31214240193367004,-0.5439209342002869,-0.10659586638212204,0.3442002534866333,-0.36459973454475403,-0.11788126081228256,0.3212214708328247,-0.2448320984840393,-0.10290268063545227,0.0713256448507309,-0.5184434056282043,-0.06967712193727493,0.27369511127471924,-0.48962971568107605,-0.15066546201705933,0.2716274559497833,-0.3108119070529938,-0.12402456998825073,0.23200002312660217,-0.20456728339195251,-0.08245687931776047,0.03752598166465759,-0.4523870050907135,-0.11592461913824081,0.20891468226909637,-0.4190949499607086,-0.16742867231369019,0.20880241692066193,-0.2848800718784332,-0.1440497487783432,0.16901777684688568,-0.1993800550699234,-0.11091183125972748
Left,C,0.0,0.0,0.0,-0.03336001932621002,-0.21495339274406433,0.02163286693394184,-0.001194519572891295,-0.4091777205467224,0.015082473866641521,0.084317646920681,-0.48724669218063354,-0.0015712600434198976,0.1752384603023529,-0.4735073149204254,-0.019029803574085236,-0.0012534767156466842,-0.5298352837562561,-0.013317343778908253,0.05688375607132912,-0.7467378973960876,-0.03517213091254234,0.08496662974357605,-0.8817189335823059,-0.04804489016532898,0.10339876264333725,-0.9927942752838135,-0.06056513637304306,0.07893472909927368,-0.5016915202140808,-0.04402032867074013,0.21637806296348572,-0.56309574842453,-0.06982097029685974,0.21651257574558258,-0.47628021240234375,-0.06809170544147491,0.18130668997764587,-0.42603543400764465,-0.06401510536670685,0.16303959488868713,-0.4351503551006317,-0.07075247913599014,0.2775566577911377,-0.4699212312698364,-0.08051349222660065,0.26022472977638245,-0.39851057529449463,-0.05224505066871643,0.21907398104667664,-0.35889390110969543,-0.03456093743443489,0.2390843778848648,-0.356283038854599,-0.09848065674304962,0.3256792426109314,-0.38565748929977417,-0.0870552659034729,0.30198296904563904,-0.3207145631313324,-0.05200137197971344,0.26306581497192383,-0.28047212958335876,-0.027233093976974487
Left,C,0.0,0.0,0.0,0.0029363452922552824,-0.2939148247241974,0.021159308031201363,0.10840438306331635,-0.5134547352790833,0.012342570349574089,0.24993029236793518,-0.6038360595703125,-0.0030506218317896128,0.3729400336742401,-0.6016722917556763,-0.01978668011724949,0.20922121405601501,-0.5811786651611328,-0.045191943645477295,0.4619048833847046,-0.6622297763824463,-0.06714513152837753,0.6032196283340454,-0.6840981245040894,-0.07624653726816177,0.7128774523735046,-0.696369469165802,-0.08291690051555634,0.28419309854507446,-0.44362860918045044,-0.06981737166643143,0.48879504203796387,-0.49033570289611816,-0.09041387587785721,0.43694135546684265,-0.4397018849849701,-0.07232755422592163,0.36018165946006775,-0.3980647623538971,-0.05722568556666374,0.3409275412559509,-0.2906530797481537,-0.08768126368522644,0.5083793997764587,-0.3568096458911896,-0.08882604539394379,0.4593471884727478,-0.3191825747489929,-0.04178697615861893,0.3847532570362091,-0.2786419987678528,-0.011896264739334583,0.3756939768791199,-0.1451566070318222,-0.10477908700704575,0.5087562203407288,-0.2297406941652298,-0.08423703908920288,0.47045546770095825,-0.2064308524131775,-0.033441074192523956,0.40736329555511475,-0.16995827853679657,0.003219146281480789
Left,C,0.0,0.0,0.0,-0.039234958589076996,-0.2032785266637802,0.033807914704084396,-0.020055416971445084,-0.40935957431793213,0.039903730154037476,0.019332759082317352,-0.5527617931365967,0.0359991192817688,0.031370170414447784,-0.6560065150260925,0.03169979900121689,0.033440880477428436,-0.5453292727470398,-0.0002922586863860488,0.10512465238571167,-0.7540110945701599,-0.007180736865848303,0.14143653213977814,-0.8846416473388672,-0.009805012494325638,0.15951019525527954,-0.9870812296867371,-0.015070498920977116,0.10119407624006271,-0.5173897743225098,-0.03127357363700867,0.25606203079223633,-0.5464904308319092,-0.04257288575172424,0.2555026710033417,-0.45739731192588806,-0.035524267703294754,0.21498194336891174,-0.4138752222061157,-0.03016018681228161,0.17583365738391876,-0.4455144703388214,-0.0565144345164299,0.31122270226478577,-0.4509337246417999,-0.056844644248485565,0.2971320152282715,-0.3751195967197418,-0.028606534004211426,0.2567380964756012,-0.33946362137794495,-0.014217057265341282,0.24401813745498657,-0.35640624165534973,-0.08082924038171768,0.34793275594711304,-0.3593394160270691,-0.06856805831193924,0.3234550654888153,-0.29298219084739685,-0.03706807643175125,0.2812693417072296,-0.2572735548019409,-0.014699439518153667
Left,C,0.0,0.0,0.0,0.14171722531318665,-0.1637631207704544,0.0314943790435791,0.19969037175178528,-0.3318212330341339,0.03264504671096802,0.2278841733932495,-0.4625602662563324,0.010218735784292221,0.24608993530273438,-0.5827106237411499,-0.010749110952019691,0.06943871825933456,-0.5621169805526733,0.05528189614415169,0.1329667866230011,-0.7395579218864441,0.022605469450354576,0.15478764474391937,-0.8731995820999146,0.00048354262253269553,0.16355806589126587,-0.9863972663879395,-0.01640298403799534,0.022522982209920883,-0.5682461857795715,0.00846096407622099,0.21413983404636383,-0.6408313512802124,-0.06095490977168083,0.275948703289032,-0.4917782247066498,-0.07103430479764938,0.27323591709136963,-0.3654083013534546,-0.05835532769560814,-0.0004897486651316285,-0.5440967679023743,-0.042023271322250366,0.21507029235363007,-0.5889618992805481,-0.10968050360679626,0.24125927686691284,-0.4220882058143616,-0.08719591796398163,0.21555759012699127,-0.29377007484436035,-0.051611196249723434,-0.006803175900131464,-0.49231091141700745,-0.09282325208187103,0.17921259999275208,-0.5187395215034485,-0.13241983950138092,0.19580915570259094,-0.3986474275588989,-0.11283987760543823,0.1602904200553894,-0.30005770921707153,-0.08592883497476578
Left,C,0.0,0.0,0.0,0.13312755525112152,-0.10429748892784119,-0.04166964814066887,0.21615688502788544,-0.2804296314716339,-0.05748562887310982,0.2323288768529892,-0.4346005916595459,-0.07990626990795135,0.21006134152412415,-0.5552445650100708,-0.10127050429582596,0.15842947363853455,-0.48470842838287354,-0.013839812017977238,0.19142387807369232,-0.7158735394477844,-0.06134883686900139,0.20457497239112854,-0.849029004573822,-0.0863049104809761,0.2074357122182846,-0.9729381203651428,-0.10179322212934494,0.08428206294775009,-0.4829561710357666,-0.0251147523522377,0.13803909718990326,-0.62163907289505,-0.1243792399764061,0.15952369570732117,-0.44874903559684753,-0.1457507461309433,0.1554502695798874,-0.3087402880191803,-0.13075804710388184,0.009331975132226944,-0.46294349431991577,-0.043691717088222504,0.0743652805685997,-0.580919086933136,-0.14644449949264526,0.08883485943078995,-0.39874327182769775,-0.12776480615139008,0.07891768962144852,-0.26122888922691345,-0.08133075386285782,-0.07239044457674026,-0.425955206155777,-0.06566593796014786,-6.388651672750711e-05,-0.5267828702926636,-0.1394498348236084,0.02096582017838955,-0.4008784294128418,-0.12316606938838959,0.010593650862574577,-0.2877878248691559,-0.0885472521185875
Left,C,0.0,0.0,0.0,0.08454408496618271,-0.16621796786785126,0.05023939535021782,0.14102929830551147,-0.3316150903701782,0.054742954671382904,0.20124410092830658,-0.4374883770942688,0.03833053633570671,0.2360023558139801,-0.5181280970573425,0.02304406464099884,0.060141678899526596,-0.5532732605934143,0.0449116975069046,0.15354979038238525,-0.7303754091262817,0.02436084859073162,0.1886402815580368,-0.863008439540863,0.009483439847826958,0.2055424004793167,-0.978640079498291,-0.003984101116657257,0.051712874323129654,-0.5606335997581482,-0.0027495964895933867,0.28618475794792175,-0.6069341897964478,-0.043195176869630814,0.3041558563709259,-0.4720620810985565,-0.0445169098675251,0.25984665751457214,-0.38858848810195923,-0.035082895308732986,0.07531614601612091,-0.520341694355011,-0.04839504882693291,0.30377519130706787,-0.5285618305206299,-0.07987938821315765,0.2977015972137451,-0.39347949624061584,-0.05523690581321716,0.24947410821914673,-0.3216572403907776,-0.03152502328157425,0.12148863077163696,-0.45342710614204407,-0.09233887493610382,0.31018608808517456,-0.4444226920604706,-0.09606590121984482,0.2944760322570801,-0.33552852272987366,-0.06725112348794937,0.24300798773765564,-0.2736871838569641,-0.043527618050575256
Left,C,0.0,0.0,0.0,-0.04660962522029877,-0.2061784267425537,0.019636673852801323,-0.019581161439418793,-0.4004264175891876,0.016794105991721153,0.06250600516796112,-0.47857865691185,0.005951351020485163,0.14492125809192657,-0.4607025980949402,-0.005381318274885416,-0.005295685958117247,-0.5273220539093018,-0.012011646293103695,0.04113847389817238,-0.7503499984741211,-0.027847468852996826,0.06671309471130371,-0.8882349729537964,-0.03720450773835182,0.08251827210187912,-0.9954754114151001,-0.04711170867085457,0.08159684389829636,-0.5078157782554626,-0.03649042174220085,0.2020595818758011,-0.5586870312690735,-0.051716409623622894,0.20224463939666748,-0.4773947298526764,-0.04620688408613205,0.1706387847661972,-0.4273988604545593,-0.041164785623550415,0.16702234745025635,-0.4451802372932434,-0.05695803835988045,0.2580813467502594,-0.4689244031906128,-0.05737872049212456,0.24248488247394562,-0.40452611446380615,-0.03063069097697735,0.20760993659496307,-0.363986998796463,-0.01603054441511631,0.24050366878509521,-0.3703802525997162,-0.07844191044569016,0.30582383275032043,-0.3847848176956177,-0.05994182825088501,0.2823621928691864,-0.32537880539894104,-0.025781963020563126,0.2486792653799057,-0.28574177622795105,-0.0025689704343676567
Left,C,0.0,0.0,0.0,0.17260928452014923,-0.12049085646867752,0.030250562354922295,0.24711370468139648,-0.2681933641433716,0.02856580540537834,0.29809004068374634,-0.37042269110679626,0.006002107635140419,0.32565394043922424,-0.4514487683773041,-0.012589756399393082,0.10257042944431305,-0.5622442960739136,0.05238419026136398,0.2067323476076126,-0.7196789979934692,0.030291574075818062,0.2413417398929596,-0.8482183814048767,0.008522644639015198,0.25759798288345337,-0.9661688208580017,-0.012692405842244625,0.08736837655305862,-0.5671416521072388,0.008620490320026875,0.3280136287212372,-0.5621348023414612,-0.048356737941503525,0.32297825813293457,-0.42839157581329346,-0.06679507344961166,0.26029327511787415,-0.3631262481212616,-0.06674227863550186,0.10811006277799606,-0.52752685546875,-0.035814154893159866,0.3478953540325165,-0.4895690083503723,-0.07985769957304001,0.3210139274597168,-0.3576253354549408,-0.0684492215514183,0.25817158818244934,-0.299498051404953,-0.05191153660416603,0.15441611409187317,-0.463768869638443,-0.08106567710638046,0.352103590965271,-0.41244861483573914,-0.0946747288107872,0.32920464873313904,-0.30480751395225525,-0.07693301141262054,0.27435508370399475,-0.25112760066986084,-0.060565561056137085
Left,C,0.0,0.0,0.0,0.13776105642318726,-0.10307864099740982,-0.033351197838783264,0.23327651619911194,-0.2812774181365967,-0.04532733932137489,0.2556484043598175,-0.4412229657173157,-0.0666491836309433,0.25531327724456787,-0.5705749988555908,-0.08530215919017792,0.1618608832359314,-0.5053091049194336,0.0030116140842437744,0.20280489325523376,-0.720822811126709,-0.043439287692308426,0.2234724760055542,-0.8518943786621094,-0.06873998045921326,0.2349669188261032,-0.9682871103286743,-0.08491573482751846,0.0933656096458435,-0.5089336037635803,-0.014116731472313404,0.19773675501346588,-0.6194591522216797,-0.11029879748821259,0.2309703826904297,-0.45514214038848877,-0.13182571530342102,0.22407421469688416,-0.3238844573497772,-0.1183917373418808,0.02467566728591919,-0.4941732883453369,-0.0396602489054203,0.1387900710105896,-0.5688318610191345,-0.14555656909942627,0.14634764194488525,-0.3827400803565979,-0.13082198798656464,0.12210553139448166,-0.2534605860710144,-0.08708041906356812,-0.04916789382696152,-0.46095359325408936,-0.06784687936306,0.06329803168773651,-0.5215705633163452,-0.14469046890735626,0.07483574748039246,-0.3881368935108185,-0.13144345581531525,0.04823509603738785,-0.2801970839500427,-0.0992555320262909
Left,C,0.0,0.0,0.0,0.15036122500896454,-0.15030132234096527,0.03245934098958969,0.20912699401378632,-0.3070965111255646,0.03178319334983826,0.25157302618026733,-0.4196171760559082,0.012153326533734798,0.2783925533294678,-0.5089966654777527,-0.003953772597014904,0.08773522824048996,-0.5608566403388977,0.03736941143870354,0.1854785829782486,-0.7217930555343628,0.013307918794453144,0.21796388924121857,-0.8544340133666992,-0.004256568383425474,0.2340599149465561,-0.9720073342323303,-0.020433394238352776,0.06520587205886841,-0.5661190748214722,-0.0038112755864858627,0.31234481930732727,-0.5889662504196167,-0.058736398816108704,0.32488951086997986,-0.44571876525878906,-0.06566842645406723,0.2763667106628418,-0.35139116644859314,-0.05602402240037918,0.07913880050182343,-0.5264666080474854,-0.04510266333818436,0.3225467801094055,-0.5056083798408508,-0.08964630961418152,0.3091953992843628,-0.3688490390777588,-0.07033269852399826,0.2548190951347351,-0.28697407245635986,-0.046261049807071686,0.11683493107557297,-0.4612227976322174,-0.08657775074243546,0.31749874353408813,-0.42500385642051697,-0.10292745381593704,0.30317604541778564,-0.3148314654827118,-0.08320731669664383,0.25051969289779663,-0.2482917159795761,-0.06354161351919174
Left,C,0.0,0.0,0.0,-0.04385031387209892,-0.2154744267463684,0.017247028648853302,-0.0091957226395607,-0.40028953552246094,0.015046442858874798,0.07446582615375519,-0.4707871973514557,0.005509242415428162,0.161150261759758,-0.45013776421546936,-0.005173963028937578,0.015133031643927097,-0.5139960646629333,-0.01536177471280098,0.0665876716375351,-0.7401853203773499,-0.029941292479634285,0.09373702853918076,-0.8822091817855835,-0.037187959998846054,0.11217782646417618,-0.9926392436027527,-0.04564555734395981,0.10599040985107422,-0.4857832193374634,-0.03787636011838913,0.20771290361881256,-0.5470232963562012,-0.05383557826280594,0.19644573330879211,-0.47218701243400574,-0.04848332330584526,0.16202738881111145,-0.4173969030380249,-0.04293547943234444,0.1908390372991562,-0.41628924012184143,-0.05610252171754837,0.2627098560333252,-0.45331335067749023,-0.056432370096445084,0.240339457988739,-0.3956753611564636,-0.030127359554171562,0.20410995185375214,-0.35128048062324524,-0.015524296090006828,0.2594086825847626,-0.3374791443347931,-0.07549526542425156,0.30085381865501404,-0.3583854138851166,-0.05859098583459854,0.27609217166900635,-0.3077486753463745,-0.02615027315914631,0.24642306566238403,-0.2682105302810669,-0.0036190226674079895
Left,C,0.0,0.0,0.0,0.15109513700008392,-0.13485318422317505,-0.0050416430458426476,0.24573829770088196,-0.31187182664871216,-0.011449561454355717,0.2981051802635193,-0.4588976800441742,-0.03558893874287605,0.3381047546863556,-0.585882306098938,-0.05523042008280754,0.1347932517528534,-0.5338336229324341,0.04179298132658005,0.1928933709859848,-0.7252983450889587,-0.004067727830260992,0.22260335087776184,-0.8541372418403625,-0.03000234067440033,0.24257342517375946,-0.9689939022064209,-0.04700000211596489,0.07739690691232681,-0.5449525117874146,0.007435241248458624,0.24154120683670044,-0.6377290487289429,-0.08976127207279205,0.2835293412208557,-0.4672791361808777,-0.10975629836320877,0.2720772325992584,-0.33367016911506653,-0.09399447590112686,0.027797823771834373,-0.5368105173110962,-0.03591437637805939,0.20570126175880432,-0.5849739909172058,-0.13783973455429077,0.21352502703666687,-0.39982321858406067,-0.12301094830036163,0.17930907011032104,-0.27596724033355713,-0.0795150175690651,-0.016410324722528458,-0.5032078623771667,-0.0811929926276207,0.14510421454906464,-0.5324578285217285,-0.1460302472114563,0.15278063714504242,-0.4077233374118805,-0.13252007961273193,0.11149045079946518,-0.31221985816955566,-0.10231602191925049
Left,C,0.0,0.0,0.0,0.13572700321674347,-0.10375301539897919,-0.039685655385255814,0.21771329641342163,-0.29555919766426086,-0.04906900227069855,0.2181861698627472,-0.46012425422668457,-0.06360618025064468,0.1824960559606552,-0.5773623585700989,-0.07824401557445526,0.15645641088485718,-0.4925597608089447,-0.006277606822550297,0.19187603890895844,-0.7186622619628906,-0.0455053485929966,0.20641574263572693,-0.8515489101409912,-0.06675810366868973,0.2125607132911682,-0.9737361669540405,-0.08158311247825623,0.07303109765052795,-0.48825299739837646,-0.017182789742946625,0.11107857525348663,-0.6433155536651611,-0.10791502147912979,0.1390300691127777,-0.4787367284297943,-0.12934650480747223,0.14324283599853516,-0.33687394857406616,-0.11654918640851974,-0.00936953816562891,-0.4600260853767395,-0.034591276198625565,0.03938911110162735,-0.5911157727241516,-0.13119946420192719,0.07012985646724701,-0.4157169759273529,-0.11530562490224838,0.07052869349718094,-0.28067445755004883,-0.07329422980546951,-0.09793202579021454,-0.4114072620868683,-0.05480586737394333,-0.03673049062490463,-0.5340027809143066,-0.12446104735136032,-0.007543186657130718,-0.4130595922470093,-0.10771705210208893,-0.012947679497301579,-0.300985187292099,-0.07506804913282394
Left,C,0.0,0.0,0.0,0.13334478437900543,-0.18093658983707428,0.034157317131757736,0.16820043325424194,-0.3538125157356262,0.03603147715330124,0.186801940202713,-0.4813998341560364,0.0173342227935791,0.18960809707641602,-0.5961622595787048,0.0002712179848458618,0.03254179656505585,-0.5663976073265076,0.036654889583587646,0.12294968217611313,-0.7332848310470581,0.0009262972744181752,0.1522272527217865,-0.8686318397521973,-0.024729488417506218,0.1636308878660202,-0.9854809641838074,-0.045302614569664,-0.0035320271272212267,-0.5636323690414429,-0.008119071833789349,0.2351418286561966,-0.6172354817390442,-0.07761446386575699,0.2692291736602783,-0.46290695667266846,-0.08686135709285736,0.23518796265125275,-0.3549601137638092,-0.07525938749313354,0.0003392293583601713,-0.5257334113121033,-0.05416339635848999,0.23782393336296082,-0.5464970469474792,-0.11352919787168503,0.2418900430202484,-0.3943508267402649,-0.09125708043575287,0.19552576541900635,-0.3018323481082916,-0.06088829040527344,0.027455376461148262,-0.4665323793888092,-0.10038995742797852,0.22178788483142853,-0.4638541042804718,-0.12889035046100616,0.22038182616233826,-0.34860923886299133,-0.10873503983020782,0.17168638110160828,-0.27924349904060364,-0.0858914852142334
Left,C,0.0,0.0,0.0,0.1288147121667862,-0.15903933346271515,0.012823019176721573,0.16126184165477753,-0.32782959938049316,0.00221838615834713,0.17836467921733856,-0.45339643955230713,-0.0227449182420969,0.18771220743656158,-0.5565056800842285,-0.04609378054738045,0.028800150379538536,-0.545813798904419,-0.0012639480410143733,0.11104501783847809,-0.7228548526763916,-0.041071534156799316,0.13658468425273895,-0.8636767268180847,-0.06932375580072403,0.14170080423355103,-0.9856571555137634,-0.09165582060813904,-0.005065849982202053,-0.5421608686447144,-0.03565153852105141,0.2218402624130249,-0.6104690432548523,-0.10244210064411163,0.2548902630805969,-0.47144654393196106,-0.1098317950963974,0.21807032823562622,-0.3670414090156555,-0.10013366490602493,0.0015787691809237003,-0.49932557344436646,-0.07090599834918976,0.22349610924720764,-0.543513298034668,-0.1286351978778839,0.2403719425201416,-0.41034969687461853,-0.10610023885965347,0.20513415336608887,-0.3159571588039398,-0.07832767814397812,0.03292660787701607,-0.43799933791160583,-0.10747203975915909,0.2159830927848816,-0.45593270659446716,-0.1363467276096344,0.2326584756374359,-0.347934365272522,-0.11573710292577744,0.20669929683208466,-0.2699086368083954,-0.09362471103668213
Left,C,0.0,0.0,0.0,-0.039566103368997574,-0.20210576057434082,0.025589119642972946,-0.020153697580099106,-0.40505895018577576,0.017453070729970932,0.05128656327724457,-0.5131125450134277,-0.0024891900829970837,0.1313900500535965,-0.5569279193878174,-0.02240891382098198,-0.04502783715724945,-0.5186063647270203,-0.014545653946697712,-0.017425602301955223,-0.7455984354019165,-0.04230140894651413,-0.004568877164274454,-0.8863309621810913,-0.059586457908153534,0.002284073270857334,-0.997308075428009,-0.07329010218381882,0.01641802489757538,-0.4939098060131073,-0.050115492194890976,0.17060403525829315,-0.587583065032959,-0.08635730296373367,0.18684910237789154,-0.4990634322166443,-0.08795690536499023,0.15473730862140656,-0.4423964321613312,-0.08376413583755493,0.09267549961805344,-0.43764665722846985,-0.08162274211645126,0.23258598148822784,-0.5181817412376404,-0.10143574327230453,0.22839415073394775,-0.4445183575153351,-0.07207608222961426,0.1904224455356598,-0.4005832374095917,-0.05125623568892479,0.1675661951303482,-0.3705325126647949,-0.11324138939380646,0.2782185673713684,-0.44163042306900024,-0.10609268397092819,0.26612234115600586,-0.3751458525657654,-0.06809007376432419,0.2292739301919937,-0.33080366253852844,-0.04043550789356232
Left,C,0.0,0.0,0.0,0.1305805891752243,-0.13033658266067505,-0.028098849579691887,0.20102238655090332,-0.3231218159198761,-0.03723570704460144,0.20019623637199402,-0.48701000213623047,-0.05681348592042923,0.16967611014842987,-0.6152167320251465,-0.07368892431259155,0.12820833921432495,-0.5117117166519165,0.009164349175989628,0.15823760628700256,-0.7309632897377014,-0.03601687774062157,0.17358246445655823,-0.8622651696205139,-0.059985704720020294,0.179470032453537,-0.9809108376502991,-0.07486226409673691,0.06146959960460663,-0.5095648765563965,-0.008922154083848,0.15461766719818115,-0.6340283751487732,-0.10319194197654724,0.1960599273443222,-0.46629786491394043,-0.12246467173099518,0.19288919866085052,-0.3300335705280304,-0.10739465802907944,-0.004591974895447493,-0.490986168384552,-0.03538420796394348,0.10142063349485397,-0.5872076749801636,-0.1376366913318634,0.1253223419189453,-0.40431076288223267,-0.12190059572458267,0.11034215241670609,-0.2709139287471771,-0.07767948508262634,-0.07705898582935333,-0.4550420343875885,-0.06429290026426315,0.03255670890212059,-0.5334191918373108,-0.13655130565166473,0.056231025606393814,-0.4100204110145569,-0.12302388995885849,0.03605666756629944,-0.30293768644332886,-0.09149602055549622
Left,C,0.0,0.0,0.0,0.10267418622970581,-0.172394260764122,0.02027316763997078,0.13360096514225006,-0.3441716730594635,0.011100240983068943,0.16055499017238617,-0.4589996933937073,-0.013891334645450115,0.17806220054626465,-0.5412495136260986,-0.036999814212322235,0.0027885823510587215,-0.5479384064674377,0.009570525959134102,0.07607148587703705,-0.7357979416847229,-0.027684425935149193,0.09592980146408081,-0.8716506958007812,-0.05504729598760605,0.09972787648439407,-0.9920582175254822,-0.07664830982685089,-0.01112071517854929,-0.5397254228591919,-0.02822720631957054,0.22401027381420135,-0.6092467904090881,-0.08736946433782578,0.2469257116317749,-0.4822063446044922,-0.09594262391328812,0.20347043871879578,-0.39938822388648987,-0.08986796438694,0.012785238213837147,-0.4935534596443176,-0.06649765372276306,0.243256077170372,-0.5316054224967957,-0.11208351701498032,0.24629051983356476,-0.40711694955825806,-0.0885658785700798,0.20211325585842133,-0.334685742855072,-0.0637781023979187,0.05979451537132263,-0.42926669120788574,-0.10606566816568375,0.2487030178308487,-0.44531765580177307,-0.12043897062540054,0.24907438457012177,-0.34419581294059753,-0.09498952329158783,0.20909591019153595,-0.2811710834503174,-0.07243026047945023
Left,C,0.0,0.0,0.0,0.03821983188390732,-0.18631611764431,0.026575149968266487,0.07460515946149826,-0.3740620017051697,0.019477441906929016,0.1371595561504364,-0.48078736662864685,-0.004709846805781126,0.18612882494926453,-0.542792558670044,-0.027843721210956573,-0.018225403502583504,-0.5541384816169739,0.026009071618318558,0.06358764320611954,-0.7481628656387329,-0.0012636330211535096,0.08572622388601303,-0.8815188407897949,-0.02079031616449356,0.093446284532547,-0.9949127435684204,-0.037637319415807724,-0.0075221918523311615,-0.5504689812660217,-0.014297348447144032,0.22537502646446228,-0.615479588508606,-0.0665445476770401,0.23723682761192322,-0.49656468629837036,-0.07572967559099197,0.1855166256427765,-0.423347145318985,-0.06964326649904251,0.033034972846508026,-0.5071889758110046,-0.05443551391363144,0.2549913823604584,-0.5373603105545044,-0.09244019538164139,0.2500021457672119,-0.4210980534553528,-0.07200171798467636,0.19936126470565796,-0.3666711747646332,-0.05018985643982887,0.08824953436851501,-0.4416258931159973,-0.09524119645357132,0.2713339924812317,-0.4472060799598694,-0.10203719884157181,0.25879967212677,-0.34618696570396423,-0.0750531256198883,0.2082415670156479,-0.29284676909446716,-0.052394889295101166
Left,C,0.0,0.0,0.0,-0.04481034725904465,-0.2142782211303711,0.016552509739995003,-0.0233197920024395,-0.4136085510253906,0.008379566483199596,0.05697216838598251,-0.5076714754104614,-0.00898702722042799,0.14751870930194855,-0.5237761735916138,-0.02533077634871006,-0.026512455195188522,-0.527421236038208,-0.017142271623015404,0.03218606114387512,-0.7533162236213684,-0.03878667578101158,0.06485841423273087,-0.8897452354431152,-0.04980124160647392,0.08539464324712753,-0.9945558905601501,-0.05971786379814148,0.05355336144566536,-0.49709007143974304,-0.04570101201534271,0.18841703236103058,-0.5779472589492798,-0.07541078329086304,0.19871045649051666,-0.5001657605171204,-0.07610488682985306,0.16951310634613037,-0.44445881247520447,-0.07192666828632355,0.13934428989887238,-0.43417802453041077,-0.07064218819141388,0.25408563017845154,-0.48825445771217346,-0.0852382704615593,0.24273426830768585,-0.4196173846721649,-0.05975599214434624,0.20487631857395172,-0.3722842335700989,-0.04200316593050957,0.21658770740032196,-0.36134588718414307,-0.09658845514059067,0.2985914349555969,-0.39648669958114624,-0.08980395644903183,0.279663622379303,-0.33632010221481323,-0.0579850859940052,0.2441747933626175,-0.29217758774757385,-0.033930569887161255
Left,C,0.0,0.0,0.0,0.1288120597600937,-0.18241001665592194,0.021133003756403923,0.16738536953926086,-0.35678330063819885,0.014153079129755497,0.18920175731182098,-0.4824722111225128,-0.009918584488332272,0.19879746437072754,-0.5779324769973755,-0.032148223370313644,0.03050680086016655,-0.5695874691009521,0.013621310703456402,0.11422578245401382,-0.7412633895874023,-0.023370953276753426,0.13777697086334229,-0.8724974393844604,-0.04957904666662216,0.14387106895446777,-0.9870268106460571,-0.07126731425523758,-0.008127198554575443,-0.564774751663208,-0.024509325623512268,0.2195475995540619,-0.6185187697410583,-0.0898439809679985,0.24477693438529968,-0.482284814119339,-0.09906062483787537,0.20395967364311218,-0.38705575466156006,-0.09108005464076996,-0.003027260070666671,-0.5200116634368896,-0.06368106603622437,0.22789859771728516,-0.5416517853736877,-0.11677344888448715,0.22982648015022278,-0.40789875388145447,-0.09703677147626877,0.18165872991085052,-0.3290758728981018,-0.07262086123228073,0.027068832889199257,-0.45494240522384644,-0.10439425706863403,0.22275368869304657,-0.4536091983318329,-0.1272388994693756,0.22241076827049255,-0.35035136342048645,-0.10974670201539993,0.17582030594348907,-0.2883170247077942,-0.09156101942062378
Left,C,0.0,0.0,0.0,0.12267150729894638,-0.13526420295238495,-0.032378681004047394,0.18298941850662231,-0.3300619423389435,-0.046280380338430405,0.1695191115140915,-0.49962568283081055,-0.06884001195430756,0.12200158834457397,-0.6221713423728943,-0.09053082764148712,0.11050325632095337,-0.5129444599151611,-0.0051378714852035046,0.1391168236732483,-0.7297447323799133,-0.04867897182703018,0.1567075401544571,-0.8640627861022949,-0.0753965824842453,0.16599877178668976,-0.9817437529563904,-0.0928630456328392,0.03715752810239792,-0.5039198398590088,-0.019298849627375603,0.10409635305404663,-0.6283295154571533,-0.1037902757525444,0.16407261788845062,-0.49280181527137756,-0.1276036947965622,0.18153096735477448,-0.3585183620452881,-0.12125476449728012,-0.03480072319507599,-0.47236788272857666,-0.040030740201473236,0.0496550090610981,-0.5731109976768494,-0.12771044671535492,0.09625091403722763,-0.4215109646320343,-0.11679980903863907,0.10083350539207458,-0.2871633470058441,-0.08243044465780258,-0.11065695434808731,-0.42060422897338867,-0.06402363628149033,-0.017533324658870697,-0.5125521421432495,-0.12889999151229858,0.032722629606723785,-0.4111224114894867,-0.11880683153867722,0.03981354832649231,-0.3006587326526642,-0.09252293407917023
Left,C,0.0,0.0,0.0,0.1138429269194603,-0.16941997408866882,0.009264317341148853,0.15486584603786469,-0.36055171489715576,-0.00043372350046411157,0.16635464131832123,-0.5049195885658264,-0.02390606701374054,0.16007299721240997,-0.6360837817192078,-0.04371021315455437,0.056552398949861526,-0.5578784942626953,0.010451501235365868,0.1650385558605194,-0.723888099193573,-0.029396377503871918,0.19867195188999176,-0.8575613498687744,-0.054161716252565384,0.21108689904212952,-0.9747195243835449,-0.0732412189245224,0.03821130469441414,-0.548250675201416,-0.022414013743400574,0.2844538986682892,-0.5753816962242126,-0.08704594522714615,0.2895624041557312,-0.45890969038009644,-0.09571337699890137,0.23649121820926666,-0.401443749666214,-0.08847750723361969,0.05408811196684837,-0.4960097372531891,-0.05800150707364082,0.29074525833129883,-0.48809248208999634,-0.11220642924308777,0.2824844717979431,-0.37767237424850464,-0.09262949228286743,0.2322225719690323,-0.3361569344997406,-0.06935641169548035,0.09288079291582108,-0.4209037125110626,-0.09546712040901184,0.28499865531921387,-0.39359912276268005,-0.11952415853738785,0.2692341208457947,-0.29980215430259705,-0.10155622661113739,0.21536479890346527,-0.26400789618492126,-0.08340393006801605
Left,C,0.0,0.0,0.0,-0.05380382761359215,-0.2219301015138626,0.01791183277964592,-0.02694370225071907,-0.4082489609718323,0.012547709979116917,0.05656023323535919,-0.49336543679237366,-0.0011361107463017106,0.1457955688238144,-0.49154555797576904,-0.015655945986509323,-0.007157043553888798,-0.5246356725692749,-0.013294249773025513,0.043736446648836136,-0.7542216181755066,-0.030581079423427582,0.08363431692123413,-0.8902820348739624,-0.03896143287420273,0.11124860495328903,-0.9926895499229431,-0.04681139066815376,0.0886126309633255,-0.4953993856906891,-0.03685401380062103,0.18646910786628723,-0.5640382766723633,-0.05746399611234665,0.17861410975456238,-0.4863594174385071,-0.05502312257885933,0.14480642974376678,-0.4290561378002167,-0.04981806129217148,0.1799614131450653,-0.4275148808956146,-0.05649062991142273,0.251787006855011,-0.46573391556739807,-0.06346528232097626,0.23022474348545074,-0.40608659386634827,-0.03990771621465683,0.19230160117149353,-0.3611961901187897,-0.024591069668531418,0.2557210922241211,-0.3506301939487457,-0.0765203908085823,0.3017129600048065,-0.372706800699234,-0.06234415993094444,0.2776665985584259,-0.3213280141353607,-0.030285781249403954,0.24463124573230743,-0.2805160880088806,-0.006510292645543814
Left,C,0.0,0.0,0.0,-0.05366700142621994,-0.23553751409053802,0.02850247733294964,-0.019305381923913956,-0.44656574726104736,0.033445779234170914,0.07278800010681152,-0.5255481004714966,0.02859213389456272,0.16812404990196228,-0.5084266066551208,0.02315443567931652,0.0036979536525905132,-0.5834431648254395,0.011106951162219048,0.1004229336977005,-0.7837945818901062,0.012181241065263748,0.16922377049922943,-0.8935911655426025,0.012767663225531578,0.22131676971912384,-0.9751659631729126,0.008381976746022701,0.10955271869897842,-0.5478782653808594,-0.013525743037462234,0.22449439764022827,-0.5947084426879883,-0.015418406575918198,0.2147001475095749,-0.5128462910652161,-0.011457592248916626,0.17635144293308258,-0.45217591524124146,-0.00881754420697689,0.21142373979091644,-0.47050192952156067,-0.03307460620999336,0.293250173330307,-0.5000038743019104,-0.02426135540008545,0.27342045307159424,-0.4335330128669739,-0.0041097598150372505,0.23489369451999664,-0.3805159032344818,0.005540334153920412,0.2962421774864197,-0.3845893144607544,-0.05215353146195412,0.3494047522544861,-0.4085747003555298,-0.028628885746002197,0.3288553059101105,-0.35173508524894714,0.001978316344320774,0.29671233892440796,-0.30120307207107544,0.023312287405133247
Left,C,0.0,0.0,0.0,-0.055539149791002274,-0.20306827127933502,0.012853092513978481,-0.032736118882894516,-0.39054134488105774,0.004520959686487913,0.045382410287857056,-0.48144227266311646,-0.011025877669453621,0.12721630930900574,-0.4934471845626831,-0.02673281729221344,-0.02635565586388111,-0.5044576525688171,-0.021315068006515503,0.003730815602466464,-0.7397822141647339,-0.04579741880297661,0.029187830165028572,-0.885091245174408,-0.059321194887161255,0.044923193752765656,-0.9965556859970093,-0.06970424205064774,0.06380923837423325,-0.4758698642253876,-0.045526329427957535,0.16829697787761688,-0.5685142874717712,-0.07667405903339386,0.1652117818593979,-0.48754701018333435,-0.07508069276809692,0.1286996304988861,-0.42464613914489746,-0.06741403788328171,0.1518125832080841,-0.4151096045970917,-0.06669417768716812,0.23651015758514404,-0.48116323351860046,-0.08216874301433563,0.22262148559093475,-0.4184041917324066,-0.05487573891878128,0.18532079458236694,-0.3686026632785797,-0.033818475902080536,0.22611656785011292,-0.3441736400127411,-0.0886097326874733,0.2886289954185486,-0.3979897201061249,-0.0803522914648056,0.27076849341392517,-0.3437471091747284,-0.04499652981758118,0.2399856597185135,-0.30018189549446106,-0.017312604933977127
Left,C,0.0,0.0,0.0,0.14713488519191742,-0.17307670414447784,0.048874784260988235,0.19721388816833496,-0.34202679991722107,0.0561058484017849,0.2292357087135315,-0.46923205256462097,0.038781918585300446,0.24288353323936462,-0.5761527419090271,0.021396923810243607,0.08660414814949036,-0.5642532110214233,0.05306118726730347,0.18185631930828094,-0.7316425442695618,0.024093404412269592,0.2182161808013916,-0.8592584729194641,0.0056029027327895164,0.23750720918178558,-0.9713419079780579,-0.009221498854458332,0.045587629079818726,-0.5626594424247742,0.0009307757136411965,0.26828905940055847,-0.603401243686676,-0.061281900852918625,0.2963724434375763,-0.4466628134250641,-0.0664077028632164,0.2630072236061096,-0.3408612012863159,-0.05196473002433777,0.038407102227211,-0.5239784121513367,-0.051739923655986786,0.2652908265590668,-0.5351375341415405,-0.10795909911394119,0.26929348707199097,-0.38283029198646545,-0.08482058346271515,0.22704985737800598,-0.29237088561058044,-0.053128670901060104,0.05418334901332855,-0.45891350507736206,-0.1029793992638588,0.2435813844203949,-0.45670732855796814,-0.13044600188732147,0.24761176109313965,-0.34225547313690186,-0.10892366617918015,0.20758597552776337,-0.2716332972049713,-0.08407208323478699
Left,C,0.0,0.0,0.0,-0.032422155141830444,-0.21526704728603363,0.020726442337036133,0.006549134384840727,-0.4151572585105896,0.01433985773473978,0.09312893450260162,-0.499138742685318,-0.0022020686883479357,0.18570488691329956,-0.4887898564338684,-0.019035253673791885,0.011828555725514889,-0.533538281917572,-0.013322156853973866,0.07644353061914444,-0.7484820485115051,-0.03391823545098305,0.11356639117002487,-0.8818190693855286,-0.04516124725341797,0.14003494381904602,-0.9885448813438416,-0.05629479140043259,0.08792825788259506,-0.49899300932884216,-0.04507463797926903,0.22690676152706146,-0.5631764531135559,-0.0729435533285141,0.22546683251857758,-0.47624602913856506,-0.07088354974985123,0.18908809125423431,-0.4214470386505127,-0.06542329490184784,0.1687058061361313,-0.42616334557533264,-0.07281606644392014,0.2856235206127167,-0.46511250734329224,-0.08255744725465775,0.2680026888847351,-0.3956516683101654,-0.05256957933306694,0.2281319499015808,-0.35480213165283203,-0.03331324830651283,0.2404119223356247,-0.33974340558052063,-0.10183465480804443,0.3300771415233612,-0.3757631480693817,-0.08807377517223358,0.30622246861457825,-0.31481748819351196,-0.050816673785448074,0.268679678440094,-0.27400654554367065,-0.024731067940592766
Left,D,0.0,0.0,0.0,0.10191743820905685,-0.0799008309841156,-0.06043991446495056,0.15493622422218323,-0.2643134891986847,-0.08165781944990158,0.12321607768535614,-0.4228384494781494,-0.10280831903219223,0.07580865174531937,-0.545739471912384,-0.11803171783685684,0.14355623722076416,-0.44837066531181335,-0.03394600376486778,0.20941458642482758,-0.6609566807746887,-0.07612799108028412,0.23996873199939728,-0.7792060375213623,-0.09559568017721176,0.2587181627750397,-0.8856624960899353,-0.10504286736249924,0.05980217829346657,-0.4618604779243469,-0.040735140442848206,0.07330590486526489,-0.7214099764823914,-0.09769408404827118,0.08672003448009491,-0.8673418760299683,-0.12265121191740036,0.09041186422109604,-0.9875767827033997,-0.12852124869823456,-0.024493958801031113,-0.42550233006477356,-0.05569862574338913,0.018044430762529373,-0.5719709992408752,-0.15186884999275208,0.05085035413503647,-0.4112883508205414,-0.15434537827968597,0.05621328577399254,-0.2943219542503357,-0.1247144415974617,-0.0963776707649231,-0.35847076773643494,-0.07394102960824966,-0.038825128227472305,-0.4197384715080261,-0.155934140086174,-0.00704646622762084,-0.30049315094947815,-0.15343211591243744,-0.005254501011222601,-0.20964762568473816,-0.1297578364610672
Left,D,0.0,0.0,0.0,-0.047413259744644165,-0.21197263896465302,0.02826574072241783,0.0024224838707596064,-0.3836349546909332,0.03151063621044159,0.10883601754903793,-0.45299485325813293,0.02718486450612545,0.1945502609014511,-0.46789708733558655,0.024606678634881973,0.021085254848003387,-0.5060256123542786,-0.01048778835684061,0.07394542545080185,-0.748262345790863,-0.020642323419451714,0.10482423007488251,-0.8867279291152954,-0.020219802856445312,0.12933728098869324,-0.9914445281028748,-0.01759338192641735,0.12130310386419296,-0.46394678950309753,-0.0352979451417923,0.23022525012493134,-0.7003350853919983,-0.0417337566614151,0.2955869138240814,-0.8401038646697998,-0.04910837858915329,0.3487609624862671,-0.9351930022239685,-0.05341000109910965,0.20120537281036377,-0.38452431559562683,-0.05303950235247612,0.29119208455085754,-0.5098615288734436,-0.054028529673814774,0.2509820759296417,-0.45398232340812683,-0.041155412793159485,0.2078211009502411,-0.38925614953041077,-0.02755475603044033,0.26130735874176025,-0.2896355092525482,-0.06896086782217026,0.2834729254245758,-0.32486873865127563,-0.05605392903089523,0.24511897563934326,-0.2857128977775574,-0.031122026965022087,0.21870115399360657,-0.24257488548755646,-0.008685864508152008
Left,D,0.0,0.0,0.0,0.11064539104700089,-0.07531469315290451,-0.062011703848838806,0.17379991710186005,-0.26590320467948914,-0.08182323724031448,0.14077064394950867,-0.43573424220085144,-0.10011578351259232,0.09710394591093063,-0.5625829696655273,-0.11162236332893372,0.17147718369960785,-0.4254812002182007,-0.037824101746082306,0.24956351518630981,-0.6425281167030334,-0.07578849047422409,0.2869063913822174,-0.759692907333374,-0.09158658236265182,0.31079715490341187,-0.8652915358543396,-0.09962740540504456,0.08577502518892288,-0.45086434483528137,-0.041788626462221146,0.10708656907081604,-0.7179466485977173,-0.09344884753227234,0.126593217253685,-0.8617265820503235,-0.1151430606842041,0.13407865166664124,-0.9835473895072937,-0.1210680827498436,-0.0021296602208167315,-0.4276669919490814,-0.053725555539131165,0.046928536146879196,-0.5839982032775879,-0.144831582903862,0.07138198614120483,-0.4183676242828369,-0.14757375419139862,0.06614067405462265,-0.30033791065216064,-0.1209825873374939,-0.08037282526493073,-0.3699239492416382,-0.06918306648731232,-0.012620029039680958,-0.4269847571849823,-0.1493922919034958,0.013282324187457561,-0.3094610571861267,-0.15066033601760864,0.006124695762991905,-0.22363358736038208,-0.13195130228996277
Left,D,0.0,0.0,0.0,0.12924538552761078,-0.07370439916849136,-0.036467138677835464,0.22122782468795776,-0.23504085838794708,-0.05283518508076668,0.23341050744056702,-0.3828204274177551,-0.0733656957745552,0.2261897623538971,-0.49783429503440857,-0.08852383494377136,0.22814461588859558,-0.4513548016548157,-0.031302664428949356,0.2971213459968567,-0.6771513819694519,-0.0734088122844696,0.3265683948993683,-0.8091980218887329,-0.08943478763103485,0.35315510630607605,-0.9304683208465576,-0.09752015024423599,0.14395755529403687,-0.4755074381828308,-0.04709528759121895,0.2194419801235199,-0.5831236243247986,-0.15425148606300354,0.21838918328285217,-0.40474432706832886,-0.1884651780128479,0.21006399393081665,-0.2708161175251007,-0.18136851489543915,0.05789778381586075,-0.4849693477153778,-0.06698871403932571,0.11049535870552063,-0.5979710221290588,-0.162710502743721,0.11981339007616043,-0.4259769022464752,-0.16531336307525635,0.11960483342409134,-0.30235493183135986,-0.1371389925479889,-0.031571242958307266,-0.47702449560165405,-0.08947497606277466,-0.0474352166056633,-0.6664899587631226,-0.13913869857788086,-0.04330098256468773,-0.7809959650039673,-0.144920215010643,-0.029984986409544945,-0.9038984179496765,-0.13719551265239716
Left,D,0.0,0.0,0.0,-0.07864779233932495,-0.19095689058303833,0.09992437064647675,-0.06705644726753235,-0.3588915467262268,0.15901345014572144,-0.002321776933968067,-0.4580076038837433,0.20974062383174896,0.07058382034301758,-0.47918930649757385,0.25554436445236206,-0.03794087469577789,-0.5143710970878601,0.0707562044262886,-0.02198556438088417,-0.7350503206253052,0.10779625177383423,-0.011299008503556252,-0.8774077296257019,0.12390801310539246,-0.001547674648463726,-0.9915574193000793,0.12965905666351318,0.06305164098739624,-0.4972260594367981,0.05109860375523567,0.12731485068798065,-0.5799735188484192,0.11416541785001755,0.11963576078414917,-0.4815169870853424,0.14104485511779785,0.09992325305938721,-0.42592939734458923,0.14717157185077667,0.15489228069782257,-0.44101566076278687,0.04497399926185608,0.1980951726436615,-0.5183998942375183,0.091220922768116,0.18106068670749664,-0.44163626432418823,0.11127432435750961,0.1586839258670807,-0.3971116542816162,0.11399013549089432,0.22974100708961487,-0.37895017862319946,0.051423970609903336,0.3027042746543884,-0.5495330691337585,0.0737103745341301,0.3478745222091675,-0.620058536529541,0.09042736887931824,0.37668460607528687,-0.687593936920166,0.10146921128034592
Left,D,0.0,0.0,0.0,-0.04803616181015968,-0.17439639568328857,0.1447029858827591,0.0033863482531160116,-0.324516624212265,0.19663415849208832,0.09508071094751358,-0.3979048430919647,0.23765195906162262,0.17132462561130524,-0.41834092140197754,0.2813943028450012,-0.018922418355941772,-0.48435312509536743,0.03125646710395813,0.041672512888908386,-0.5286655426025391,0.09231158345937729,0.05730825290083885,-0.459857702255249,0.14744587242603302,0.06434080749750137,-0.4118911623954773,0.17888130247592926,0.06377941370010376,-0.4589632451534271,-0.01743224635720253,0.12542250752449036,-0.6986467242240906,-0.014523375779390335,0.1517050415277481,-0.8665738701820374,-0.015400395728647709,0.17944927513599396,-0.9835137724876404,-0.022330399602651596,0.1353657841682434,-0.3976103663444519,-0.034397661685943604,0.2580142021179199,-0.6024361848831177,0.01395273394882679,0.2747272253036499,-0.6524065732955933,0.044096507132053375,0.27456578612327576,-0.676438570022583,0.051403652876615524,0.19871146976947784,-0.3300563097000122,-0.03419159725308418,0.2358085811138153,-0.40380197763442993,0.055040352046489716,0.19319534301757812,-0.353189617395401,0.11686877906322479,0.15988238155841827,-0.30570897459983826,0.14624492824077606
Left,D,0.0,0.0,0.0,-0.05245974287390709,-0.2146785408258438,0.04167614504694939,0.0004563118563964963,-0.37776634097099304,0.050158120691776276,0.1067877933382988,-0.4351691007614136,0.04790407791733742,0.19626671075820923,-0.4368942379951477,0.04721841588616371,0.003734341822564602,-0.4991133213043213,0.006260785274207592,0.03582858666777611,-0.7337011694908142,0.006244292948395014,0.05338584631681442,-0.8659704327583313,0.012864448130130768,0.07107339054346085,-0.9713953733444214,0.01601005531847477,0.09731386601924896,-0.4799564778804779,-0.026980165392160416,0.16433560848236084,-0.7282001376152039,-0.02703937701880932,0.2070283144712448,-0.8700573444366455,-0.035507578402757645,0.24765318632125854,-0.9678328633308411,-0.04435671120882034,0.1764344424009323,-0.4125502109527588,-0.05169191211462021,0.26919201016426086,-0.5226849317550659,-0.03988776355981827,0.23251008987426758,-0.46023887395858765,-0.02510044351220131,0.19145168364048004,-0.39761292934417725,-0.016559086740016937,0.238336443901062,-0.32508763670921326,-0.07480613887310028,0.25316566228866577,-0.3319137990474701,-0.05376622825860977,0.2167969048023224,-0.28668779134750366,-0.03153432160615921,0.19047856330871582,-0.24843084812164307,-0.015731999650597572
Left,D,0.0,0.0,0.0,0.11110784858465195,-0.08332306891679764,-0.06024632975459099,0.16931070387363434,-0.27685606479644775,-0.07506784051656723,0.15275974571704865,-0.44571593403816223,-0.08959031850099564,0.12335150688886642,-0.585831880569458,-0.0974256694316864,0.16260935366153717,-0.47454434633255005,-0.019550902768969536,0.23069314658641815,-0.6829546689987183,-0.05578542500734329,0.26274949312210083,-0.8020505905151367,-0.07537787407636642,0.28210923075675964,-0.9094627499580383,-0.08906051516532898,0.06828156113624573,-0.49437788128852844,-0.024239493533968925,0.07837198674678802,-0.7443786859512329,-0.07768658548593521,0.08634810149669647,-0.8815903663635254,-0.10638278722763062,0.08477595448493958,-0.9893741607666016,-0.11811775714159012,-0.023644879460334778,-0.460428386926651,-0.03812148794531822,0.003302343189716339,-0.6442295908927917,-0.13483455777168274,0.04809865728020668,-0.4992370903491974,-0.14837276935577393,0.06739679723978043,-0.3802904784679413,-0.12974707782268524,-0.09994880855083466,-0.38832443952560425,-0.05524159222841263,-0.046995993703603745,-0.440950483083725,-0.15146155655384064,-0.002243035240098834,-0.3260420262813568,-0.1673910915851593,0.015881041064858437,-0.2333768904209137,-0.1566830724477768
Left,D,0.0,0.0,0.0,0.11801249533891678,-0.06458830088376999,-0.057791583240032196,0.18981033563613892,-0.24844063818454742,-0.07228735089302063,0.14396144449710846,-0.4080822467803955,-0.08685414493083954,0.08967381715774536,-0.5263780355453491,-0.09445662051439285,0.17586679756641388,-0.4611545503139496,-0.017176952213048935,0.2450444996356964,-0.6639025807380676,-0.048696573823690414,0.2771953046321869,-0.7806856036186218,-0.06804915517568588,0.29579368233680725,-0.8876542448997498,-0.0834510549902916,0.08697172999382019,-0.48845675587654114,-0.024435877799987793,0.10015586018562317,-0.7476750016212463,-0.07252451032400131,0.115691639482975,-0.8790963888168335,-0.1013350859284401,0.1172768622636795,-0.9864005446434021,-0.11515310406684875,0.004140686243772507,-0.4574369490146637,-0.039766546338796616,0.03543587774038315,-0.6688522100448608,-0.12693987786769867,0.07691928744316101,-0.5225996375083923,-0.13272622227668762,0.0877191498875618,-0.4073265790939331,-0.11213121563196182,-0.06493319571018219,-0.38544437289237976,-0.0588177815079689,-0.0025153616443276405,-0.48575401306152344,-0.14316493272781372,0.030759500339627266,-0.3715054392814636,-0.14812029898166656,0.030851522460579872,-0.2735464572906494,-0.13289351761341095
Left,D,0.0,0.0,0.0,0.155876025557518,-0.18907226622104645,0.030031414702534676,0.33563047647476196,-0.2004275918006897,0.01610458269715309,0.4647500216960907,-0.10149111598730087,-0.009134936146438122,0.5350150465965271,0.02256075106561184,-0.03135831654071808,0.4315599501132965,-0.25120308995246887,-0.04501471295952797,0.6532108783721924,-0.30596137046813965,-0.08933061361312866,0.7967815399169922,-0.3564337491989136,-0.11748114228248596,0.9076038002967834,-0.3964197635650635,-0.13822680711746216,0.4446631669998169,-0.0997413620352745,-0.08752188831567764,0.693921685218811,0.012251051142811775,-0.1296747475862503,0.8500041961669922,0.07455430924892426,-0.1488107591867447,0.9663239121437073,0.1230543851852417,-0.16336685419082642,0.4182402193546295,0.05460713058710098,-0.12161789834499359,0.6423797011375427,0.17487215995788574,-0.14248701930046082,0.5798019170761108,0.1601848602294922,-0.09276440739631653,0.5031578540802002,0.13044890761375427,-0.05398937687277794,0.3667961359024048,0.21293042600154877,-0.15675047039985657,0.5272508263587952,0.2920529544353485,-0.1552780121564865,0.4694746732711792,0.25902098417282104,-0.09967170655727386,0.3993116021156311,0.22231219708919525,-0.05369112640619278
Left,D,0.0,0.0,0.0,0.10732404887676239,-0.05683451145887375,-0.07465387135744095,0.1641348898410797,-0.22175158560276031,-0.09461541473865509,0.10549283772706985,-0.3801009953022003,-0.11031337827444077,0.049770012497901917,-0.5110122561454773,-0.11891001462936401,0.19470570981502533,-0.46540582180023193,-0.022662824019789696,0.25297126173973083,-0.6632336378097534,-0.05822315439581871,0.27869927883148193,-0.7899143099784851,-0.08280432969331741,0.2892756164073944,-0.9012739062309265,-0.10105094313621521,0.10157516598701477,-0.49468472599983215,-0.0198507197201252,0.1108134463429451,-0.7309163212776184,-0.0664861649274826,0.11397448927164078,-0.8719108700752258,-0.10053832828998566,0.1097349151968956,-0.9869752526283264,-0.11763497442007065,0.016825491562485695,-0.45791366696357727,-0.027464475482702255,0.0030525652691721916,-0.6242157816886902,-0.11684238165616989,0.025456734001636505,-0.515855073928833,-0.1443854123353958,0.03599239140748978,-0.42305976152420044,-0.13798990845680237,-0.051304835826158524,-0.3785768151283264,-0.0397426076233387,-0.03677128627896309,-0.4366326928138733,-0.13272209465503693,-0.009283515624701977,-0.3398404121398926,-0.15749132633209229,0.005599113181233406,-0.2570308446884155,-0.1546088010072708
Left,D,0.0,0.0,0.0,0.1278132051229477,0.15748247504234314,0.007514616474509239,0.15608306229114532,0.3676494359970093,-0.016641046851873398,0.10440124571323395,0.5303982496261597,-0.0439319983124733,0.049189645797014236,0.6341363787651062,-0.06943317502737045,0.21039339900016785,0.4143514335155487,-0.0853513702750206,0.23824243247509003,0.6509723663330078,-0.12584112584590912,0.25861477851867676,0.7888610363006592,-0.14679624140262604,0.2756727337837219,0.9022157192230225,-0.16172268986701965,0.11506693810224533,0.38918110728263855,-0.11477534472942352,0.0675978735089302,0.6859242916107178,-0.15555860102176666,0.03662530332803726,0.8517714142799377,-0.16800864040851593,0.010256022214889526,0.9837620258331299,-0.1791841685771942,0.019187401980161667,0.3545195460319519,-0.13650405406951904,-0.012888101860880852,0.6297657489776611,-0.1664746105670929,0.0033140676096081734,0.5618883967399597,-0.13506010174751282,0.02021867036819458,0.48363691568374634,-0.10937386751174927,-0.07324197888374329,0.3221176564693451,-0.1579984426498413,-0.08273719251155853,0.5337398052215576,-0.16484148800373077,-0.06519608944654465,0.47519534826278687,-0.1259051263332367,-0.05121840536594391,0.4021812677383423,-0.0949513390660286
Left,D,0.0,0.0,0.0,0.10049107670783997,-0.025932680815458298,-0.08685754984617233,0.1671925038099289,-0.13185429573059082,-0.1260000318288803,0.15521416068077087,-0.2373068779706955,-0.16200700402259827,0.13420099020004272,-0.3596734404563904,-0.19229763746261597,0.16608914732933044,-0.4339127838611603,-0.06792794913053513,0.23519422113895416,-0.6425772905349731,-0.12393743544816971,0.2639622390270233,-0.7666061520576477,-0.1547865867614746,0.28112053871154785,-0.8740429282188416,-0.16958537697792053,0.07799643278121948,-0.4526650905609131,-0.06863503158092499,0.08777789026498795,-0.7042348980903625,-0.13448230922222137,0.08959841728210449,-0.8581988215446472,-0.17168450355529785,0.0861428901553154,-0.9792483448982239,-0.183445006608963,-0.0059488737024366856,-0.41109132766723633,-0.07881947606801987,0.019857803359627724,-0.5231875777244568,-0.18677283823490143,0.04975929856300354,-0.37144240736961365,-0.20400387048721313,0.06104983761906624,-0.25542116165161133,-0.17927415668964386,-0.08020130544900894,-0.3308670222759247,-0.0938045084476471,-0.058358706533908844,-0.37753647565841675,-0.18525750935077667,-0.02509392239153385,-0.2720775902271271,-0.18895268440246582,-0.01274159736931324,-0.18329565227031708,-0.16482533514499664
Left,D,0.0,0.0,0.0,-0.04368249699473381,-0.21674375236034393,0.016194060444831848,0.019285738468170166,-0.3925045132637024,0.011055627837777138,0.1329326033592224,-0.4594056010246277,0.001204434665851295,0.22093749046325684,-0.471960186958313,-0.006379891652613878,0.03893185406923294,-0.4915972054004669,-0.039953190833330154,0.10778467357158661,-0.733677089214325,-0.06359273940324783,0.14934059977531433,-0.8727695941925049,-0.07026973366737366,0.18237309157848358,-0.9767095446586609,-0.07191061973571777,0.13962076604366302,-0.4390580356121063,-0.06271678954362869,0.26226839423179626,-0.6833556890487671,-0.0814189463853836,0.33052951097488403,-0.8212832808494568,-0.09097135066986084,0.38460952043533325,-0.9180324077606201,-0.09639469534158707,0.22086124122142792,-0.3538213074207306,-0.07816864550113678,0.3352111876010895,-0.5142230987548828,-0.09032545983791351,0.2945406138896942,-0.4621489644050598,-0.07033281773328781,0.25088897347450256,-0.403044193983078,-0.05074233189225197,0.2836170792579651,-0.25291138887405396,-0.0926118791103363,0.3248671591281891,-0.3187524378299713,-0.0868426039814949,0.28630030155181885,-0.28288212418556213,-0.05705071985721588,0.25956225395202637,-0.24368278682231903,-0.030480997636914253
Left,D,0.0,0.0,0.0,0.11643791943788528,-0.06827424466609955,-0.05844905599951744,0.1899002343416214,-0.2450297325849533,-0.08157945424318314,0.18977665901184082,-0.40950921177864075,-0.1060497909784317,0.19015341997146606,-0.5460051894187927,-0.12359324097633362,0.16698551177978516,-0.4319828450679779,-0.03476904332637787,0.24442891776561737,-0.6424182057380676,-0.07313469797372818,0.2808679938316345,-0.7540491223335266,-0.08927953988313675,0.30432745814323425,-0.8553410768508911,-0.09936856478452682,0.08374669402837753,-0.45537784695625305,-0.04411125183105469,0.10397794842720032,-0.7258232235908508,-0.10024673491716385,0.1254129856824875,-0.8648928999900818,-0.12202215194702148,0.13702493906021118,-0.9821735620498657,-0.12868282198905945,0.0011408571153879166,-0.43254321813583374,-0.06186874583363533,0.06356996297836304,-0.6313879489898682,-0.15701045095920563,0.10651034116744995,-0.4686254560947418,-0.15466146171092987,0.11828799545764923,-0.3445684611797333,-0.12593892216682434,-0.07130426913499832,-0.37280941009521484,-0.0833042785525322,0.008364765904843807,-0.4493696391582489,-0.17223945260047913,0.048145197331905365,-0.32698342204093933,-0.17534255981445312,0.05565611273050308,-0.22705593705177307,-0.15710517764091492
Left,D,0.0,0.0,0.0,0.10725683718919754,-0.08334235101938248,-0.03461208567023277,0.17702241241931915,-0.2479565292596817,-0.04967130348086357,0.2022741138935089,-0.3835117816925049,-0.07089173793792725,0.21662168204784393,-0.49621567130088806,-0.08562560379505157,0.13550199568271637,-0.4587624967098236,-0.015498006716370583,0.18111677467823029,-0.659959077835083,-0.055113181471824646,0.2088693529367447,-0.7724472880363464,-0.07783970236778259,0.22479525208473206,-0.8691205382347107,-0.09155520051717758,0.0575261227786541,-0.47188010811805725,-0.03488408774137497,0.05971529334783554,-0.7300626635551453,-0.08800384402275085,0.08098970353603363,-0.8694109916687012,-0.11519449204206467,0.0908699631690979,-0.9879502654075623,-0.1252874732017517,-0.014717851765453815,-0.43329280614852905,-0.060424018651247025,0.07141991704702377,-0.6041571497917175,-0.14657530188560486,0.14031550288200378,-0.4855751693248749,-0.1546608805656433,0.16226504743099213,-0.3886057734489441,-0.13487426936626434,-0.06964562833309174,-0.3522271513938904,-0.08805621415376663,0.04193446785211563,-0.40045925974845886,-0.16239307820796967,0.11044473946094513,-0.33392518758773804,-0.17032849788665771,0.13448476791381836,-0.27594777941703796,-0.1580228954553604
Left,D,0.0,0.0,0.0,0.1287531852722168,-0.11584069579839706,0.005699832458049059,0.2035728394985199,-0.2743726074695587,-0.0061274138279259205,0.2594859302043915,-0.3776888847351074,-0.03524722531437874,0.3041726350784302,-0.4707784652709961,-0.05736900866031647,0.11637884378433228,-0.497084379196167,0.013676771894097328,0.16772927343845367,-0.6751528382301331,-0.024609902873635292,0.19223353266716003,-0.7950464487075806,-0.0520402267575264,0.19937868416309357,-0.9051022529602051,-0.07339213043451309,0.06779754906892776,-0.4849430024623871,-0.032579537481069565,0.12232304364442825,-0.6960784196853638,-0.08634360134601593,0.16827790439128876,-0.8430055379867554,-0.12086902558803558,0.19489561021327972,-0.9706804752349854,-0.14069506525993347,0.035388607531785965,-0.4250459671020508,-0.08197493106126785,0.18302789330482483,-0.55597323179245,-0.15502862632274628,0.2525366246700287,-0.4325942397117615,-0.153816357254982,0.2678147852420807,-0.337508887052536,-0.13466721773147583,0.038172416388988495,-0.3291586935520172,-0.13253046572208405,0.19208696484565735,-0.35582664608955383,-0.18667353689670563,0.23810267448425293,-0.28194141387939453,-0.1830700933933258,0.24274541437625885,-0.22464199364185333,-0.16872985661029816
Left,D,0.0,0.0,0.0,0.0022374805994331837,-0.1993330419063568,0.028162134811282158,0.07777537405490875,-0.3685658872127533,0.02765779010951519,0.18272478878498077,-0.42309603095054626,0.012379344552755356,0.2734373211860657,-0.4266624450683594,5.6996192142833024e-05,0.07376783341169357,-0.4719168245792389,0.0014538051327690482,0.1385943442583084,-0.6969392895698547,-0.029585693031549454,0.18063753843307495,-0.8230434060096741,-0.04162066802382469,0.207892045378685,-0.9280011057853699,-0.04859166592359543,0.13686366379261017,-0.4425636827945709,-0.04013936221599579,0.23896543681621552,-0.6843145489692688,-0.08058418333530426,0.30127453804016113,-0.8193262219429016,-0.10783661156892776,0.3425866365432739,-0.931551456451416,-0.1218453198671341,0.18891964852809906,-0.37001529335975647,-0.07814906537532806,0.34629034996032715,-0.5082224607467651,-0.12917935848236084,0.3474479913711548,-0.4064807891845703,-0.12873150408267975,0.3188357651233673,-0.3388640582561493,-0.11202489584684372,0.24054846167564392,-0.2668893337249756,-0.1134246289730072,0.3547359108924866,-0.28679603338241577,-0.14616982638835907,0.3421272337436676,-0.21430478990077972,-0.13849996030330658,0.31134331226348877,-0.1686289757490158,-0.12208184599876404
Left,D,0.0,0.0,0.0,-0.04341311380267143,-0.21655425429344177,0.01406503189355135,0.022663110867142677,-0.38906362652778625,0.010231825523078442,0.1396476924419403,-0.44527468085289,0.0014084612485021353,0.22770775854587555,-0.4531140625476837,-0.005554423201829195,0.04743409901857376,-0.4930570125579834,-0.032020535320043564,0.10878855735063553,-0.7374623417854309,-0.052668049931526184,0.14943945407867432,-0.8763208389282227,-0.0591435432434082,0.1830112487077713,-0.9811584949493408,-0.06192705035209656,0.1514982432126999,-0.44146233797073364,-0.0548337884247303,0.2599916458129883,-0.6862940788269043,-0.07026433944702148,0.31943631172180176,-0.8260541558265686,-0.08063209801912308,0.36803677678108215,-0.9201022982597351,-0.08807694166898727,0.2297939509153366,-0.35740694403648376,-0.07177995145320892,0.33123958110809326,-0.5211116671562195,-0.08558627218008041,0.2840563654899597,-0.46985435485839844,-0.07166867703199387,0.2374105006456375,-0.4056599736213684,-0.056734759360551834,0.28584474325180054,-0.26121461391448975,-0.08791588246822357,0.3013535439968109,-0.32251685857772827,-0.08890046179294586,0.2533101439476013,-0.28534403443336487,-0.06707704812288284,0.2244969755411148,-0.24104043841362,-0.04634138196706772
Left,D,0.0,0.0,0.0,0.10910047590732574,-0.06430429220199585,-0.06300754845142365,0.18517059087753296,-0.23534342646598816,-0.08669324219226837,0.1881227344274521,-0.402862012386322,-0.10937336087226868,0.18105275928974152,-0.5400372743606567,-0.1258798986673355,0.16171275079250336,-0.42896437644958496,-0.04051186889410019,0.248207688331604,-0.6357360482215881,-0.07643694430589676,0.2912171185016632,-0.7499661445617676,-0.09223684668540955,0.3210016191005707,-0.8496466875076294,-0.10182463377714157,0.0809413343667984,-0.45706239342689514,-0.04539806768298149,0.0985826924443245,-0.7298587560653687,-0.09197356551885605,0.12266472727060318,-0.8673850297927856,-0.10728813707828522,0.13606059551239014,-0.9844082593917847,-0.11148077249526978,-0.001053341431543231,-0.4306950569152832,-0.05888732895255089,0.058815017342567444,-0.6313426494598389,-0.14222915470600128,0.10482274740934372,-0.48117583990097046,-0.13597705960273743,0.11353076994419098,-0.36206480860710144,-0.10782448202371597,-0.07865335047245026,-0.3673335313796997,-0.07685286551713943,-0.011019845493137836,-0.4645857512950897,-0.1548856943845749,0.02721334993839264,-0.36353811621665955,-0.15314389765262604,0.029651112854480743,-0.2737745940685272,-0.13395021855831146
Left,D,0.0,0.0,0.0,-0.06612715125083923,-0.2259480208158493,0.013952280394732952,-0.003352753585204482,-0.40122467279434204,0.00543843861669302,0.12197531759738922,-0.4844498932361603,-0.00447568204253912,0.21745571494102478,-0.5123856663703918,-0.012421363964676857,0.009043930098414421,-0.4982072710990906,-0.04545784741640091,0.02162199467420578,-0.7374348044395447,-0.0611858144402504,0.03497720882296562,-0.8799833059310913,-0.06594987958669662,0.05181308090686798,-0.9930638670921326,-0.06915541738271713,0.12081260234117508,-0.4483949542045593,-0.06210635229945183,0.2305586338043213,-0.6821348667144775,-0.07368652522563934,0.30188122391700745,-0.8278966546058655,-0.08364146947860718,0.3663209080696106,-0.9258911609649658,-0.09238293021917343,0.19746558368206024,-0.36906179785728455,-0.07063430547714233,0.2535523772239685,-0.5150887370109558,-0.07249949872493744,0.20234809815883636,-0.4793906807899475,-0.056088730692863464,0.16220705211162567,-0.42275270819664,-0.042488839477300644,0.2474040538072586,-0.2887333035469055,-0.07775095850229263,0.22509606182575226,-0.36537766456604004,-0.06760860979557037,0.16267742216587067,-0.34190604090690613,-0.04180289804935455,0.12979882955551147,-0.3010175824165344,-0.020433930680155754
Left,D,0.0,0.0,0.0,0.11757858097553253,-0.06961162388324738,-0.06297007948160172,0.18988461792469025,-0.24344810843467712,-0.08376793563365936,0.18555454909801483,-0.4058956503868103,-0.103601835668087,0.16524966061115265,-0.5444156527519226,-0.11640363186597824,0.18548282980918884,-0.419650137424469,-0.03635459765791893,0.2796865403652191,-0.6276325583457947,-0.07176317274570465,0.32853963971138,-0.7349568009376526,-0.08701249957084656,0.36024630069732666,-0.8337364196777344,-0.09555492550134659,0.09959043562412262,-0.45339435338974,-0.0391697958111763,0.1032375693321228,-0.7342380285263062,-0.09019346535205841,0.10920056700706482,-0.869312047958374,-0.10958895087242126,0.1056545302271843,-0.987845242023468,-0.11401335895061493,0.015394850634038448,-0.4328189194202423,-0.05022577941417694,0.07186514884233475,-0.6134933233261108,-0.1407622992992401,0.10061562061309814,-0.44073209166526794,-0.13981395959854126,0.0982680544257164,-0.3219259977340698,-0.11079517006874084,-0.058592673391103745,-0.37579458951950073,-0.0651380866765976,0.011389071121811867,-0.4597727954387665,-0.1456007957458496,0.04597136378288269,-0.34998002648353577,-0.14634518325328827,0.049590252339839935,-0.264190137386322,-0.1270771324634552
Left,D,0.0,0.0,0.0,-0.037744730710983276,-0.20522814989089966,0.028934041038155556,0.023824486881494522,-0.3728994131088257,0.028793489560484886,0.13373486697673798,-0.438975065946579,0.018358824774622917,0.2216748744249344,-0.4526274800300598,0.01046652439981699,0.025643358007073402,-0.4869096279144287,-0.010640633292496204,0.07057464122772217,-0.727644681930542,-0.031066397204995155,0.10120078921318054,-0.866047203540802,-0.03819561004638672,0.1272641271352768,-0.9739147424697876,-0.0417969636619091,0.12199641764163971,-0.45384153723716736,-0.04254462942481041,0.22455638647079468,-0.6915180087089539,-0.05996843799948692,0.29016411304473877,-0.8333687782287598,-0.07349229604005814,0.341460645198822,-0.9362404346466064,-0.08281581848859787,0.19967743754386902,-0.3808020353317261,-0.06848786026239395,0.3132018446922302,-0.5223058462142944,-0.0808921828866005,0.28252744674682617,-0.455464243888855,-0.06626271456480026,0.24230720102787018,-0.39048394560813904,-0.05071651190519333,0.2639409005641937,-0.287005752325058,-0.09328840672969818,0.31870201230049133,-0.32316887378692627,-0.0907038226723671,0.2870893180370331,-0.2773244082927704,-0.06836329400539398,0.259756863117218,-0.23757514357566833,-0.0475279726088047
Left,D,0.0,0.0,0.0,-0.13651429116725922,-0.17668212950229645,0.008513876236975193,-0.17447426915168762,-0.38122209906578064,-0.0014457659563049674,-0.19369928538799286,-0.5613093972206116,-0.015052687376737595,-0.23581652343273163,-0.6769801378250122,-0.031261660158634186,0.026875752955675125,-0.5297656655311584,-0.024134477600455284,0.10279630869626999,-0.7500786781311035,-0.024580970406532288,0.15588152408599854,-0.8795880079269409,-0.027446728199720383,0.19987958669662476,-0.9792782664299011,-0.032592032104730606,0.1354130208492279,-0.49220067262649536,-0.03022569604218006,0.12026368826627731,-0.4777413010597229,-0.016107169911265373,0.08740820735692978,-0.4148309528827667,0.0013835784047842026,0.07602164894342422,-0.36478376388549805,0.006124215666204691,0.20779025554656982,-0.38993722200393677,-0.031323112547397614,0.16801448166370392,-0.3893619775772095,-0.01919841207563877,0.1403292566537857,-0.3392300009727478,0.0001724079338600859,0.12980125844478607,-0.29628103971481323,0.005600611679255962,0.2612311840057373,-0.2911282777786255,-0.030376654118299484,0.2409137487411499,-0.3064326345920563,-0.0038553818594664335,0.21067750453948975,-0.2699774503707886,0.029182985424995422,0.1970992237329483,-0.22908276319503784,0.05070409178733826
Left,D,0.0,0.0,0.0,0.14978061616420746,-0.0653916448354721,-0.05150192603468895,0.29964032769203186,-0.24246451258659363,-0.07455363869667053,0.3938129246234894,-0.38828814029693604,-0.10101921111345291,0.48039937019348145,-0.47923606634140015,-0.12674616277217865,0.19349633157253265,-0.49147602915763855,-0.02660430036485195,0.24106881022453308,-0.7112342119216919,-0.07574651390314102,0.25909796357154846,-0.8420582413673401,-0.09963294863700867,0.2737940847873688,-0.9548634886741638,-0.11520639806985855,0.10258017480373383,-0.4998125731945038,-0.03596312180161476,0.18063360452651978,-0.6022584438323975,-0.14465278387069702,0.1675286740064621,-0.40897467732429504,-0.16510644555091858,0.14279654622077942,-0.27115103602409363,-0.14660634100437164,0.009257950820028782,-0.4839576184749603,-0.05286331847310066,0.07980455458164215,-0.5473825335502625,-0.1615246832370758,0.06714993715286255,-0.3546523153781891,-0.1386287361383438,0.04692332074046135,-0.2387295663356781,-0.08852943032979965,-0.09365919232368469,-0.44963034987449646,-0.07331667095422745,-0.03032730706036091,-0.5114442110061646,-0.14292392134666443,-0.016947301104664803,-0.37375569343566895,-0.11975440382957458,-0.0223381444811821,-0.2805403172969818,-0.08064224570989609
Left,D,0.0,0.0,0.0,0.13120487332344055,-0.14982061088085175,0.04846896231174469,0.17958809435367584,-0.30966898798942566,0.044422268867492676,0.20836465060710907,-0.4299015998840332,0.01556283887475729,0.22456596791744232,-0.5143553614616394,-0.013942071236670017,0.0840296521782875,-0.5548697113990784,0.031113151460886,0.13532505929470062,-0.7351629734039307,-0.001531232730485499,0.15755783021450043,-0.8697463870048523,-0.02111640013754368,0.1630321443080902,-0.9858996868133545,-0.03771178796887398,0.040379393845796585,-0.5448950529098511,-0.026668613776564598,0.27057144045829773,-0.5462417602539062,-0.08592987805604935,0.274319589138031,-0.401554137468338,-0.08923739194869995,0.21683253347873688,-0.3443182408809662,-0.07764247804880142,0.03421754390001297,-0.49132484197616577,-0.08331015706062317,0.25662723183631897,-0.44035008549690247,-0.13280628621578217,0.2366076558828354,-0.31137317419052124,-0.10771935433149338,0.17231324315071106,-0.2782075107097626,-0.0818793773651123,0.04935980588197708,-0.4210621416568756,-0.13893337547779083,0.22391928732395172,-0.36791107058525085,-0.15753336250782013,0.2103971242904663,-0.26700088381767273,-0.12983712553977966,0.15509243309497833,-0.24048584699630737,-0.10567107051610947
Left,D,0.0,0.0,0.0,-0.14756804704666138,-0.14976178109645844,0.012281299568712711,-0.19625772535800934,-0.3520065248012543,0.008302485570311546,-0.21667735278606415,-0.5354883670806885,0.0005196218262426555,-0.2602517008781433,-0.6491410136222839,-0.01024746336042881,-0.004468531813472509,-0.5263279676437378,-0.018676891922950745,0.06846331804990768,-0.7548837661743164,-0.015724917873740196,0.1185346394777298,-0.8857507109642029,-0.01549867819994688,0.1598675549030304,-0.9869599938392639,-0.018772590905427933,0.10315579921007156,-0.5013917684555054,-0.024007048457860947,0.09694879502058029,-0.48260363936424255,-0.007314156740903854,0.06373532861471176,-0.4126656949520111,0.012038805522024632,0.04716920480132103,-0.3632429540157318,0.01772691309452057,0.18091683089733124,-0.4087432324886322,-0.024151137098670006,0.14596997201442719,-0.4002736210823059,-0.00929334107786417,0.11971286684274673,-0.3446073532104492,0.012257210910320282,0.10669723153114319,-0.30175545811653137,0.018419630825519562,0.24030043184757233,-0.31565630435943604,-0.022011397406458855,0.21843862533569336,-0.32210665941238403,0.00482557900249958,0.1878383457660675,-0.2796236574649811,0.03726273775100708,0.17362962663173676,-0.23911257088184357,0.05811697244644165
Left,D,0.0,0.0,0.0,0.028298281133174896,-0.3061829209327698,0.0027362226974219084,0.13309234380722046,-0.5340015292167664,-0.0331268310546875,0.219834104180336,-0.7469090819358826,-0.07196474075317383,0.2651030421257019,-0.9245272874832153,-0.11461532860994339,0.38097506761550903,-0.47324058413505554,-0.09184005111455917,0.6409401893615723,-0.4510432481765747,-0.12946884334087372,0.7939775586128235,-0.4152429401874542,-0.15233926475048065,0.9104737639427185,-0.37763702869415283,-0.16860570013523102,0.44518473744392395,-0.29388922452926636,-0.10691528767347336,0.528542697429657,-0.21297122538089752,-0.11431273072957993,0.44856756925582886,-0.2035297453403473,-0.08616137504577637,0.3697073757648468,-0.20591610670089722,-0.0761280283331871,0.44581902027130127,-0.10055900365114212,-0.11599776148796082,0.4815777838230133,-0.07401162385940552,-0.11044323444366455,0.4171943962574005,-0.056644588708877563,-0.06036403030157089,0.344513863325119,-0.05670308321714401,-0.03954344242811203,0.42830583453178406,0.07196406275033951,-0.12466693669557571,0.4374449849128723,0.07497869431972504,-0.10441441833972931,0.3723989427089691,0.08255685120820999,-0.05489427223801613,0.3115973472595215,0.07376845180988312,-0.02221183106303215
Left,D,0.0,0.0,0.0,0.0791018083691597,-0.22384147346019745,-0.007679597474634647,0.21860364079475403,-0.3160465359687805,-0.037188950926065445,0.3489770293235779,-0.26200541853904724,-0.07043759524822235,0.4287368357181549,-0.15279510617256165,-0.10242489725351334,0.31854790449142456,-0.3987940847873688,-0.08254795521497726,0.4965260624885559,-0.552513837814331,-0.11938520520925522,0.6010795831680298,-0.6407819390296936,-0.13716617226600647,0.6908906698226929,-0.7076281309127808,-0.14809629321098328,0.37555480003356934,-0.2465040534734726,-0.1044568121433258,0.5883877873420715,-0.2787155210971832,-0.127105250954628,0.7275374531745911,-0.29092419147491455,-0.1372624635696411,0.8307558298110962,-0.2900913953781128,-0.14509934186935425,0.3884675204753876,-0.08687576651573181,-0.12071874737739563,0.4516284465789795,-0.05455878749489784,-0.1251802295446396,0.3855368196964264,-0.06316039711236954,-0.1045704334974289,0.32280269265174866,-0.0724976435303688,-0.08826626092195511,0.37369024753570557,0.05231765657663345,-0.14068077504634857,0.40204331278800964,0.059998415410518646,-0.1251562535762787,0.34628716111183167,0.050463199615478516,-0.0872049406170845,0.2950032651424408,0.046563562005758286,-0.05779401585459709
Left,D,0.0,0.0,0.0,-0.02509125880897045,-0.219578355550766,0.07508598268032074,0.018631139770150185,-0.3646484315395355,0.09839577972888947,0.1035846471786499,-0.438033789396286,0.10539574921131134,0.17481288313865662,-0.453573077917099,0.11446788907051086,0.038387518376111984,-0.5037007927894592,0.04271155595779419,0.10217712074518204,-0.7338507771492004,0.04335271194577217,0.12904225289821625,-0.8680033087730408,0.05430125817656517,0.14817485213279724,-0.9735011458396912,0.0673314779996872,0.12591999769210815,-0.477838397026062,0.0008336342871189117,0.2272643744945526,-0.7163981199264526,-0.0065116421319544315,0.2850261926651001,-0.8493615984916687,-0.007904530502855778,0.3235532343387604,-0.9462078809738159,-0.0019738480914384127,0.20668260753154755,-0.4040595591068268,-0.030110226944088936,0.30122971534729004,-0.46724075078964233,-0.014112086035311222,0.2751052677631378,-0.4145878255367279,0.012344037182629108,0.2370627075433731,-0.37503156065940857,0.03762540966272354,0.2644994258880615,-0.30338677763938904,-0.056415800005197525,0.3214080333709717,-0.35077357292175293,-0.004171541426330805,0.2924855947494507,-0.31387996673583984,0.047734782099723816,0.25847485661506653,-0.2702811062335968,0.08788395673036575
Left,D,0.0,0.0,0.0,0.10141336917877197,0.10771559923887253,-0.091232068836689,0.24123963713645935,0.11871790885925293,-0.13532112538814545,0.34489041566848755,0.051315195858478546,-0.1800260692834854,0.4324946105480194,-0.04851076379418373,-0.2167443484067917,0.47369882464408875,0.029121480882167816,-0.06282732635736465,0.675074577331543,0.05507303401827812,-0.13698559999465942,0.802125096321106,0.05753365531563759,-0.17954008281230927,0.9083911776542664,0.052078451961278915,-0.19874881207942963,0.4505215287208557,-0.11739807575941086,-0.07031650841236115,0.6676988005638123,-0.21066850423812866,-0.16133269667625427,0.8081647753715515,-0.27881649136543274,-0.207642063498497,0.9169288873672485,-0.3338247537612915,-0.21863795816898346,0.38094890117645264,-0.23749743402004242,-0.08946084976196289,0.4410347044467926,-0.23001481592655182,-0.22246114909648895,0.3156035244464874,-0.11804986000061035,-0.237838476896286,0.21942809224128723,-0.04577813670039177,-0.20126664638519287,0.2901524007320404,-0.3267761170864105,-0.11507441103458405,0.3246997892856598,-0.2884918451309204,-0.21480868756771088,0.23338861763477325,-0.19152915477752686,-0.20918001234531403,0.15893146395683289,-0.12936238944530487,-0.17328466475009918
Left,D,0.0,0.0,0.0,0.04747152701020241,-0.2393949329853058,0.07243375480175018,0.13555870950222015,-0.36760255694389343,0.08564988523721695,0.2452315092086792,-0.4091632068157196,0.07867871224880219,0.3273046910762787,-0.3774317502975464,0.07117226719856262,0.18893811106681824,-0.49832281470298767,0.03814856335520744,0.31086432933807373,-0.685657262802124,0.02491861954331398,0.37615180015563965,-0.8075811266899109,0.016803516075015068,0.4254656434059143,-0.904855489730835,0.014682454988360405,0.26591429114341736,-0.4252501428127289,-0.006895622704178095,0.4464072287082672,-0.5617815256118774,-0.016642125323414803,0.5560827851295471,-0.6507173180580139,-0.02924235910177231,0.6298644542694092,-0.7132818102836609,-0.035209283232688904,0.32582515478134155,-0.3117392361164093,-0.04121807590126991,0.44656267762184143,-0.33647486567497253,-0.020962808281183243,0.4116521179676056,-0.2885197699069977,0.013147374615073204,0.36317649483680725,-0.2592613995075226,0.040687188506126404,0.36028188467025757,-0.17862465977668762,-0.07327310740947723,0.45240625739097595,-0.2084697037935257,-0.02262825518846512,0.41663065552711487,-0.1773691624403,0.03455124795436859,0.3706589639186859,-0.1441877782344818,0.07901575416326523
Left,D,0.0,0.0,0.0,-0.08288508653640747,-0.19067685306072235,0.014144035056233406,-0.06808558106422424,-0.36735638976097107,0.005930009763687849,0.018132666125893593,-0.45271459221839905,-0.011190987192094326,0.09471370279788971,-0.46771660447120667,-0.027827605605125427,-0.041223011910915375,-0.5097980499267578,-0.016054989770054817,-0.03430252522230148,-0.7408410906791687,-0.0394645594060421,-0.027597693726420403,-0.8737306594848633,-0.04941549152135849,-0.01882019266486168,-0.9750351905822754,-0.05059826001524925,0.05902237072587013,-0.4900916814804077,-0.03959803283214569,0.11780433356761932,-0.7288798093795776,-0.051976289600133896,0.15644699335098267,-0.8774608969688416,-0.05969724431633949,0.19192185997962952,-0.9795570969581604,-0.06028188392519951,0.14847151935100555,-0.4240877330303192,-0.0595669262111187,0.16101978719234467,-0.511580765247345,-0.06613370776176453,0.12929978966712952,-0.44715991616249084,-0.05732068046927452,0.10858063399791718,-0.3788188397884369,-0.041681818664073944,0.21765314042568207,-0.3372982144355774,-0.07936161011457443,0.20451907813549042,-0.39330050349235535,-0.06291206926107407,0.17541004717350006,-0.3442871868610382,-0.029506675899028778,0.16235947608947754,-0.28812375664711,0.00064209068659693
Left,D,0.0,0.0,0.0,0.1215224340558052,-0.05882897973060608,-0.05284292623400688,0.2040218710899353,-0.2260725200176239,-0.061132848262786865,0.19468574225902557,-0.38228273391723633,-0.0716458112001419,0.16430197656154633,-0.5123288631439209,-0.07473848760128021,0.18765154480934143,-0.4415425956249237,-0.0008442624239251018,0.26669177412986755,-0.6534441113471985,-0.02164514735341072,0.3029499053955078,-0.7633151412010193,-0.03333725407719612,0.323150098323822,-0.8658509254455566,-0.04384072124958038,0.11428286880254745,-0.47932493686676025,-0.006232908461242914,0.13581188023090363,-0.7425427436828613,-0.04647010937333107,0.15959398448467255,-0.8718788027763367,-0.07042189687490463,0.16765283048152924,-0.9823633432388306,-0.08279456943273544,0.04439682140946388,-0.46413806080818176,-0.020590098574757576,0.09697384387254715,-0.678602933883667,-0.09303678572177887,0.1332235485315323,-0.524686872959137,-0.09414786845445633,0.13498398661613464,-0.4140032231807709,-0.07367303222417831,-0.02004300244152546,-0.40979641675949097,-0.039621103554964066,0.0621495246887207,-0.5479297637939453,-0.10489711165428162,0.09672551602125168,-0.4521940350532532,-0.10608340799808502,0.09428516775369644,-0.3618149757385254,-0.09271836280822754
Left,D,0.0,0.0,0.0,0.1380651593208313,-0.07522939145565033,-0.02604805678129196,0.2446279227733612,-0.2154407650232315,-0.05842552334070206,0.3203420042991638,-0.32084524631500244,-0.09655029326677322,0.36717623472213745,-0.41443419456481934,-0.1281975954771042,0.15213562548160553,-0.42522794008255005,-0.0060728625394403934,0.23114928603172302,-0.4962608218193054,-0.07302778959274292,0.2948410212993622,-0.4251059889793396,-0.12884999811649323,0.35433700680732727,-0.3616330027580261,-0.1651562601327896,0.07617437839508057,-0.4661104381084442,-0.03756856545805931,0.20235088467597961,-0.5344374775886536,-0.1443362981081009,0.27971726655960083,-0.4100766181945801,-0.20109832286834717,0.3348577916622162,-0.3110216557979584,-0.2167520374059677,-0.013746771961450577,-0.49027690291404724,-0.07976727187633514,0.04779345914721489,-0.6915104985237122,-0.1632668673992157,0.1056797206401825,-0.830481767654419,-0.2134568691253662,0.15351328253746033,-0.9593765139579773,-0.23670710623264313,-0.10641220211982727,-0.4840254485607147,-0.1222933903336525,-0.1621665507555008,-0.6399068236351013,-0.169470876455307,-0.2121322751045227,-0.7399572134017944,-0.18551355600357056,-0.25041934847831726,-0.8416993618011475,-0.1950474977493286
Left,D,0.0,0.0,0.0,-0.042432066053152084,-0.2099829763174057,0.023157229647040367,0.024758977815508842,-0.37521010637283325,0.021101541817188263,0.14316661655902863,-0.4351538121700287,0.013252374716103077,0.232930988073349,-0.44865643978118896,0.007969492115080357,0.030354926362633705,-0.4779204726219177,-0.029516955837607384,0.07903263717889786,-0.7143230438232422,-0.046417467296123505,0.1031295657157898,-0.8558819890022278,-0.050908755511045456,0.12312960624694824,-0.9648852944374084,-0.053230736404657364,0.12727713584899902,-0.43155691027641296,-0.05499451607465744,0.21858152747154236,-0.6824406385421753,-0.07199837267398834,0.26879504323005676,-0.8368606567382812,-0.08607891947031021,0.3103434443473816,-0.945629358291626,-0.09732472896575928,0.2055775225162506,-0.35191237926483154,-0.07236237078905106,0.3049868941307068,-0.517559289932251,-0.08047298341989517,0.2667498290538788,-0.46631741523742676,-0.06349200010299683,0.22499339282512665,-0.40337997674942017,-0.047844838351011276,0.26494503021240234,-0.261533260345459,-0.0881766676902771,0.2828432619571686,-0.3394054174423218,-0.07718674093484879,0.23997890949249268,-0.3058962821960449,-0.04901055246591568,0.21403147280216217,-0.2628052830696106,-0.02621770277619362
Left,D,0.0,0.0,0.0,0.10700733959674835,-0.05695391818881035,-0.07694941014051437,0.176213338971138,-0.20947420597076416,-0.1077951043844223,0.14938996732234955,-0.3621005713939667,-0.13424359261989594,0.12163045257329941,-0.5016790628433228,-0.1550566703081131,0.16130952537059784,-0.4574958086013794,-0.05590523034334183,0.2361781895160675,-0.6685200333595276,-0.09886316955089569,0.2666458487510681,-0.7913198471069336,-0.12109224498271942,0.28529083728790283,-0.9019419550895691,-0.1358354091644287,0.06810643523931503,-0.4744209051132202,-0.05698712170124054,0.07408051192760468,-0.7364475727081299,-0.1126023679971695,0.07931290566921234,-0.8748401403427124,-0.13987460732460022,0.07957001030445099,-0.9853401184082031,-0.1509086787700653,-0.017695218324661255,-0.43553248047828674,-0.0665120929479599,0.0065621486864984035,-0.6158881783485413,-0.1638891100883484,0.0438729003071785,-0.47588813304901123,-0.17318032681941986,0.05932136997580528,-0.3608595132827759,-0.15257276594638824,-0.09165878593921661,-0.3569728434085846,-0.08044103533029556,-0.06564736366271973,-0.42712894082069397,-0.1775677353143692,-0.03063061460852623,-0.31531625986099243,-0.18796095252037048,-0.016611821949481964,-0.21998751163482666,-0.17269225418567657
Left,D,0.0,0.0,0.0,-0.05068040266633034,-0.21803045272827148,0.02279099076986313,0.000875020632520318,-0.3917071223258972,0.021973425522446632,0.10479040443897247,-0.4629242420196533,0.014777994714677334,0.18350821733474731,-0.47158414125442505,0.009196124970912933,0.03549475967884064,-0.49590206146240234,-0.028926391154527664,0.08420073986053467,-0.7370122075080872,-0.048434507101774216,0.11287898570299149,-0.8739436864852905,-0.05250301584601402,0.1351596862077713,-0.9790312647819519,-0.05342879891395569,0.13756170868873596,-0.4520364999771118,-0.052410926669836044,0.2389252632856369,-0.6952071189880371,-0.07084871828556061,0.2934177815914154,-0.8400746583938599,-0.08146070688962936,0.3387738764286041,-0.9367849826812744,-0.08755622804164886,0.21852509677410126,-0.3695356845855713,-0.06799338012933731,0.31283479928970337,-0.536507785320282,-0.07533550262451172,0.27270087599754333,-0.48916706442832947,-0.05337201803922653,0.23440100252628326,-0.4265924096107483,-0.032624389976263046,0.2828272879123688,-0.26542866230010986,-0.08248213678598404,0.3200925588607788,-0.33731839060783386,-0.07200498133897781,0.2840011715888977,-0.30369389057159424,-0.04157581180334091,0.26076143980026245,-0.259744256734848,-0.014552849344909191
Left,D,0.0,0.0,0.0,-0.06911399215459824,-0.19791026413440704,0.009349401108920574,-0.021385524421930313,-0.3766162693500519,0.0012768058804795146,0.08959637582302094,-0.46492984890937805,-0.00899940449744463,0.17643818259239197,-0.5005654692649841,-0.017313415184617043,0.011387050151824951,-0.48962438106536865,-0.04964325204491615,0.03941828012466431,-0.7406474351882935,-0.07339514046907425,0.06205740198493004,-0.8846614360809326,-0.08131743222475052,0.08162809908390045,-0.9930300116539001,-0.08501917123794556,0.11908339709043503,-0.44448357820510864,-0.06634664535522461,0.2001025378704071,-0.7022327780723572,-0.08286544680595398,0.24406354129314423,-0.8479005694389343,-0.09186222404241562,0.2833433747291565,-0.9439882636070251,-0.09891688078641891,0.20387732982635498,-0.3673988878726959,-0.07568283379077911,0.26904091238975525,-0.5533491969108582,-0.07992595434188843,0.22568179666996002,-0.5060361623764038,-0.05571049824357033,0.190138578414917,-0.43943482637405396,-0.03617088496685028,0.2695379853248596,-0.2760847508907318,-0.08498766273260117,0.26822420954704285,-0.36218327283859253,-0.07513994723558426,0.23155027627944946,-0.3244660198688507,-0.04442841187119484,0.21644166111946106,-0.2729785442352295,-0.018413111567497253
Left,D,0.0,0.0,0.0,-0.07511722296476364,-0.18084308505058289,0.0008943197899498045,-0.033317387104034424,-0.35383620858192444,-0.016248391941189766,0.08137717097997665,-0.45011061429977417,-0.034046683460474014,0.17404218018054962,-0.4976942837238312,-0.04954526200890541,-0.039191506803035736,-0.4582868218421936,-0.0639626756310463,-0.03820968419313431,-0.7013050317764282,-0.09169211238622665,-0.036529798060655594,-0.8445404171943665,-0.10371500998735428,-0.02980552613735199,-0.9562751650810242,-0.10948886722326279,0.061576180160045624,-0.4332505464553833,-0.08047313988208771,0.1153535544872284,-0.6923121213912964,-0.09989078342914581,0.14301516115665436,-0.857384979724884,-0.11415228247642517,0.17389902472496033,-0.976629912853241,-0.12630581855773926,0.14224103093147278,-0.37585628032684326,-0.09020335972309113,0.1940450221300125,-0.546203076839447,-0.1029311791062355,0.14812013506889343,-0.5001282691955566,-0.08950198441743851,0.11309481412172318,-0.43229594826698303,-0.07562945783138275,0.19949296116828918,-0.30979683995246887,-0.09973561763763428,0.1861105114221573,-0.3989012837409973,-0.09537311643362045,0.14193542301654816,-0.3736044466495514,-0.0693744495511055,0.12144692987203598,-0.3313128352165222,-0.047162771224975586
Left,D,0.0,0.0,0.0,-0.0744951069355011,-0.18175064027309418,-0.007290439214557409,-0.025816846638917923,-0.3631908893585205,-0.023754233494400978,0.09816738963127136,-0.46097612380981445,-0.038981497287750244,0.19707217812538147,-0.5024333596229553,-0.05059242248535156,-0.015749938786029816,-0.470218688249588,-0.06373769789934158,-0.016346702352166176,-0.7147750854492188,-0.08937004953622818,-0.009878909215331078,-0.8614565134048462,-0.0977354347705841,-0.0011437530629336834,-0.974057674407959,-0.10098698735237122,0.09030042588710785,-0.44771242141723633,-0.07471176981925964,0.15041090548038483,-0.7008585333824158,-0.09322597086429596,0.1865750253200531,-0.8563819527626038,-0.10414718836545944,0.22228312492370605,-0.96845543384552,-0.11262442171573639,0.17258231341838837,-0.39116933941841125,-0.08021784573793411,0.22113704681396484,-0.535743772983551,-0.09000593423843384,0.17504571378231049,-0.48332345485687256,-0.07506600767374039,0.13796956837177277,-0.4192860424518585,-0.06032838299870491,0.23029805719852448,-0.32393383979797363,-0.08684949576854706,0.2124897539615631,-0.390171617269516,-0.07932661473751068,0.17102982103824615,-0.35859155654907227,-0.05428666993975639,0.15152586996555328,-0.3170395791530609,-0.03287957236170769
Left,D,0.0,0.0,0.0,-0.07337963581085205,-0.17996464669704437,0.01371691282838583,-0.03790438920259476,-0.3491489589214325,0.00907022226601839,0.06496910005807877,-0.4426422715187073,0.001945225172676146,0.1492011845111847,-0.46939367055892944,-0.0028162647504359484,-0.008312542922794819,-0.4804714024066925,-0.03979867324233055,0.0019051932031288743,-0.7204148769378662,-0.05879080668091774,0.012874678708612919,-0.8617466688156128,-0.0649506151676178,0.024292832240462303,-0.9689719080924988,-0.06694678962230682,0.09849535673856735,-0.45533591508865356,-0.05645962059497833,0.1663854569196701,-0.708362340927124,-0.07008583843708038,0.20412220060825348,-0.8613110780715942,-0.07907789945602417,0.2402781844139099,-0.9669429063796997,-0.08536918461322784,0.18057678639888763,-0.3920336365699768,-0.06551503390073776,0.24146729707717896,-0.5439836382865906,-0.06294769793748856,0.20052972435951233,-0.498846173286438,-0.03900759294629097,0.1669636368751526,-0.4389774203300476,-0.019126269966363907,0.23745392262935638,-0.31353142857551575,-0.07449456304311752,0.23407140374183655,-0.39948955178260803,-0.05497950315475464,0.19845019280910492,-0.37170231342315674,-0.020301509648561478,0.18245229125022888,-0.329894095659256,0.008277509361505508
Left,D,0.0,0.0,0.0,-0.0869462713599205,-0.1696414351463318,-0.0020127431489527225,-0.06302142888307571,-0.34432452917099,-0.012563135474920273,0.045124828815460205,-0.448283314704895,-0.02279423177242279,0.13393612205982208,-0.4872925877571106,-0.029845934361219406,-0.029416270554065704,-0.48494675755500793,-0.04759058728814125,-0.018412021920084953,-0.7213655114173889,-0.0652221068739891,-0.00825609639286995,-0.8606999516487122,-0.07175537943840027,0.002030043164268136,-0.9672845602035522,-0.07450056076049805,0.07316169887781143,-0.46052056550979614,-0.057196784764528275,0.13900184631347656,-0.7111716866493225,-0.06875360757112503,0.1741541475057602,-0.8651498556137085,-0.0775367021560669,0.20800189673900604,-0.9744396805763245,-0.08486839383840561,0.15370789170265198,-0.3995029032230377,-0.06093471124768257,0.2147183120250702,-0.5477495789527893,-0.060633111745119095,0.1783166080713272,-0.500005304813385,-0.04268394410610199,0.14697258174419403,-0.43788889050483704,-0.027606677263975143,0.21181568503379822,-0.32649996876716614,-0.06575089693069458,0.21467307209968567,-0.4055124521255493,-0.050203949213027954,0.18277935683727264,-0.37014085054397583,-0.020042451098561287,0.16745686531066895,-0.32254907488822937,0.004598872736096382
Left,D,0.0,0.0,0.0,0.0923280194401741,-0.05766130983829498,-0.08499985933303833,0.14340902864933014,-0.21052196621894836,-0.11847089231014252,0.11209744215011597,-0.3676725924015045,-0.1457822620868683,0.07289393246173859,-0.5091912150382996,-0.16693338751792908,0.1411004662513733,-0.4461013674736023,-0.06539709866046906,0.2129020094871521,-0.6598283648490906,-0.11522714793682098,0.2440868467092514,-0.7779179811477661,-0.14039985835552216,0.26502612233161926,-0.885275661945343,-0.1553163081407547,0.04482774809002876,-0.4691879451274872,-0.061423372477293015,0.05467870086431503,-0.7273508310317993,-0.1225275993347168,0.06543877720832825,-0.8681004643440247,-0.1506827175617218,0.07152463495731354,-0.9844642281532288,-0.1603570580482483,-0.046019550412893295,-0.42754897475242615,-0.0666361004114151,-0.022965330630540848,-0.5901135206222534,-0.17102280259132385,0.009030291810631752,-0.4398212134838104,-0.183974027633667,0.020433645695447922,-0.3215624690055847,-0.16337259113788605,-0.11839797347784042,-0.34355151653289795,-0.07639497518539429,-0.08367789536714554,-0.3626036047935486,-0.18099913001060486,-0.04335252568125725,-0.24433806538581848,-0.19761055707931519,-0.02628346160054207,-0.1557430624961853,-0.1850862205028534
Left,D,0.0,0.0,0.0,0.09920892864465714,-0.05718096345663071,-0.07988660782575607,0.165567085146904,-0.20927542448043823,-0.11456640809774399,0.15581558644771576,-0.36422473192214966,-0.14515119791030884,0.12639525532722473,-0.5020532011985779,-0.1697816699743271,0.15098907053470612,-0.449583500623703,-0.06625507771968842,0.22934091091156006,-0.6500924229621887,-0.1173405647277832,0.26475006341934204,-0.7691722512245178,-0.14501415193080902,0.28891611099243164,-0.8776000738143921,-0.1598970592021942,0.056552283465862274,-0.4630838632583618,-0.06699562072753906,0.06292187422513962,-0.7264243960380554,-0.13018973171710968,0.07692430168390274,-0.8706860542297363,-0.1591898649930954,0.0849585235118866,-0.9822239875793457,-0.16738596558570862,-0.03075220249593258,-0.41978371143341064,-0.07550769299268723,0.010601011104881763,-0.551332950592041,-0.17585992813110352,0.05657993629574776,-0.39826643466949463,-0.17957767844200134,0.07277437299489975,-0.2763204276561737,-0.1501971036195755,-0.1029873788356781,-0.34272488951683044,-0.08889681100845337,-0.05338253080844879,-0.39127397537231445,-0.174284428358078,-0.00942225381731987,-0.2821680009365082,-0.1716228872537613,0.003135858103632927,-0.1902926117181778,-0.14607594907283783
Left,D,0.0,0.0,0.0,-0.07983268052339554,-0.20173785090446472,0.012157708406448364,-0.04259388893842697,-0.382018119096756,0.007567474152892828,0.05557843670248985,-0.4815690815448761,0.0010771634988486767,0.13914945721626282,-0.5099917650222778,-0.0036901573184877634,-0.009339542128145695,-0.5048053860664368,-0.037165138870477676,0.006297928746789694,-0.744422197341919,-0.05907042697072029,0.01807154342532158,-0.8856875896453857,-0.06976205110549927,0.031163711100816727,-0.9965901970863342,-0.07639876753091812,0.10169653594493866,-0.46893367171287537,-0.0523204579949379,0.20820532739162445,-0.6994581818580627,-0.06327159702777863,0.27250927686691284,-0.8320154547691345,-0.07350730895996094,0.32771530747413635,-0.9240078926086426,-0.08200964331626892,0.18513092398643494,-0.39794957637786865,-0.06067337840795517,0.2527092397212982,-0.5578398704528809,-0.06141055002808571,0.21456684172153473,-0.5140754580497742,-0.042313046753406525,0.18264104425907135,-0.4539746344089508,-0.026948846876621246,0.247635617852211,-0.31400683522224426,-0.06880646198987961,0.2454528957605362,-0.3791322708129883,-0.05901655554771423,0.2036513388156891,-0.3427749276161194,-0.032045841217041016,0.1846994310617447,-0.2965034544467926,-0.00825514830648899
Left,D,0.0,0.0,0.0,-0.0785054862499237,-0.17429736256599426,0.021695483475923538,-0.051781076937913895,-0.3467671275138855,0.012968736700713634,0.04091889038681984,-0.4586598575115204,0.0005650880048051476,0.12657685577869415,-0.5024421811103821,-0.007967322133481503,-0.04096077382564545,-0.4635765254497528,-0.05925505980849266,-0.02205784060060978,-0.7169192433357239,-0.0931105762720108,-0.007054254878312349,-0.8687009811401367,-0.10831790417432785,0.0072538768872618675,-0.9791805744171143,-0.11703167855739594,0.06615764647722244,-0.4297148883342743,-0.08062634617090225,0.16890864074230194,-0.69061279296875,-0.11171683669090271,0.2292298823595047,-0.8462958335876465,-0.12721185386180878,0.27661362290382385,-0.9510248303413391,-0.13797412812709808,0.15193237364292145,-0.36678826808929443,-0.09184252470731735,0.24031417071819305,-0.5638551712036133,-0.09699298441410065,0.21013885736465454,-0.5060444474220276,-0.060195960104465485,0.18067805469036102,-0.43721723556518555,-0.03148584067821503,0.22494494915008545,-0.2887534499168396,-0.10236916691064835,0.2581072151660919,-0.3837985098361969,-0.08719495683908463,0.22007790207862854,-0.3362126350402832,-0.046348605304956436,0.194111630320549,-0.28284063935279846,-0.012695244513452053
Left,D,0.0,0.0,0.0,0.0984015092253685,-0.050196535885334015,-0.07238390296697617,0.1733558475971222,-0.1732419729232788,-0.10998708754777908,0.15494920313358307,-0.29186058044433594,-0.14599207043647766,0.11776521801948547,-0.40155285596847534,-0.1776864379644394,0.12375561147928238,-0.4447654187679291,-0.0722450464963913,0.19869545102119446,-0.6548979878425598,-0.12708048522472382,0.23366840183734894,-0.7784442901611328,-0.15910305082798004,0.25127169489860535,-0.8817762136459351,-0.17701590061187744,0.025834444910287857,-0.44714635610580444,-0.0831647515296936,0.019566141068935394,-0.7191279530525208,-0.1478939801454544,0.024136869236826897,-0.8698316216468811,-0.18347109854221344,0.021097877994179726,-0.9800265431404114,-0.19774478673934937,-0.06101815775036812,-0.38546010851860046,-0.10064727067947388,-0.028017865493893623,-0.534109890460968,-0.1971258968114853,0.0283492561429739,-0.4077000617980957,-0.20164339244365692,0.05281538516283035,-0.30153506994247437,-0.1756373643875122,-0.13484668731689453,-0.2810613512992859,-0.12257830798625946,-0.09665517508983612,-0.35619574785232544,-0.20327332615852356,-0.042839668691158295,-0.27671217918395996,-0.19646230340003967,-0.019126243889331818,-0.19742384552955627,-0.1694134771823883
Left,D,0.0,0.0,0.0,-0.06838411092758179,-0.1883900761604309,0.005458691157400608,-0.025376496836543083,-0.36773914098739624,0.002092817798256874,0.09908632934093475,-0.4579273760318756,-0.0023231948725879192,0.1940295547246933,-0.4831182360649109,-0.002414991380646825,0.019154150038957596,-0.4947165548801422,-0.02877018041908741,0.04389083385467529,-0.7453176975250244,-0.035769812762737274,0.06281895190477371,-0.8826696276664734,-0.03375551477074623,0.08220258355140686,-0.9869526624679565,-0.03185103461146355,0.12078159302473068,-0.4587836265563965,-0.04095635935664177,0.1863110512495041,-0.7173753380775452,-0.04454297199845314,0.22681201994419098,-0.8654757738113403,-0.05121372640132904,0.26843488216400146,-0.9615617990493774,-0.05780739337205887,0.20000691711902618,-0.38404709100723267,-0.04729411378502846,0.26751306653022766,-0.5266030430793762,-0.040874507278203964,0.22292961180210114,-0.47657251358032227,-0.024307940155267715,0.1860547810792923,-0.4106447696685791,-0.011754002422094345,0.2578168213367462,-0.2964770495891571,-0.05431110039353371,0.2603442966938019,-0.3581896126270294,-0.0352715365588665,0.22259007394313812,-0.3223468065261841,-0.008421738632023335,0.20503069460391998,-0.27486205101013184,0.012451435439288616
Left,D,0.0,0.0,0.0,0.0927647277712822,-0.06671678274869919,-0.07781531661748886,0.1605111062526703,-0.2284906953573227,-0.1086258590221405,0.15299631655216217,-0.3790764808654785,-0.13583940267562866,0.0975942611694336,-0.5009157657623291,-0.15904584527015686,0.13101325929164886,-0.4668826162815094,-0.06143578886985779,0.19349606335163116,-0.6755889654159546,-0.11210055649280548,0.2148343324661255,-0.7918830513954163,-0.1402616947889328,0.22574745118618011,-0.9030813574790955,-0.15912261605262756,0.03903644159436226,-0.4854811131954193,-0.0636572316288948,0.05319805443286896,-0.7327659130096436,-0.12684966623783112,0.06667082756757736,-0.8672840595245361,-0.1577424556016922,0.07196372747421265,-0.9825735092163086,-0.17137812077999115,-0.051845669746398926,-0.4391261339187622,-0.07471638172864914,-0.04159632697701454,-0.6060548424720764,-0.17753024399280548,0.005327729973942041,-0.4524688720703125,-0.18781450390815735,0.030709220096468925,-0.3307071626186371,-0.16768427193164825,-0.1282132863998413,-0.3489325940608978,-0.09063126146793365,-0.10601931810379028,-0.3830057680606842,-0.18919643759727478,-0.061368945986032486,-0.2704851031303406,-0.20253494381904602,-0.04083177074790001,-0.17990535497665405,-0.1908245086669922
Left,D,0.0,0.0,0.0,0.10594363510608673,-0.05544960871338844,-0.07050974667072296,0.1798945665359497,-0.1897142380475998,-0.10562830418348312,0.15870524942874908,-0.33450543880462646,-0.1393914371728897,0.13229630887508392,-0.4653288722038269,-0.16789264976978302,0.1792120784521103,-0.43610700964927673,-0.060007043182849884,0.27570685744285583,-0.6283029913902283,-0.10824323445558548,0.3217334747314453,-0.7401252388954163,-0.13307464122772217,0.35157471895217896,-0.8425441384315491,-0.14789780974388123,0.07487396150827408,-0.4490651488304138,-0.06683092564344406,0.036541346460580826,-0.7207379341125488,-0.13904494047164917,0.00127422867808491,-0.861949622631073,-0.17572754621505737,-0.0302513986825943,-0.9816833138465881,-0.18810312449932098,-0.020312173292040825,-0.4044741094112396,-0.0796978622674942,0.018380695953965187,-0.5389503836631775,-0.19326016306877136,0.061608798801898956,-0.37630900740623474,-0.20108208060264587,0.07595425099134445,-0.25925737619400024,-0.1713983565568924,-0.0992419570684433,-0.32660672068595886,-0.09501080960035324,-0.05381996929645538,-0.4017946422100067,-0.19230617582798004,-0.011912543326616287,-0.2818741798400879,-0.18985484540462494,0.002806073287501931,-0.1847313791513443,-0.16159024834632874
Left,E,0.0,0.0,0.0,0.1472720205783844,-0.06745767593383789,-0.05242107808589935,0.2737276554107666,-0.21538875997066498,-0.07188218832015991,0.37185952067375183,-0.3203856348991394,-0.09731382876634598,0.4518825113773346,-0.3875482380390167,-0.12115871161222458,0.17216439545154572,-0.4622250199317932,-0.023090234026312828,0.23068667948246002,-0.6552655100822449,-0.06809558719396591,0.2555094361305237,-0.7804070711135864,-0.09636519849300385,0.272414892911911,-0.8907859325408936,-0.11379112303256989,0.07750409096479416,-0.48013076186180115,-0.035343509167432785,0.08240814507007599,-0.7020778059959412,-0.09336493909358978,0.08076751977205276,-0.8545751571655273,-0.13249780237674713,0.0766592025756836,-0.9857259392738342,-0.14989250898361206,-0.009945736266672611,-0.43889516592025757,-0.054350756108760834,-0.004127074498683214,-0.5551870465278625,-0.1441526859998703,0.026106182485818863,-0.40610840916633606,-0.15302540361881256,0.04412781447172165,-0.2871517837047577,-0.12912924587726593,-0.08528515696525574,-0.35594838857650757,-0.07727750390768051,-0.0839485302567482,-0.39516955614089966,-0.1495414823293686,-0.04558928683400154,-0.29341602325439453,-0.14674554765224457,-0.01756157912313938,-0.20353226363658905,-0.12256013602018356
Left,E,0.0,0.0,0.0,-0.059475284069776535,-0.21220864355564117,-0.00028131325962021947,-0.05895265191793442,-0.4233306646347046,-0.025215374305844307,-0.05758336931467056,-0.6010552644729614,-0.050102878361940384,-0.07788090407848358,-0.720492422580719,-0.07243312150239944,0.13418960571289062,-0.46950387954711914,-0.07660381495952606,0.24852509796619415,-0.6920009851455688,-0.10746162384748459,0.3125085234642029,-0.829460620880127,-0.11915577948093414,0.36177149415016174,-0.9241238832473755,-0.12294910848140717,0.22110307216644287,-0.38121506571769714,-0.08269928395748138,0.3959922790527344,-0.5537850856781006,-0.10432865470647812,0.49350041151046753,-0.6705924868583679,-0.10673582553863525,0.5636538863182068,-0.7399892210960388,-0.10735414177179337,0.27698931097984314,-0.27810537815093994,-0.08008154481649399,0.39922499656677246,-0.40962567925453186,-0.07375723123550415,0.35417473316192627,-0.4179544150829315,-0.039146583527326584,0.3017802834510803,-0.39638060331344604,-0.01458677463233471,0.311360239982605,-0.1762365698814392,-0.07784774154424667,0.36094093322753906,-0.2687453031539917,-0.05805124714970589,0.3121325671672821,-0.2719314992427826,-0.018344206735491753,0.2718295454978943,-0.24827969074249268,0.014018352143466473
Left,E,0.0,0.0,0.0,-0.057628944516181946,-0.21222040057182312,0.02403682842850685,-0.050956811755895615,-0.39593908190727234,0.02304346114397049,-0.0481233187019825,-0.53922438621521,0.011944047175347805,-0.062375396490097046,-0.6329336166381836,0.001936894143000245,0.19291837513446808,-0.49881383776664734,0.004294638987630606,0.28909268975257874,-0.7151382565498352,0.00022272017668001354,0.3477317690849304,-0.834443211555481,0.0005475784419104457,0.3941304683685303,-0.9190406203269958,0.005047726444900036,0.29035624861717224,-0.4190221428871155,-0.010449331253767014,0.4443858563899994,-0.5946906208992004,0.005235800053924322,0.5353193879127502,-0.7034748196601868,0.011919427663087845,0.598148763179779,-0.7605504393577576,0.014568104408681393,0.34764188528060913,-0.3091288208961487,-0.021312255412340164,0.4163098931312561,-0.38341084122657776,0.008769714273512363,0.36724087595939636,-0.36238572001457214,0.020655130967497826,0.3155471980571747,-0.3188750147819519,0.026574956253170967,0.37334537506103516,-0.19623315334320068,-0.032079942524433136,0.3965594470500946,-0.23650874197483063,0.00326920161023736,0.3513215482234955,-0.2205655872821808,0.028895605355501175,0.30797702074050903,-0.18347792327404022,0.04816482216119766
Left,E,0.0,0.0,0.0,-0.03741609677672386,-0.19072620570659637,0.18713624775409698,-0.01915295422077179,-0.3111656606197357,0.27094486355781555,0.0041005113162100315,-0.4297609329223633,0.31842318177223206,-0.006255586631596088,-0.4970850944519043,0.3676857352256775,0.16436898708343506,-0.48767951130867004,0.1813213974237442,0.25094321370124817,-0.6805595755577087,0.2088770717382431,0.29879361391067505,-0.8141555190086365,0.22527065873146057,0.3380289673805237,-0.9108378887176514,0.2368769645690918,0.2513674199581146,-0.45683497190475464,0.10503518581390381,0.4236866533756256,-0.6295953392982483,0.11955107748508453,0.5213642716407776,-0.7343370318412781,0.1178700178861618,0.5882458090782166,-0.7984932065010071,0.11761485785245895,0.3220575153827667,-0.3776766359806061,0.04648678004741669,0.45931684970855713,-0.37189969420433044,0.1061047837138176,0.4234802722930908,-0.3051879107952118,0.147399440407753,0.3879767060279846,-0.27046000957489014,0.17159195244312286,0.37251582741737366,-0.26500675082206726,-0.0009509699302725494,0.4638751149177551,-0.22114811837673187,0.08482314646244049,0.41738179326057434,-0.16729304194450378,0.14183485507965088,0.37213951349258423,-0.13476407527923584,0.17978371679782867
Left,E,0.0,0.0,0.0,0.026206163689494133,-0.2319013774394989,-0.1393699198961258,0.13547676801681519,-0.42269277572631836,-0.2276454120874405,0.22750410437583923,-0.6113579273223877,-0.2830390930175781,0.298163503408432,-0.7705484628677368,-0.33692166209220886,0.3676821291446686,-0.23944228887557983,-0.23872262239456177,0.5962891578674316,-0.30617815256118774,-0.30912652611732483,0.7424972057342529,-0.3456898629665375,-0.35085177421569824,0.8550043702125549,-0.3599080741405487,-0.3734081983566284,0.4137827455997467,-0.055054012686014175,-0.17887623608112335,0.6546145677566528,0.014196439646184444,-0.23206116259098053,0.7965950965881348,0.04767942801117897,-0.25262466073036194,0.9029248952865601,0.07969195395708084,-0.26414746046066284,0.41776761412620544,0.07558438926935196,-0.11936765164136887,0.634309709072113,0.1322753131389618,-0.15993905067443848,0.7662364840507507,0.13994082808494568,-0.17505840957164764,0.861772894859314,0.15640923380851746,-0.1815822571516037,0.3997610807418823,0.14882078766822815,-0.06579583138227463,0.5409636497497559,0.1677655130624771,-0.09068030118942261,0.6166609525680542,0.1562737077474594,-0.08971036970615387,0.6776273846626282,0.15300089120864868,-0.08463826030492783
Left,E,0.0,0.0,0.0,0.16220371425151825,0.004699219483882189,-0.05795260891318321,0.3250991404056549,-0.07621385157108307,-0.0799616277217865,0.4540731906890869,-0.12809167802333832,-0.10601716488599777,0.5529390573501587,-0.13960570096969604,-0.13174159824848175,0.3007517158985138,-0.3936030864715576,-0.024545902386307716,0.40507271885871887,-0.5574705600738525,-0.06427907198667526,0.4610045254230499,-0.6636629700660706,-0.09286844730377197,0.506529688835144,-0.7610752582550049,-0.11487389355897903,0.20990467071533203,-0.45963677763938904,-0.03638235852122307,0.2588939368724823,-0.6846030354499817,-0.09055092930793762,0.28310009837150574,-0.8221314549446106,-0.1291336715221405,0.3006810247898102,-0.9418637156486511,-0.14994573593139648,0.10944442451000214,-0.4596993625164032,-0.05539427697658539,0.134681835770607,-0.6169697046279907,-0.14860783517360687,0.11325524002313614,-0.4600854814052582,-0.16012239456176758,0.094831183552742,-0.3377457857131958,-0.1412150263786316,0.007751008961349726,-0.4091549813747406,-0.07858170568943024,0.006666003726422787,-0.4745855927467346,-0.16809597611427307,0.008661378175020218,-0.3476806879043579,-0.1743791550397873,0.010619689710438251,-0.23773673176765442,-0.15642155706882477
Left,E,0.0,0.0,0.0,0.17509658634662628,-0.013672257773578167,-0.0505097396671772,0.33690667152404785,-0.10077094286680222,-0.06194864585995674,0.4614807069301605,-0.16287052631378174,-0.07988869398832321,0.5544137358665466,-0.20807528495788574,-0.09541782736778259,0.2871023118495941,-0.427990198135376,0.016343077644705772,0.3719099760055542,-0.6071978211402893,-0.0066606272011995316,0.41343581676483154,-0.7208197116851807,-0.02648775838315487,0.44289901852607727,-0.8211644291877747,-0.04364199563860893,0.19474078714847565,-0.4740188717842102,0.005663397256284952,0.21604357659816742,-0.7106263637542725,-0.03523693233728409,0.23016688227653503,-0.8544518351554871,-0.06822839379310608,0.2360488325357437,-0.9678357839584351,-0.08703389763832092,0.10402771085500717,-0.46254637837409973,-0.015535729005932808,0.1302652359008789,-0.6298751831054688,-0.10179845988750458,0.1440262496471405,-0.4763776659965515,-0.12342702597379684,0.14945624768733978,-0.35075628757476807,-0.11330074071884155,0.013018324971199036,-0.41250157356262207,-0.040792934596538544,0.04154975339770317,-0.4614199995994568,-0.12390760332345963,0.06437693536281586,-0.3451163172721863,-0.14263232052326202,0.08124900609254837,-0.24246998131275177,-0.13717642426490784
Left,E,0.0,0.0,0.0,-0.025882117450237274,-0.2086709588766098,0.046281926333904266,0.013577006757259369,-0.3894326388835907,0.0507698617875576,0.03774314373731613,-0.541297972202301,0.03825609013438225,0.040397100150585175,-0.6434274315834045,0.02715618722140789,0.16198942065238953,-0.4913546144962311,0.009630424901843071,0.276374489068985,-0.6996352076530457,-0.017260175198316574,0.3426858186721802,-0.8270562887191772,-0.03126136213541031,0.39243653416633606,-0.9189704656600952,-0.03855932131409645,0.24529017508029938,-0.4356360137462616,-0.02786729857325554,0.4268154203891754,-0.5833116173744202,-0.04134030267596245,0.5372177958488464,-0.6777945160865784,-0.048558320850133896,0.6102486252784729,-0.7333037853240967,-0.05457817018032074,0.3022761642932892,-0.3472750782966614,-0.06052902713418007,0.45200273394584656,-0.389805406332016,-0.05204680562019348,0.42441457509994507,-0.3199634253978729,-0.02097943238914013,0.37638992071151733,-0.261701375246048,0.00034847285132855177,0.3438725769519806,-0.23702871799468994,-0.09388300031423569,0.4349708557128906,-0.2029419243335724,-0.07939758151769638,0.4133528769016266,-0.1580846607685089,-0.05291057378053665,0.37844768166542053,-0.12605373561382294,-0.02982277236878872
Left,E,0.0,0.0,0.0,0.15728475153446198,-0.004676228854805231,-0.054048921912908554,0.3194759786128998,-0.10689729452133179,-0.06883742660284042,0.4459637403488159,-0.16890430450439453,-0.0877055674791336,0.5377804040908813,-0.1867566704750061,-0.1053362488746643,0.276126891374588,-0.4048720598220825,-0.013057981617748737,0.3622662127017975,-0.5858122706413269,-0.04549568518996239,0.4057159125804901,-0.703404426574707,-0.06988923996686935,0.44107457995414734,-0.8084281086921692,-0.08887690305709839,0.1860997974872589,-0.4519684314727783,-0.023714493960142136,0.22509285807609558,-0.6847612857818604,-0.0702492743730545,0.2477656602859497,-0.8311445713043213,-0.10681824386119843,0.2656395137310028,-0.9557098746299744,-0.12670592963695526,0.09254229068756104,-0.443278968334198,-0.04186452180147171,0.1296524554491043,-0.5960784554481506,-0.1322827786207199,0.12009738385677338,-0.44529813528060913,-0.1503755897283554,0.10522668063640594,-0.3223596513271332,-0.1361565738916397,0.0012998671736568213,-0.39221248030662537,-0.06366685032844543,0.015305866487324238,-0.4341144263744354,-0.15119881927967072,0.019073810428380966,-0.3074008524417877,-0.16326099634170532,0.020293457433581352,-0.19972443580627441,-0.15025705099105835
Left,E,0.0,0.0,0.0,-0.051069535315036774,-0.20703639090061188,0.022889822721481323,-0.039872366935014725,-0.41399964690208435,0.016369841992855072,-0.03850989043712616,-0.5872824192047119,-0.0009061569580808282,-0.06651198863983154,-0.6956442594528198,-0.016476601362228394,0.1641547977924347,-0.5069168210029602,-0.000955679570324719,0.2707684338092804,-0.716459333896637,-0.019664224237203598,0.33632728457450867,-0.8369743824005127,-0.0292215496301651,0.38548508286476135,-0.9221868515014648,-0.03118816390633583,0.25051119923591614,-0.439750075340271,-0.018503747880458832,0.41156503558158875,-0.6028242707252502,-0.02039785124361515,0.5092831254005432,-0.7087864875793457,-0.0214492529630661,0.5726273059844971,-0.7682226300239563,-0.020772265270352364,0.3084874451160431,-0.3395215570926666,-0.031957171857357025,0.39587217569351196,-0.40520021319389343,-0.009998205117881298,0.3536841869354248,-0.3694605529308319,0.013936334289610386,0.3010500371456146,-0.32343971729278564,0.03112742304801941,0.3444625735282898,-0.22968655824661255,-0.046309031546115875,0.3913120627403259,-0.2548472583293915,-0.012765603139996529,0.35440030694007874,-0.2329452782869339,0.020804785192012787,0.3131735026836395,-0.19698427617549896,0.04786789044737816
Left,E,0.0,0.0,0.0,-0.14764748513698578,-0.1426546275615692,0.010235586203634739,-0.21691174805164337,-0.3052678108215332,-0.0021233288571238518,-0.28036993741989136,-0.4481127858161926,-0.021663501858711243,-0.334987998008728,-0.5296137928962708,-0.03999672830104828,-0.02842438779771328,-0.5159526467323303,-0.011326953768730164,-0.02131359651684761,-0.7412191033363342,-0.022937415167689323,-0.013686618767678738,-0.8670502305030823,-0.02946547232568264,-0.002299080602824688,-0.9606601595878601,-0.030513109639286995,0.07592097669839859,-0.5017545223236084,-0.02198660373687744,0.13429167866706848,-0.7418388724327087,-0.014431927353143692,0.16805392503738403,-0.8882720470428467,-0.011538922786712646,0.20007097721099854,-0.9797215461730957,-0.010829729959368706,0.16331958770751953,-0.43340834975242615,-0.028904303908348083,0.19430066645145416,-0.5354052186012268,-0.004529167897999287,0.15793561935424805,-0.4803937077522278,0.014626055024564266,0.13270661234855652,-0.412285178899765,0.02664627507328987,0.22729848325252533,-0.34622421860694885,-0.037179771810770035,0.22262029349803925,-0.3881637752056122,-0.006914498284459114,0.18479745090007782,-0.3419230580329895,0.02275225520133972,0.16811783611774445,-0.28255394101142883,0.04565124958753586
Left,E,0.0,0.0,0.0,0.1569615751504898,-0.059776466339826584,-0.03530452772974968,0.2891973853111267,-0.19046615064144135,-0.046343982219696045,0.38682082295417786,-0.28771862387657166,-0.06606237590312958,0.4668063819408417,-0.35457292199134827,-0.08402246236801147,0.2067648321390152,-0.4653504490852356,0.010545375756919384,0.2694705128669739,-0.6472052931785583,-0.015655633062124252,0.29749414324760437,-0.7582404017448425,-0.035444680601358414,0.31623727083206177,-0.8585525155067444,-0.05215531215071678,0.12146694213151932,-0.4895864725112915,-0.010913736186921597,0.1429542899131775,-0.7271826267242432,-0.05356481671333313,0.15540702641010284,-0.8672575950622559,-0.08609505742788315,0.1576494425535202,-0.9819748401641846,-0.10426966100931168,0.033295661211013794,-0.4601394534111023,-0.04002813249826431,0.07451307773590088,-0.6452678442001343,-0.13025881350040436,0.11169347167015076,-0.4978955090045929,-0.14604507386684418,0.12451639771461487,-0.3759419023990631,-0.13097704946994781,-0.04942119121551514,-0.39060360193252563,-0.07084807008504868,0.007818580605089664,-0.47507885098457336,-0.15888787806034088,0.05209669843316078,-0.3581540286540985,-0.17032374441623688,0.07100038230419159,-0.25069427490234375,-0.1581457406282425
Left,E,0.0,0.0,0.0,-0.10098764300346375,-0.15230387449264526,0.010107992216944695,-0.15306878089904785,-0.33075451850891113,-0.005180060863494873,-0.18689389526844025,-0.49530673027038574,-0.026974540203809738,-0.22286567091941833,-0.600509524345398,-0.04638857766985893,0.01565823331475258,-0.5088526010513306,-0.02891446091234684,0.05764613300561905,-0.7533432841300964,-0.04914271831512451,0.0865439772605896,-0.8893693089485168,-0.05501591041684151,0.1133657842874527,-0.9921119809150696,-0.05349675938487053,0.10643403232097626,-0.4801004230976105,-0.04351920634508133,0.20176911354064941,-0.7087098956108093,-0.048616476356983185,0.2633126676082611,-0.8376417756080627,-0.04590178653597832,0.31071051955223083,-0.9131665825843811,-0.042007677257061005,0.18132665753364563,-0.4068566560745239,-0.05365222692489624,0.2334090918302536,-0.47051572799682617,-0.04092030972242355,0.19702494144439697,-0.4158061742782593,-0.018718624487519264,0.1635485738515854,-0.35732126235961914,-0.0011440151138231158,0.23928925395011902,-0.32137593626976013,-0.06459029018878937,0.26564013957977295,-0.36159002780914307,-0.03901977092027664,0.22632448375225067,-0.314877986907959,-0.005898085422813892,0.1986239105463028,-0.26456141471862793,0.02105594053864479
Left,E,0.0,0.0,0.0,0.14938725531101227,-0.052866607904434204,-0.060233213007450104,0.2842991054058075,-0.17197106778621674,-0.08365246653556824,0.39089372754096985,-0.277945339679718,-0.11027592420578003,0.47489479184150696,-0.35760238766670227,-0.13465362787246704,0.20097127556800842,-0.4539213478565216,-0.0222668144851923,0.2680482268333435,-0.6372560262680054,-0.06459607928991318,0.29896020889282227,-0.7555713653564453,-0.09307906776666641,0.3220452666282654,-0.8619893789291382,-0.11149033904075623,0.10682040452957153,-0.4851492643356323,-0.03129692003130913,0.1244501918554306,-0.7121862769126892,-0.08695367723703384,0.13346529006958008,-0.8556779623031616,-0.12327916920185089,0.1393565982580185,-0.9805014729499817,-0.13855192065238953,0.01514109130948782,-0.45063671469688416,-0.04845460131764412,0.014149709604680538,-0.577320396900177,-0.14400357007980347,0.027653826400637627,-0.41688528656959534,-0.15501320362091064,0.03805224597454071,-0.29403242468833923,-0.13161174952983856,-0.06640654802322388,-0.37207695841789246,-0.06958039849996567,-0.07321850955486298,-0.41713857650756836,-0.15391315519809723,-0.04304804652929306,-0.30093005299568176,-0.1562100201845169,-0.01767856441438198,-0.2058538794517517,-0.13385917246341705
Left,E,0.0,0.0,0.0,-0.058807000517845154,-0.19568926095962524,0.003851552028208971,-0.06404109299182892,-0.39835798740386963,-0.01433469820767641,-0.06574864685535431,-0.568195104598999,-0.0371139794588089,-0.08814490586519241,-0.6731909513473511,-0.05822673439979553,0.08387622237205505,-0.48139485716819763,-0.06062482297420502,0.1742715984582901,-0.7137221693992615,-0.10135362297296524,0.2270759493112564,-0.8566579222679138,-0.1181846559047699,0.26993995904922485,-0.9548876285552979,-0.12378236651420593,0.16995732486248016,-0.4219646751880646,-0.07793521136045456,0.32460567355155945,-0.6220185160636902,-0.10454574227333069,0.41397765278816223,-0.7435910701751709,-0.10969248414039612,0.4791584610939026,-0.8159959316253662,-0.11077263951301575,0.23534990847110748,-0.32892951369285583,-0.08986333012580872,0.35179856419563293,-0.42266541719436646,-0.10066613554954529,0.30649691820144653,-0.38150331377983093,-0.0728721097111702,0.25484269857406616,-0.3263958990573883,-0.04811611399054527,0.28254079818725586,-0.2196018397808075,-0.10267665982246399,0.3392850160598755,-0.2569302022457123,-0.09861122071743011,0.2959766387939453,-0.22909730672836304,-0.06685425341129303,0.25623825192451477,-0.19350624084472656,-0.03779070824384689
Left,E,0.0,0.0,0.0,0.13559752702713013,-0.04048354551196098,-0.04452567547559738,0.2751035988330841,-0.15481384098529816,-0.06269931048154831,0.3769862651824951,-0.23571696877479553,-0.08766639977693558,0.46146535873413086,-0.29205191135406494,-0.10646772384643555,0.21489618718624115,-0.4219580888748169,-0.0028117685578763485,0.28539201617240906,-0.6143283843994141,-0.03802181035280228,0.32033348083496094,-0.7256028652191162,-0.05509951338171959,0.34280452132225037,-0.8227013349533081,-0.06294739246368408,0.13885192573070526,-0.4591219425201416,-0.02029717154800892,0.20432887971401215,-0.7084949612617493,-0.07390520721673965,0.25295770168304443,-0.8417575359344482,-0.10161308944225311,0.28287434577941895,-0.9531369209289551,-0.10729402303695679,0.05536678805947304,-0.4561331570148468,-0.04651081562042236,0.17046014964580536,-0.541663646697998,-0.14098316431045532,0.178720161318779,-0.3676673173904419,-0.14608822762966156,0.15931275486946106,-0.2537773847579956,-0.1161690503358841,-0.022301865741610527,-0.4224272072315216,-0.07579006999731064,0.08680374175310135,-0.4198674261569977,-0.1473507434129715,0.0947934240102768,-0.29124704003334045,-0.1425168812274933,0.07481583952903748,-0.20675009489059448,-0.11775108426809311
Left,E,0.0,0.0,0.0,-0.06878199428319931,-0.19458582997322083,0.04696495085954666,-0.07055133581161499,-0.36017799377441406,0.058888208121061325,-0.06679385155439377,-0.49651333689689636,0.05431040748953819,-0.08033545315265656,-0.5890095233917236,0.04904976114630699,0.11888262629508972,-0.5284377932548523,0.042276836931705475,0.193065345287323,-0.7445055842399597,0.03408729285001755,0.23920822143554688,-0.8685950040817261,0.029287448152899742,0.27701616287231445,-0.9603590369224548,0.031186576932668686,0.2159586250782013,-0.48225337266921997,0.012408992275595665,0.33592697978019714,-0.682256281375885,0.02379828318953514,0.4049767255783081,-0.8060739636421204,0.02334962971508503,0.451632022857666,-0.8834023475646973,0.023389087989926338,0.28660935163497925,-0.39385393261909485,-0.014333793893456459,0.34202608466148376,-0.4493747651576996,0.007516886107623577,0.30396175384521484,-0.4012916684150696,0.014148205518722534,0.26160556077957153,-0.3480386734008789,0.01955452933907509,0.3308767080307007,-0.285433828830719,-0.03980965167284012,0.36092761158943176,-0.2884160876274109,-0.009713449515402317,0.3201066553592682,-0.24835941195487976,0.011931026354432106,0.28156158328056335,-0.19907121360301971,0.030010683462023735
Left,E,0.0,0.0,0.0,-0.033972565084695816,-0.22456486523151398,0.04245348274707794,-0.0028994574677199125,-0.44473257660865784,0.05074501410126686,0.01748698018491268,-0.6204766631126404,0.045395221561193466,0.007077607326209545,-0.7396603226661682,0.04148518294095993,0.19464810192584991,-0.5054867267608643,0.025254057720303535,0.3233981132507324,-0.7021581530570984,0.02341788075864315,0.39778709411621094,-0.8110802173614502,0.027891093865036964,0.454145610332489,-0.890273928642273,0.0341191291809082,0.2813527286052704,-0.42781418561935425,-6.699710502289236e-05,0.4510064423084259,-0.5851688385009766,0.01354257296770811,0.5518127679824829,-0.684121310710907,0.018636850640177727,0.6189283132553101,-0.7356440424919128,0.02104176953434944,0.33540016412734985,-0.31760212779045105,-0.019633600488305092,0.4204075038433075,-0.36539745330810547,0.01728793978691101,0.37414929270744324,-0.33111608028411865,0.042957767844200134,0.319939523935318,-0.28839606046676636,0.05631350725889206,0.36639565229415894,-0.1990765780210495,-0.03889719024300575,0.3896939158439636,-0.21452811360359192,0.003187302267178893,0.3450547754764557,-0.19094739854335785,0.03568407520651817,0.30261456966400146,-0.1571580022573471,0.059220168739557266
Left,E,0.0,0.0,0.0,0.15002207458019257,-0.037885263562202454,-0.06267156451940536,0.28926244378089905,-0.16490544378757477,-0.08213603496551514,0.3930416703224182,-0.27358025312423706,-0.10445304214954376,0.4745195508003235,-0.3555568754673004,-0.12349434196949005,0.2299024909734726,-0.4370986819267273,-0.01735340803861618,0.29814863204956055,-0.6257718205451965,-0.05551457405090332,0.32756784558296204,-0.7438071966171265,-0.08091378211975098,0.3515963554382324,-0.852731466293335,-0.09886538982391357,0.13623328506946564,-0.47599247097969055,-0.02520209737122059,0.1535150110721588,-0.7112401127815247,-0.07700422406196594,0.16506823897361755,-0.851692259311676,-0.11226261407136917,0.17633049190044403,-0.9758337736129761,-0.12905795872211456,0.04408382624387741,-0.4514244794845581,-0.04167426750063896,0.06331930309534073,-0.6033843755722046,-0.13833661377429962,0.06638205051422119,-0.44093412160873413,-0.1523142009973526,0.0665435642004013,-0.31383609771728516,-0.13305534422397614,-0.037538204342126846,-0.37949851155281067,-0.06232886761426926,-0.029081350192427635,-0.4051361680030823,-0.15697820484638214,-0.00865083932876587,-0.2714208662509918,-0.16883420944213867,0.010005359537899494,-0.1622796654701233,-0.1532650738954544
Left,E,0.0,0.0,0.0,0.15240569412708282,-0.04560812935233116,-0.05880378186702728,0.2939399480819702,-0.16898544132709503,-0.08074966818094254,0.39974966645240784,-0.267677366733551,-0.10596909373998642,0.4775896370410919,-0.337383896112442,-0.13017667829990387,0.2277664691209793,-0.45037639141082764,-0.026606444269418716,0.2852778136730194,-0.6286823749542236,-0.06858888268470764,0.3156338632106781,-0.7393177151679993,-0.09800432622432709,0.3413950502872467,-0.8392156362533569,-0.11899904161691666,0.1319219022989273,-0.4904898703098297,-0.03749813511967659,0.1584998071193695,-0.7268474102020264,-0.09097881615161896,0.1786244958639145,-0.8601709604263306,-0.12350083142518997,0.1962883174419403,-0.9705226421356201,-0.1398458331823349,0.03506900370121002,-0.46795225143432617,-0.05705777928233147,0.04023539274930954,-0.6521382927894592,-0.15283603966236115,0.050492484122514725,-0.49703362584114075,-0.16565273702144623,0.06136203557252884,-0.3655843436717987,-0.1478174775838852,-0.05884337052702904,-0.40214431285858154,-0.08063852041959763,-0.0621943473815918,-0.4736189842224121,-0.17159035801887512,-0.03784524276852608,-0.35402658581733704,-0.18226534128189087,-0.01306764967739582,-0.24833853542804718,-0.1689925342798233
Left,E,0.0,0.0,0.0,-0.03888004273176193,-0.23186838626861572,-0.04030955955386162,-0.007243125233799219,-0.4508439600467682,-0.07706891745328903,0.032599031925201416,-0.6416682600975037,-0.10780472308397293,0.04429006204009056,-0.7954463362693787,-0.13435855507850647,0.2231011688709259,-0.455453485250473,-0.0882146880030632,0.3708418905735016,-0.6516713500022888,-0.12445047497749329,0.4608050286769867,-0.7568122744560242,-0.14246320724487305,0.5353528261184692,-0.8313053846359253,-0.14942778646945953,0.3060963451862335,-0.3414652943611145,-0.07458876818418503,0.4825361371040344,-0.5037492513656616,-0.09392478317022324,0.5916963219642639,-0.5955869555473328,-0.09712021052837372,0.6731926202774048,-0.6442021131515503,-0.09589238464832306,0.3396170735359192,-0.20240113139152527,-0.05782490596175194,0.38721007108688354,-0.31656014919281006,-0.05966704338788986,0.31627771258354187,-0.3134763836860657,-0.040660519152879715,0.2585567235946655,-0.27927079796791077,-0.021489232778549194,0.34252142906188965,-0.07792339473962784,-0.04419485107064247,0.34869539737701416,-0.15204788744449615,-0.03617974743247032,0.28394922614097595,-0.15182776749134064,-0.009304598905146122,0.24055421352386475,-0.11242228001356125,0.01679905131459236
Left,E,0.0,0.0,0.0,0.10705433785915375,-0.21372181177139282,0.002601249609142542,0.25530698895454407,-0.3623899817466736,-0.036054577678442,0.3729349374771118,-0.5059309601783752,-0.08572088927030563,0.4434952437877655,-0.6313685178756714,-0.13658957183361053,0.503158450126648,-0.16681794822216034,-0.07040993124246597,0.7391727566719055,-0.12682859599590302,-0.11185387521982193,0.8797124624252319,-0.09507948160171509,-0.1365707814693451,0.985986590385437,-0.059080615639686584,-0.15601228177547455,0.5271658301353455,-0.009580631740391254,-0.10840147733688354,0.6355945467948914,0.2581169605255127,-0.1322670429944992,0.6301336884498596,0.35989928245544434,-0.1330496221780777,0.6282223463058472,0.4040752649307251,-0.13847188651561737,0.49225297570228577,0.15003395080566406,-0.1428442746400833,0.5078345537185669,0.3448399305343628,-0.15364424884319305,0.434389591217041,0.32617124915122986,-0.12620066106319427,0.3865661323070526,0.27338385581970215,-0.11497735977172852,0.4355848729610443,0.300696462392807,-0.17956602573394775,0.42540812492370605,0.41962435841560364,-0.17448802292346954,0.3579963147640228,0.3846552073955536,-0.13765357434749603,0.31548231840133667,0.32291728258132935,-0.11222982406616211
Left,E,0.0,0.0,0.0,0.16928747296333313,0.0269684586673975,0.026035627350211143,0.32045605778694153,0.13572922348976135,0.018205085769295692,0.44266578555107117,0.21040800213813782,0.0005572826485149562,0.5438875555992126,0.2342953234910965,-0.018230002373456955,0.35540369153022766,0.36007216572761536,-0.030535751953721046,0.40069955587387085,0.6187058687210083,-0.05878845229744911,0.4237452745437622,0.7754640579223633,-0.07096890360116959,0.43282967805862427,0.8938449621200562,-0.07812664657831192,0.2732694745063782,0.4241284132003784,-0.06562165915966034,0.24958844482898712,0.7346276044845581,-0.08721701800823212,0.22176910936832428,0.8812074661254883,-0.08837690204381943,0.20264410972595215,0.9751873016357422,-0.08913572877645493,0.17246484756469727,0.44797104597091675,-0.09524478763341904,0.1141071692109108,0.6367455720901489,-0.10655125975608826,0.09038884192705154,0.5515695214271545,-0.08005451411008835,0.09271125495433807,0.4563150107860565,-0.06080503389239311,0.06794223934412003,0.4454152286052704,-0.12363524734973907,0.019778644666075706,0.5148084163665771,-0.1208501011133194,0.0084511274471879,0.4396419823169708,-0.09138950705528259,0.018701110035181046,0.3668157756328583,-0.06732051074504852
Left,E,0.0,0.0,0.0,0.16068169474601746,0.028803320601582527,0.013002648949623108,0.30823996663093567,0.14228971302509308,0.0011719715548679233,0.42277464270591736,0.22151154279708862,-0.018328169360756874,0.5224337577819824,0.2479144036769867,-0.03821040317416191,0.3411235213279724,0.36730289459228516,-0.03810754418373108,0.37567076086997986,0.626305878162384,-0.0712147057056427,0.3945451080799103,0.7814159989356995,-0.0868280678987503,0.40055781602859497,0.8990221619606018,-0.09624584019184113,0.25941216945648193,0.4252992868423462,-0.06772422790527344,0.22741660475730896,0.7208690047264099,-0.09392987936735153,0.201338529586792,0.8719044327735901,-0.09916748106479645,0.18705496191978455,0.9768919348716736,-0.10340449213981628,0.16007167100906372,0.44623565673828125,-0.09386759996414185,0.10151641070842743,0.6287781596183777,-0.11441219598054886,0.08029724657535553,0.5448923110961914,-0.09426780045032501,0.08394455164670944,0.4516970217227936,-0.07793571054935455,0.05597732216119766,0.44195619225502014,-0.11967078596353531,0.006502975709736347,0.512083888053894,-0.1278911978006363,-0.0027493159286677837,0.4363408386707306,-0.1061556339263916,0.00873718410730362,0.363863080739975,-0.08668825775384903
Left,E,0.0,0.0,0.0,0.1489645540714264,0.014611084014177322,-0.07529844343662262,0.3039668798446655,-0.041720207780599594,-0.11178603023290634,0.424490749835968,-0.08604318648576736,-0.14916053414344788,0.5163410305976868,-0.12124507129192352,-0.1850602924823761,0.2726150155067444,-0.3642703592777252,-0.06334041059017181,0.37197762727737427,-0.5486149787902832,-0.12012060731649399,0.4230516850948334,-0.6614643335342407,-0.15522439777851105,0.46485909819602966,-0.7670145034790039,-0.17857174575328827,0.18432317674160004,-0.4322279393672943,-0.07019941508769989,0.24421872198581696,-0.6613791584968567,-0.13879133760929108,0.2770497500896454,-0.8063123226165771,-0.1824527531862259,0.30149298906326294,-0.9313124418258667,-0.20435038208961487,0.08459657430648804,-0.43196600675582886,-0.08400171250104904,0.1014171913266182,-0.5828856229782104,-0.1823863536119461,0.0789610743522644,-0.42882445454597473,-0.1917893886566162,0.062299471348524094,-0.3071954548358917,-0.1709280163049698,-0.013741868548095226,-0.3795652687549591,-0.10344746708869934,-0.03959604725241661,-0.4164946973323822,-0.19329677522182465,-0.038024093955755234,-0.2928527891635895,-0.19858017563819885,-0.02900887466967106,-0.1857166886329651,-0.17954078316688538
Left,E,0.0,0.0,0.0,-0.07690296322107315,-0.19147516787052155,0.024411652237176895,-0.09174603968858719,-0.393619179725647,0.015207197517156601,-0.10090257972478867,-0.5763217806816101,-0.0014605742180719972,-0.12066955864429474,-0.6940488815307617,-0.014878534711897373,0.110946886241436,-0.5016158223152161,-0.01721152663230896,0.1965263932943344,-0.7382397651672363,-0.03438445180654526,0.24609023332595825,-0.8672070503234863,-0.03923315182328224,0.2841753363609314,-0.9580078721046448,-0.03827722743153572,0.2012936770915985,-0.4427782893180847,-0.0302767064422369,0.34292131662368774,-0.6500587463378906,-0.03094673901796341,0.4136960506439209,-0.7772751450538635,-0.025187894701957703,0.4583428204059601,-0.8482407331466675,-0.021559767425060272,0.26523518562316895,-0.3506065011024475,-0.03672827407717705,0.36073657870292664,-0.4750259816646576,-0.004690537229180336,0.3130207657814026,-0.4438784122467041,0.03141026198863983,0.26187360286712646,-0.3950904905796051,0.05219556763768196,0.3054983913898468,-0.24889566004276276,-0.0438573956489563,0.3258509039878845,-0.30552488565444946,-0.00425745127722621,0.2758791148662567,-0.28719252347946167,0.031304411590099335,0.23816345632076263,-0.2507411539554596,0.05769392475485802
Left,E,0.0,0.0,0.0,-0.04605499282479286,-0.1884198933839798,0.05109015479683876,-0.050284042954444885,-0.3862932622432709,0.06736645102500916,-0.04283365234732628,-0.5428521633148193,0.06753019988536835,-0.05469502508640289,-0.6398187875747681,0.07015344500541687,0.12566392123699188,-0.5304295420646667,0.046752169728279114,0.21108080446720123,-0.7500735521316528,0.05173565447330475,0.2600615918636322,-0.866830050945282,0.06038812920451164,0.2954811453819275,-0.9528233408927917,0.0694156140089035,0.2100045382976532,-0.4895687401294708,0.014183069579303265,0.33981943130493164,-0.6876654624938965,0.023126641288399696,0.41314080357551575,-0.8107909560203552,0.023252414539456367,0.46456336975097656,-0.8811035752296448,0.023455055430531502,0.27124375104904175,-0.40806934237480164,-0.013547396287322044,0.3800337612628937,-0.4461000859737396,0.009702282026410103,0.3471088707447052,-0.3907964825630188,0.024623369798064232,0.3024868369102478,-0.33763352036476135,0.034397564828395844,0.3157719373703003,-0.30761346220970154,-0.04000493139028549,0.36913052201271057,-0.2943532168865204,-0.007821597158908844,0.3341553509235382,-0.25109627842903137,0.015888093039393425,0.2947266101837158,-0.209911048412323,0.034444112330675125
Left,E,0.0,0.0,0.0,-0.11289319396018982,-0.17944316565990448,-0.021668681874871254,-0.15821368992328644,-0.3860216736793518,-0.03973816707730293,-0.18473480641841888,-0.5648255944252014,-0.06077279895544052,-0.2117682695388794,-0.6925033330917358,-0.07740369439125061,0.06424912065267563,-0.5238282680511475,-0.018183335661888123,0.11863001435995102,-0.7544733285903931,-0.03742959350347519,0.1578945517539978,-0.8824591636657715,-0.04758841171860695,0.19045497477054596,-0.9804496765136719,-0.049451328814029694,0.16024719178676605,-0.47555631399154663,-0.02272914908826351,0.25444456934928894,-0.6823469400405884,-0.029698969796299934,0.31139034032821655,-0.8059607148170471,-0.03596131503582001,0.35458892583847046,-0.8806806206703186,-0.036340631544589996,0.22527854144573212,-0.39178910851478577,-0.029396608471870422,0.23879030346870422,-0.4403769075870514,-0.03541106358170509,0.1959953010082245,-0.38771235942840576,-0.033082831650972366,0.1626465916633606,-0.3288096785545349,-0.022833622992038727,0.2715376019477844,-0.2997141480445862,-0.03924260288476944,0.26964905858039856,-0.31957095861434937,-0.03355269506573677,0.2295004278421402,-0.2737524211406708,-0.0155569426715374,0.20308099687099457,-0.22379916906356812,0.004523326177150011
Left,E,0.0,0.0,0.0,-0.10710857063531876,-0.1874910145998001,-0.009969253093004227,-0.1310352236032486,-0.39301830530166626,-0.023491526022553444,-0.13378280401229858,-0.5654395222663879,-0.043428461998701096,-0.14980511367321014,-0.6839106678962708,-0.06039091944694519,0.08854071795940399,-0.5319199562072754,-0.007121121510863304,0.15014277398586273,-0.7491633296012878,-0.030232509598135948,0.19384682178497314,-0.8783581256866455,-0.04459083452820778,0.2290540188550949,-0.9720601439476013,-0.051316287368535995,0.1781492382287979,-0.4837729036808014,-0.02190978452563286,0.2861765921115875,-0.6840232014656067,-0.03266945481300354,0.3478790521621704,-0.8066036701202393,-0.04270433261990547,0.39636698365211487,-0.8825557827949524,-0.04798896983265877,0.24112415313720703,-0.39914005994796753,-0.03860705718398094,0.3192611336708069,-0.4723444879055023,-0.048225872218608856,0.28290995955467224,-0.4142225980758667,-0.04366306960582733,0.24277110397815704,-0.35064399242401123,-0.03426613286137581,0.28763723373413086,-0.29186782240867615,-0.05849478766322136,0.31435009837150574,-0.31303250789642334,-0.06027465686202049,0.276069700717926,-0.26971688866615295,-0.04711826518177986,0.24423933029174805,-0.22145503759384155,-0.03063487634062767
Left,E,0.0,0.0,0.0,-0.0426572784781456,-0.19414663314819336,0.07641907781362534,-0.04166286811232567,-0.3738439679145813,0.10124146193265915,-0.03302028030157089,-0.525484025478363,0.10459811985492706,-0.047813642770051956,-0.6056686043739319,0.10862777382135391,0.10752028226852417,-0.5320450663566589,0.06850200146436691,0.18335191905498505,-0.7463906407356262,0.06590871512889862,0.22478684782981873,-0.8688293695449829,0.06463897973299026,0.25353217124938965,-0.9614613056182861,0.06665659695863724,0.18798276782035828,-0.5026836395263672,0.025008028373122215,0.3080979883670807,-0.7137911319732666,0.03052004799246788,0.37428784370422363,-0.8361939787864685,0.02529807947576046,0.4162774682044983,-0.9089670181274414,0.02217988856136799,0.2542792558670044,-0.42813917994499207,-0.011511342599987984,0.36700886487960815,-0.47838273644447327,0.017791766673326492,0.3440241515636444,-0.41825100779533386,0.03732755780220032,0.3054560124874115,-0.36729782819747925,0.04900101199746132,0.30323824286460876,-0.32694748044013977,-0.04559067636728287,0.37496933341026306,-0.3147672116756439,-0.002680637175217271,0.3426474630832672,-0.2705010771751404,0.02806396596133709,0.3039606511592865,-0.23259960114955902,0.05046458542346954
Left,E,0.0,0.0,0.0,-0.0735466256737709,-0.19769376516342163,-0.01678888127207756,-0.09987340122461319,-0.38990727066993713,-0.05114470049738884,-0.10524142533540726,-0.5817777514457703,-0.08436204493045807,-0.1124395802617073,-0.7279587984085083,-0.11261286586523056,0.11794523149728775,-0.4852396249771118,-0.07339700311422348,0.21781349182128906,-0.7238644957542419,-0.10029561817646027,0.2774192988872528,-0.8482644557952881,-0.10944005101919174,0.3310878276824951,-0.9368712306022644,-0.11248605698347092,0.21909251809120178,-0.40886127948760986,-0.07207988947629929,0.346149742603302,-0.6205688714981079,-0.08544577658176422,0.42641481757164,-0.7446909546852112,-0.08505644649267197,0.48963943123817444,-0.8240845203399658,-0.08709380030632019,0.28284159302711487,-0.29675525426864624,-0.06583242863416672,0.3596944212913513,-0.4200391471385956,-0.060343820601701736,0.31359076499938965,-0.38974305987358093,-0.03323103114962578,0.25925248861312866,-0.3385167121887207,-0.01482062041759491,0.3217811584472656,-0.18245387077331543,-0.06182660534977913,0.38161006569862366,-0.22835294902324677,-0.05783117935061455,0.3722790777683258,-0.22240182757377625,-0.03967922553420067,0.3566399812698364,-0.20364369451999664,-0.02188236080110073
Left,E,0.0,0.0,0.0,-0.07524026930332184,-0.17029833793640137,0.03083960898220539,-0.10509288311004639,-0.3474504053592682,0.02497231401503086,-0.11853935569524765,-0.5000805854797363,0.008597864769399166,-0.14340466260910034,-0.598518431186676,-0.005996302701532841,0.06275659054517746,-0.5141621232032776,-0.010007770732045174,0.10907476395368576,-0.7482568621635437,-0.031429726630449295,0.136448472738266,-0.8795760273933411,-0.04071702063083649,0.16203546524047852,-0.9767538905143738,-0.042722187936306,0.14936059713363647,-0.4812942147254944,-0.03533884510397911,0.23573818802833557,-0.7206771969795227,-0.04629672318696976,0.28468653559684753,-0.8592100143432617,-0.04712274298071861,0.32239294052124023,-0.9454544186592102,-0.04667697846889496,0.22233213484287262,-0.4048149883747101,-0.054587408900260925,0.30889108777046204,-0.5272594094276428,-0.04237966984510422,0.2752770483493805,-0.4732700288295746,-0.014296265318989754,0.23540116846561432,-0.4102323055267334,0.005366586148738861,0.27929529547691345,-0.30233362317085266,-0.07364039868116379,0.3182370960712433,-0.3560389280319214,-0.04664295166730881,0.2805941104888916,-0.3185335397720337,-0.01135183870792389,0.24859994649887085,-0.2696073651313782,0.01662801019847393
Left,E,0.0,0.0,0.0,0.15060004591941833,-0.06965214759111404,-0.04272070899605751,0.2843244969844818,-0.2120845764875412,-0.053184013813734055,0.38860854506492615,-0.31140202283859253,-0.07066494971513748,0.4671533405780792,-0.3752609193325043,-0.08638124167919159,0.18515408039093018,-0.48660793900489807,0.0026024309918284416,0.2347135692834854,-0.682196319103241,-0.027600357308983803,0.25260037183761597,-0.8034317493438721,-0.049759600311517715,0.26658326387405396,-0.9124985933303833,-0.0664060041308403,0.09177172183990479,-0.5046829581260681,-0.012461033649742603,0.09947201609611511,-0.7270964980125427,-0.05642343685030937,0.1013038158416748,-0.8682164549827576,-0.09034530073404312,0.10171402245759964,-0.9889554381370544,-0.10780274868011475,0.002388412831351161,-0.46333885192871094,-0.034880321472883224,0.002183865988627076,-0.6096793413162231,-0.11905299127101898,0.026771828532218933,-0.4557056427001953,-0.13118955492973328,0.04329949989914894,-0.33088934421539307,-0.11270743608474731,-0.07964863628149033,-0.379382848739624,-0.060651745647192,-0.07831422984600067,-0.4255487024784088,-0.13866513967514038,-0.03439611941576004,-0.3162807822227478,-0.14567464590072632,0.0020685370545834303,-0.22303113341331482,-0.12956339120864868
Left,E,0.0,0.0,0.0,-0.07424592226743698,-0.18122802674770355,0.06249605491757393,-0.08632447570562363,-0.36118578910827637,0.07718519121408463,-0.08367360383272171,-0.5233267545700073,0.07542947679758072,-0.09720490872859955,-0.6234791874885559,0.07614137977361679,0.09005948901176453,-0.5257073044776917,0.04336316138505936,0.16212239861488342,-0.7514441609382629,0.039434824138879776,0.20190295577049255,-0.8792866468429565,0.03966198489069939,0.23526161909103394,-0.9709628820419312,0.04339417815208435,0.1793617159128189,-0.4851570129394531,0.011054703034460545,0.29723331332206726,-0.7027280926704407,0.013792353682219982,0.3617977499961853,-0.8337958455085754,0.01656349189579487,0.40553632378578186,-0.9099960923194885,0.019000409170985222,0.24997636675834656,-0.400924950838089,-0.013760642148554325,0.3521682322025299,-0.5144634246826172,0.018691034987568855,0.3163606524467468,-0.4632946252822876,0.05438075214624405,0.2741602063179016,-0.4067745804786682,0.07690130174160004,0.2998121976852417,-0.29424795508384705,-0.036632705479860306,0.34207814931869507,-0.34879541397094727,0.010347695089876652,0.30181756615638733,-0.3123628497123718,0.05262504890561104,0.2687431573867798,-0.2652592062950134,0.0837494432926178
Left,E,0.0,0.0,0.0,-0.08562810719013214,-0.183521568775177,0.04280165955424309,-0.09912465512752533,-0.36762943863868713,0.04968083277344704,-0.09903329610824585,-0.5310202836990356,0.0452229306101799,-0.11352114379405975,-0.633773148059845,0.04242068901658058,0.09152490645647049,-0.5205940008163452,0.01748277060687542,0.1612289398908615,-0.7478055953979492,0.008390802890062332,0.19941483438014984,-0.8787473440170288,0.0047054598107934,0.23317502439022064,-0.9724107384681702,0.006848364602774382,0.18410786986351013,-0.4737817645072937,-0.004302396439015865,0.2992331385612488,-0.6954197883605957,0.0050322371535003185,0.35797253251075745,-0.8237637877464294,0.01361151970922947,0.3979991674423218,-0.9030445218086243,0.018746990710496902,0.254928320646286,-0.38768255710601807,-0.02014659158885479,0.3511565625667572,-0.5033003091812134,0.010372583754360676,0.3108255863189697,-0.4641432464122772,0.03886376693844795,0.26341429352760315,-0.4092846214771271,0.056172601878643036,0.2998620271682739,-0.28575071692466736,-0.03480298072099686,0.3273569941520691,-0.3346202075481415,0.005951509345322847,0.2826203405857086,-0.3071054220199585,0.04175364971160889,0.24828186631202698,-0.26072800159454346,0.06845057755708694
Left,E,0.0,0.0,0.0,0.14261654019355774,-0.02500142529606819,-0.055971909314394,0.281272292137146,-0.15611256659030914,-0.06946292519569397,0.3772563934326172,-0.2641758620738983,-0.08629894256591797,0.45330092310905457,-0.3384319245815277,-0.09997928142547607,0.22888949513435364,-0.4337384104728699,-0.01667672023177147,0.2956210672855377,-0.6261065006256104,-0.05378108099102974,0.32933881878852844,-0.7465935945510864,-0.07683537155389786,0.35280126333236694,-0.8533620834350586,-0.09206309169530869,0.13812926411628723,-0.468511164188385,-0.026474865153431892,0.1702711284160614,-0.7013818621635437,-0.07907360792160034,0.19302821159362793,-0.8474913835525513,-0.11547444760799408,0.2083820402622223,-0.9691178202629089,-0.13186201453208923,0.046746063977479935,-0.4464201033115387,-0.04432958737015724,0.08664020150899887,-0.5792272090911865,-0.13947772979736328,0.10115367919206619,-0.4246847629547119,-0.15743055939674377,0.10307300835847855,-0.3014140725135803,-0.1399507224559784,-0.038964007049798965,-0.38074183464050293,-0.06564177572727203,-0.004999991040676832,-0.40004411339759827,-0.1537325233221054,0.023134373128414154,-0.2793477177619934,-0.1666802316904068,0.04046480357646942,-0.18194180727005005,-0.15268827974796295
Left,E,0.0,0.0,0.0,-0.09144153445959091,-0.1892496645450592,-0.014136439189314842,-0.11745334416627884,-0.38750797510147095,-0.03879331424832344,-0.13565871119499207,-0.5653224587440491,-0.06686710566282272,-0.1634828746318817,-0.6876847147941589,-0.09311482310295105,0.10068465024232864,-0.5060988068580627,-0.03851364180445671,0.17385506629943848,-0.7323535680770874,-0.06755703687667847,0.21593786776065826,-0.865978479385376,-0.08402644097805023,0.2522611618041992,-0.9633325934410095,-0.09140385687351227,0.1914530247449875,-0.4490745961666107,-0.04895132780075073,0.3012388348579407,-0.6719316244125366,-0.06385199725627899,0.3641951382160187,-0.7951173186302185,-0.07067207992076874,0.417295902967453,-0.8701069951057434,-0.07365929335355759,0.25440892577171326,-0.3561737537384033,-0.05854270979762077,0.31880882382392883,-0.472182959318161,-0.07198269665241241,0.2666465938091278,-0.42726120352745056,-0.06447194516658783,0.2192174196243286,-0.3651094436645508,-0.05295972898602486,0.2995845377445221,-0.24837549030780792,-0.0696270614862442,0.306415319442749,-0.2974982261657715,-0.0767115131020546,0.2557435631752014,-0.2658606767654419,-0.06217677518725395,0.223227858543396,-0.22149555385112762,-0.04411547631025314
Left,E,0.0,0.0,0.0,0.14821837842464447,-0.04471295699477196,-0.051623813807964325,0.28176161646842957,-0.18825271725654602,-0.0677366852760315,0.38262510299682617,-0.30032598972320557,-0.08922000229358673,0.45929449796676636,-0.38264206051826477,-0.10796096920967102,0.21392011642456055,-0.4533342123031616,-0.013256324455142021,0.2744543254375458,-0.6449659466743469,-0.05259539559483528,0.30224189162254333,-0.7658121585845947,-0.07695130258798599,0.3207251727581024,-0.8737136721611023,-0.09409735351800919,0.1233292669057846,-0.48121458292007446,-0.027755388990044594,0.1419241577386856,-0.7126908898353577,-0.08558984845876694,0.1532113403081894,-0.8553009033203125,-0.12368907779455185,0.16045677661895752,-0.9769223928451538,-0.140982985496521,0.030355878174304962,-0.4518282115459442,-0.05004625767469406,0.057636845856904984,-0.6016684770584106,-0.14939776062965393,0.08320003002882004,-0.4435960054397583,-0.16250602900981903,0.0960724800825119,-0.3202773630619049,-0.14107123017311096,-0.05482976511120796,-0.380022257566452,-0.0759320855140686,-0.022382700815796852,-0.40458646416664124,-0.1696138232946396,0.019941313192248344,-0.2818948030471802,-0.1821301430463791,0.04885004088282585,-0.1856987029314041,-0.16683025658130646
Left,E,0.0,0.0,0.0,0.05585289001464844,-0.1904740333557129,0.05660957470536232,0.16050247848033905,-0.34861767292022705,0.06398991495370865,0.2634226381778717,-0.4089820981025696,0.04655734822154045,0.3394423723220825,-0.4268055558204651,0.032534677535295486,0.1488921046257019,-0.45320966839790344,0.05185839906334877,0.22855913639068604,-0.6702518463134766,0.03574024513363838,0.2737964689731598,-0.792780876159668,0.03257082402706146,0.304676353931427,-0.9027283191680908,0.030213071033358574,0.17930376529693604,-0.4576910734176636,-0.008007839322090149,0.276349812746048,-0.6904777884483337,-0.035046789795160294,0.3345203697681427,-0.820276141166687,-0.04771843180060387,0.3744741976261139,-0.9257826805114746,-0.05191939324140549,0.2051694244146347,-0.4129765033721924,-0.0657602846622467,0.3850592076778412,-0.4847721457481384,-0.0895773321390152,0.3589164912700653,-0.37873849272727966,-0.0734209343791008,0.3057405352592468,-0.32807493209838867,-0.05369777977466583,0.24722172319889069,-0.3249456584453583,-0.12293200939893723,0.38902363181114197,-0.29570379853248596,-0.12549389898777008,0.3493889272212982,-0.23420412838459015,-0.10878033936023712,0.288580060005188,-0.22314266860485077,-0.0934501588344574
Left,E,0.0,0.0,0.0,-0.09547574818134308,-0.17830504477024078,0.020862333476543427,-0.12547479569911957,-0.36883851885795593,0.016306515783071518,-0.13562388718128204,-0.5395312905311584,0.005223884712904692,-0.15393517911434174,-0.6445151567459106,-0.0036297591868788004,0.07505644112825394,-0.5105674862861633,-0.007807831279933453,0.140877828001976,-0.7499850392341614,-0.017686618492007256,0.1766485571861267,-0.8822931051254272,-0.02028398960828781,0.20806102454662323,-0.9779573082923889,-0.01760968752205372,0.17050108313560486,-0.46484747529029846,-0.01943882927298546,0.2794947922229767,-0.6918904185295105,-0.00905899703502655,0.33549442887306213,-0.8228572010993958,-5.135307219461538e-05,0.3760727643966675,-0.8974577784538269,0.004980579484254122,0.2419351488351822,-0.3802371621131897,-0.026014789938926697,0.3173763155937195,-0.5004479885101318,0.003005970036610961,0.2731694281101227,-0.4613153040409088,0.02791428193449974,0.23128703236579895,-0.40036970376968384,0.04219745099544525,0.2882929742336273,-0.28626763820648193,-0.0327005609869957,0.3016774654388428,-0.3369090259075165,-0.0009774417849257588,0.2532080411911011,-0.3043833374977112,0.02812524512410164,0.2243928611278534,-0.25215551257133484,0.050728123635053635
Left,E,0.0,0.0,0.0,-0.07132835686206818,-0.1893688142299652,-0.0032957480289041996,-0.07852417230606079,-0.3904062509536743,-0.022929582744836807,-0.07215897738933563,-0.561211109161377,-0.047404445707798004,-0.08536332100629807,-0.6763947010040283,-0.07033221423625946,0.09272097051143646,-0.48921999335289,-0.04901708662509918,0.18516601622104645,-0.7195671200752258,-0.08367808908224106,0.23942701518535614,-0.8563263416290283,-0.09909801930189133,0.28559091687202454,-0.9526036381721497,-0.10480525344610214,0.1839354932308197,-0.42780327796936035,-0.06696195900440216,0.3133229613304138,-0.6498380303382874,-0.09023745357990265,0.38936370611190796,-0.785375714302063,-0.09949332475662231,0.450130820274353,-0.8679177761077881,-0.10397893190383911,0.250037282705307,-0.33051422238349915,-0.0813605859875679,0.3659053444862366,-0.44840002059936523,-0.10059870779514313,0.3196140229701996,-0.4137688875198364,-0.08830983191728592,0.2653062045574188,-0.3593728840351105,-0.07299752533435822,0.2971338927745819,-0.21633903682231903,-0.09611543267965317,0.3463090658187866,-0.2616416811943054,-0.1048535630106926,0.30589237809181213,-0.23794348537921906,-0.08602598309516907,0.2690616548061371,-0.20266467332839966,-0.06468692421913147
Left,E,0.0,0.0,0.0,0.15151537954807281,-0.05940396338701248,-0.043012239038944244,0.2884993851184845,-0.2029619961977005,-0.0516265444457531,0.3849571645259857,-0.32061752676963806,-0.06661812216043472,0.4630793035030365,-0.3969952464103699,-0.07943540066480637,0.21063290536403656,-0.4750151038169861,0.006150399334728718,0.26782429218292236,-0.6655178666114807,-0.02245735377073288,0.2912769317626953,-0.7852920293807983,-0.043278150260448456,0.30899786949157715,-0.8904345631599426,-0.05868630111217499,0.11768198758363724,-0.4948287308216095,-0.009777613915503025,0.13480453193187714,-0.7262020111083984,-0.05236269161105156,0.1461629420518875,-0.8663471341133118,-0.08330630511045456,0.15517395734786987,-0.9829868674278259,-0.09827422350645065,0.02659354731440544,-0.4582040309906006,-0.033714402467012405,0.038828153163194656,-0.6111712455749512,-0.1203671470284462,0.05903422087430954,-0.45440322160720825,-0.13066786527633667,0.07121693342924118,-0.32847464084625244,-0.1103002205491066,-0.05965295806527138,-0.37954485416412354,-0.060761794447898865,-0.048563018441200256,-0.43775540590286255,-0.14233264327049255,-0.014841226860880852,-0.318447083234787,-0.14784125983715057,0.010230939835309982,-0.21754853427410126,-0.13011808693408966
Left,E,0.0,0.0,0.0,-0.06886889040470123,-0.17112818360328674,0.043693602085113525,-0.08180946111679077,-0.35653260350227356,0.05281578004360199,-0.079710952937603,-0.5115637183189392,0.04962659999728203,-0.09432370960712433,-0.6006811857223511,0.04852179065346718,0.06819958239793777,-0.52117520570755,0.016982372850179672,0.13385283946990967,-0.7542129158973694,0.005014035850763321,0.17642652988433838,-0.884526252746582,0.0016257485840469599,0.20993296802043915,-0.9777088165283203,0.0036959790159016848,0.15506333112716675,-0.4853041172027588,-0.011342301964759827,0.26066386699676514,-0.7178006172180176,-0.011561959981918335,0.31955042481422424,-0.8504391312599182,-0.010489125736057758,0.3612087368965149,-0.9320470690727234,-0.00896940566599369,0.2254045307636261,-0.40863069891929626,-0.03380497545003891,0.33087825775146484,-0.5216174125671387,-0.01712142489850521,0.29488715529441833,-0.4694244861602783,0.007311861030757427,0.25048014521598816,-0.40827667713165283,0.02474941685795784,0.2785480320453644,-0.3102496266365051,-0.054966382682323456,0.330913245677948,-0.34363308548927307,-0.02957722544670105,0.29294806718826294,-0.3036074936389923,-0.0006376721430569887,0.25850710272789,-0.25639453530311584,0.023414742201566696
Left,E,0.0,0.0,0.0,-0.07255729287862778,-0.16949431598186493,0.035489216446876526,-0.09231743961572647,-0.34177085757255554,0.03783784434199333,-0.10031875967979431,-0.48623743653297424,0.026562556624412537,-0.122469961643219,-0.5834034085273743,0.016153013333678246,0.0774892047047615,-0.5289390087127686,0.01733391359448433,0.12807370722293854,-0.7539299726486206,0.0024335545022040606,0.1602247655391693,-0.8813017010688782,-0.006699723657220602,0.1886235624551773,-0.9753396511077881,-0.00919667724519968,0.16597503423690796,-0.5004820227622986,-0.011421019211411476,0.2633598744869232,-0.724431037902832,-0.009567582048475742,0.32251566648483276,-0.853874683380127,-0.01398698054254055,0.36568382382392883,-0.9305669665336609,-0.017899081110954285,0.23722657561302185,-0.42543455958366394,-0.03646072372794151,0.32957687973976135,-0.5053950548171997,-0.021691862493753433,0.3025469481945038,-0.44831570982933044,-0.00977416429668665,0.26398947834968567,-0.3889558017253876,-0.0015822973800823092,0.2915615737438202,-0.32444944977760315,-0.06099680811166763,0.33925339579582214,-0.344837486743927,-0.03656284511089325,0.31068360805511475,-0.3047231137752533,-0.012952134013175964,0.2798572778701782,-0.2607867121696472,0.006354127544909716
Left,E,0.0,0.0,0.0,0.1571083515882492,-0.06149617210030556,-0.06271616369485855,0.30167990922927856,-0.17400164902210236,-0.09023451060056686,0.4126312732696533,-0.27680647373199463,-0.12050367146730423,0.49748238921165466,-0.36237359046936035,-0.14880706369876862,0.19835543632507324,-0.4783531129360199,-0.026002032682299614,0.2522946298122406,-0.6737894415855408,-0.06888681650161743,0.27368584275245667,-0.7949614524841309,-0.09929681569337845,0.2875690460205078,-0.9060512185096741,-0.12121500819921494,0.10446664690971375,-0.506691038608551,-0.03494637459516525,0.12505756318569183,-0.7284592390060425,-0.08735711872577667,0.1362461894750595,-0.8648133277893066,-0.12349214404821396,0.1398068368434906,-0.9797061085700989,-0.1436312347650528,0.011962723918259144,-0.4717060923576355,-0.05296628549695015,-0.0033317513298243284,-0.6405928730964661,-0.14282090961933136,0.019183872267603874,-0.5062680244445801,-0.15921954810619354,0.03853527456521988,-0.3863370418548584,-0.14630694687366486,-0.07606808096170425,-0.39017540216445923,-0.07580891996622086,-0.09146183729171753,-0.440786212682724,-0.16139723360538483,-0.054387167096138,-0.34116822481155396,-0.1750880777835846,-0.020041881129145622,-0.24369937181472778,-0.16492632031440735
Left,E,0.0,0.0,0.0,0.25966307520866394,0.040184516459703445,-0.12031987309455872,0.5180475115776062,-0.05028562247753143,-0.19382163882255554,0.6963396668434143,-0.12004157155752182,-0.26330316066741943,0.857113778591156,-0.19575873017311096,-0.34169384837150574,0.3921114206314087,-0.25311511754989624,-0.25858059525489807,0.5345131754875183,-0.21897301077842712,-0.42622414231300354,0.649079442024231,-0.18794076144695282,-0.5394436717033386,0.7689642310142517,-0.16459596157073975,-0.6177395582199097,0.22995120286941528,-0.35926517844200134,-0.281942218542099,0.2557760179042816,-0.2113627791404724,-0.4772573411464691,0.26555708050727844,-0.12390114367008209,-0.5659789443016052,0.279213011264801,-0.08507903665304184,-0.6191480755805969,0.05495066940784454,-0.3781319260597229,-0.3143177926540375,0.029455190524458885,-0.14550773799419403,-0.5121159553527832,0.023318203166127205,0.013357629999518394,-0.5548895597457886,0.03131074830889702,0.1079590693116188,-0.56499844789505,-0.11380051076412201,-0.33948010206222534,-0.3564247786998749,-0.16280445456504822,-0.11038908362388611,-0.5203981995582581,-0.16622842848300934,0.0483025424182415,-0.5684239864349365,-0.14951926469802856,0.15029306709766388,-0.5892175436019897
Left,E,0.0,0.0,0.0,0.1550661325454712,-0.0343734435737133,-0.04986446350812912,0.2971698045730591,-0.16772401332855225,-0.061783645302057266,0.40195414423942566,-0.28377586603164673,-0.0784665122628212,0.4844493269920349,-0.3594437837600708,-0.0929974764585495,0.22855496406555176,-0.4564601480960846,-0.006411571521311998,0.2925262153148651,-0.6496208906173706,-0.03995637968182564,0.3194865882396698,-0.7671338319778442,-0.061548326164484024,0.339507520198822,-0.872968316078186,-0.07640018314123154,0.13393498957157135,-0.49386149644851685,-0.018635904416441917,0.16522152721881866,-0.7167865633964539,-0.06575778871774673,0.18196696043014526,-0.8559589385986328,-0.09785210341215134,0.19354556500911713,-0.9747228026390076,-0.11160443723201752,0.04026501253247261,-0.46720996499061584,-0.03886410593986511,0.04574393481016159,-0.6092987060546875,-0.12735570967197418,0.05804845318198204,-0.44536662101745605,-0.13853900134563446,0.06731753796339035,-0.3129172921180725,-0.11720574647188187,-0.046353816986083984,-0.3915073871612549,-0.06255712360143661,-0.05272447690367699,-0.43247559666633606,-0.14413145184516907,-0.025678861886262894,-0.3128278851509094,-0.1508336067199707,0.00010381033644080162,-0.21104696393013,-0.13282449543476105
Left,E,0.0,0.0,0.0,0.1468481421470642,-0.038799285888671875,-0.0662209540605545,0.29342857003211975,-0.14492864906787872,-0.09201860427856445,0.4080215096473694,-0.23169927299022675,-0.11885514110326767,0.49721309542655945,-0.27916887402534485,-0.14404429495334625,0.21344275772571564,-0.4386608600616455,-0.039709825068712234,0.2894742786884308,-0.6270895004272461,-0.08568406850099564,0.32458996772766113,-0.7476943731307983,-0.11517737805843353,0.34939995408058167,-0.850845456123352,-0.13221362233161926,0.11717420071363449,-0.4718630313873291,-0.0430854931473732,0.14977625012397766,-0.7039585709571838,-0.09641440957784653,0.16741399466991425,-0.8511993885040283,-0.13194337487220764,0.1796252429485321,-0.9726668000221252,-0.14715294539928436,0.021705329418182373,-0.44314339756965637,-0.05381167680025101,0.035871658474206924,-0.5700201988220215,-0.1376965045928955,0.04191308096051216,-0.4407932162284851,-0.15220361948013306,0.041856955736875534,-0.3318046033382416,-0.13479259610176086,-0.06305083632469177,-0.37332576513290405,-0.06926547735929489,-0.06414259225130081,-0.4148925542831421,-0.13796576857566833,-0.04577212780714035,-0.317842572927475,-0.1389557272195816,-0.03135129064321518,-0.23094713687896729,-0.1188339814543724
Left,E,0.0,0.0,0.0,0.043263137340545654,-0.19224683940410614,0.03369937092065811,0.15192101895809174,-0.35650530457496643,0.026286788284778595,0.2754916250705719,-0.4240660071372986,0.0008628762443549931,0.36244380474090576,-0.4619595408439636,-0.021042708307504654,0.1455356627702713,-0.47207146883010864,-0.0015790207544341683,0.2402094304561615,-0.6827930212020874,-0.04002774879336357,0.3031926453113556,-0.8039878010749817,-0.05782470852136612,0.3534356355667114,-0.9013222455978394,-0.06771428138017654,0.18115738034248352,-0.4462594985961914,-0.053519636392593384,0.29929524660110474,-0.6622812151908875,-0.0969725102186203,0.3808179795742035,-0.786842942237854,-0.12079644203186035,0.4491134583950043,-0.8835012316703796,-0.13312703371047974,0.2148490697145462,-0.37430432438850403,-0.10226098448038101,0.3935208320617676,-0.44140899181365967,-0.1403704434633255,0.3637147545814514,-0.33898112177848816,-0.12235641479492188,0.31675586104393005,-0.2802688181400299,-0.09916505962610245,0.25844278931617737,-0.2642194628715515,-0.15167951583862305,0.3989766538143158,-0.23889777064323425,-0.1679956316947937,0.367470920085907,-0.18036729097366333,-0.15030106902122498,0.32451197504997253,-0.15954957902431488,-0.1313108652830124
Left,E,0.0,0.0,0.0,0.1434246003627777,-0.02211563102900982,-0.07471396028995514,0.30409857630729675,-0.14344190061092377,-0.09484194964170456,0.4224453866481781,-0.22579416632652283,-0.11150368303060532,0.5213383436203003,-0.2750706672668457,-0.1244976818561554,0.23002193868160248,-0.4251885414123535,-0.037426259368658066,0.317793071269989,-0.6107202172279358,-0.07503952831029892,0.3687792718410492,-0.7268399000167847,-0.09738711267709732,0.404347687959671,-0.8307157754898071,-0.1102202832698822,0.14228211343288422,-0.456127792596817,-0.03846185281872749,0.19224680960178375,-0.7033377289772034,-0.08756360411643982,0.23662155866622925,-0.8414787650108337,-0.11816150695085526,0.26248300075531006,-0.9561976194381714,-0.1295710802078247,0.05359140783548355,-0.4344920217990875,-0.04962127283215523,0.0773460641503334,-0.5375098586082458,-0.14280684292316437,0.09045665711164474,-0.3877713978290558,-0.1613556146621704,0.09530074894428253,-0.2859424352645874,-0.14292019605636597,-0.03271213918924332,-0.3835386633872986,-0.0653790533542633,-0.004231766797602177,-0.43990135192871094,-0.1419619470834732,0.01071371790021658,-0.32353079319000244,-0.14591975510120392,0.019457438960671425,-0.24190807342529297,-0.1282690316438675
Left,E,0.0,0.0,0.0,0.004401444457471371,-0.23079444468021393,0.06055493652820587,0.06057782471179962,-0.3829110860824585,0.06396051496267319,0.14427198469638824,-0.4558056592941284,0.04737817496061325,0.2201438993215561,-0.4712209403514862,0.03380236029624939,0.10073233395814896,-0.49998533725738525,0.010764697566628456,0.19049304723739624,-0.7163548469543457,-0.015975017100572586,0.2404373437166214,-0.8445493578910828,-0.026301579549908638,0.27720963954925537,-0.9437511563301086,-0.03306518495082855,0.16899970173835754,-0.46551313996315,-0.044107723981142044,0.2832578122615814,-0.6831292510032654,-0.08048587292432785,0.3533456027507782,-0.813663125038147,-0.10004433989524841,0.4076395332813263,-0.9063926935195923,-0.1108257919549942,0.2281385064125061,-0.3859471082687378,-0.0899944007396698,0.37716352939605713,-0.4719656705856323,-0.10162390768527985,0.3471653163433075,-0.3947921097278595,-0.06700097024440765,0.2984846830368042,-0.34324386715888977,-0.03783828765153885,0.2770392596721649,-0.27291956543922424,-0.13515833020210266,0.3741702735424042,-0.27368709444999695,-0.12367746233940125,0.33857956528663635,-0.2327944040298462,-0.0882754921913147,0.2946518659591675,-0.2084246277809143,-0.05863674357533455
Left,F,0.0,0.0,0.0,0.11193334311246872,-0.07838428020477295,-0.05103341117501259,0.19446851313114166,-0.216913640499115,-0.06994617730379105,0.17763489484786987,-0.3530904948711395,-0.08631265163421631,0.12974876165390015,-0.45023974776268005,-0.10221482813358307,0.17731234431266785,-0.4516259431838989,-0.04098891094326973,0.24018223583698273,-0.6346374750137329,-0.0785408541560173,0.26856544613838196,-0.7551756501197815,-0.10922417044639587,0.28562161326408386,-0.8661110401153564,-0.13234128057956696,0.09907835721969604,-0.49232718348503113,-0.048489607870578766,0.1314740777015686,-0.7104234099388123,-0.08156779408454895,0.14259925484657288,-0.855940580368042,-0.11288358271121979,0.14548170566558838,-0.9799624681472778,-0.1360461264848709,0.020519481971859932,-0.4844692349433899,-0.06338807940483093,0.03248065710067749,-0.6868381500244141,-0.10240144282579422,0.04101518169045448,-0.8249329328536987,-0.13930775225162506,0.04537368565797806,-0.9424989223480225,-0.16427959501743317,-0.06330780684947968,-0.43642956018447876,-0.0829429104924202,-0.1040482446551323,-0.591357409954071,-0.12728425860404968,-0.13391000032424927,-0.6983885169029236,-0.15425144135951996,-0.16007648408412933,-0.7989397048950195,-0.17082148790359497
Left,F,0.0,0.0,0.0,-0.10902296751737595,-0.16503027081489563,0.03703878074884415,-0.11427199840545654,-0.34457656741142273,0.04886512830853462,-0.06580251455307007,-0.4702157974243164,0.05683629587292671,0.004647622816264629,-0.5306911468505859,0.059280335903167725,-0.0870986208319664,-0.4724290668964386,-0.020248612388968468,-0.09300988912582397,-0.7083150744438171,-0.035103436559438705,-0.09455351531505585,-0.8434032797813416,-0.033220112323760986,-0.09031403809785843,-0.9424490928649902,-0.0301180649548769,0.012456481344997883,-0.47114479541778564,-0.048749323934316635,0.04276447743177414,-0.7322676777839661,-0.06893180310726166,0.06246662512421608,-0.8822054862976074,-0.0782451331615448,0.08157280832529068,-0.9932699799537659,-0.08222324401140213,0.10581950098276138,-0.4273484945297241,-0.07159719616174698,0.15069597959518433,-0.6862148642539978,-0.10627087205648422,0.16866068542003632,-0.8408862948417664,-0.1360500305891037,0.1825006753206253,-0.9563971757888794,-0.15216507017612457,0.18869270384311676,-0.3594576418399811,-0.08563157916069031,0.26701632142066956,-0.5391090512275696,-0.12235084921121597,0.30860579013824463,-0.6522707343101501,-0.1420261263847351,0.34014105796813965,-0.7516751289367676,-0.15118080377578735
Left,F,0.0,0.0,0.0,0.11230698972940445,-0.10099072754383087,-0.04065246507525444,0.18353253602981567,-0.26166921854019165,-0.05080269277095795,0.1681288480758667,-0.41112425923347473,-0.06043441966176033,0.1215299516916275,-0.5110561847686768,-0.0697828009724617,0.1658928394317627,-0.4772469997406006,-0.018618199974298477,0.24153724312782288,-0.6500717997550964,-0.04870748519897461,0.2760854661464691,-0.7662314176559448,-0.07645587623119354,0.2959679663181305,-0.8730884194374084,-0.09759489446878433,0.08604258298873901,-0.5175874829292297,-0.028092585504055023,0.12015537917613983,-0.738360583782196,-0.05292368307709694,0.1308937966823578,-0.8734635710716248,-0.07843992859125137,0.1314411163330078,-0.9865213632583618,-0.0974610298871994,0.004976561293005943,-0.5081920623779297,-0.045194365084171295,0.011349868960678577,-0.710536003112793,-0.0774899572134018,0.01826188527047634,-0.8402537107467651,-0.10735730826854706,0.020963294431567192,-0.9497629404067993,-0.12718941271305084,-0.0836433693766594,-0.4606650769710541,-0.0666937455534935,-0.12143799662590027,-0.627801775932312,-0.1037709191441536,-0.14857152104377747,-0.7404187321662903,-0.12404241412878036,-0.1721632033586502,-0.8455117344856262,-0.13605311512947083
Left,F,0.0,0.0,0.0,0.10626375675201416,-0.0750766396522522,-0.07128967344760895,0.17582286894321442,-0.21379050612449646,-0.10080509632825851,0.14176328480243683,-0.37215739488601685,-0.1228167936205864,0.08038759231567383,-0.48390114307403564,-0.14352038502693176,0.18123285472393036,-0.45046862959861755,-0.052700068801641464,0.24651169776916504,-0.6471264362335205,-0.09100456535816193,0.27190685272216797,-0.7759404182434082,-0.1238023042678833,0.2874830663204193,-0.8864660263061523,-0.14835788309574127,0.08899941295385361,-0.48989570140838623,-0.048807933926582336,0.11480871587991714,-0.7159625291824341,-0.0806465595960617,0.11819320917129517,-0.8655799031257629,-0.11458741128444672,0.11676681786775589,-0.9832948446273804,-0.13963055610656738,0.00017418275820091367,-0.47325366735458374,-0.053303323686122894,-0.0007511551375500858,-0.6797773241996765,-0.08995665609836578,-0.0019374237162992358,-0.8218624591827393,-0.12680453062057495,-0.005209851078689098,-0.9332658052444458,-0.15222671627998352,-0.08659111708402634,-0.4155224859714508,-0.06390830129384995,-0.11596112698316574,-0.5623326301574707,-0.10491862148046494,-0.12948022782802582,-0.6627406477928162,-0.1290145218372345,-0.13852918148040771,-0.7459649443626404,-0.14326420426368713
Left,F,0.0,0.0,0.0,0.12862209975719452,-0.06924505531787872,-0.05255398526787758,0.22083257138729095,-0.20283855497837067,-0.07220656424760818,0.21230168640613556,-0.35689425468444824,-0.08883220702409744,0.17340457439422607,-0.47118034958839417,-0.10453124344348907,0.2061244398355484,-0.44405418634414673,-0.040294378995895386,0.2975645065307617,-0.6145253777503967,-0.07525268942117691,0.3410149812698364,-0.7302139401435852,-0.10256707668304443,0.3678801655769348,-0.8352026343345642,-0.12323793768882751,0.13086150586605072,-0.49993205070495605,-0.04582267254590988,0.17794759571552277,-0.7196002006530762,-0.07613638788461685,0.19635285437107086,-0.8577753901481628,-0.10156386345624924,0.2020244300365448,-0.9719834923744202,-0.12014268338680267,0.05260482057929039,-0.5057769417762756,-0.05934597924351692,0.07202115654945374,-0.712632417678833,-0.09753692895174026,0.08889618515968323,-0.84536212682724,-0.12843704223632812,0.09875377267599106,-0.9548296928405762,-0.14866362512111664,-0.033740438520908356,-0.47183242440223694,-0.07775057852268219,-0.0747164934873581,-0.6406500935554504,-0.12280377000570297,-0.1019880548119545,-0.7560418248176575,-0.1478998363018036,-0.1261082887649536,-0.8613507151603699,-0.16220150887966156
Left,F,0.0,0.0,0.0,0.11570138484239578,-0.044637326151132584,-0.058506838977336884,0.20936988294124603,-0.1523594856262207,-0.08748333901166916,0.20546604692935944,-0.29576340317726135,-0.11191803961992264,0.16960743069648743,-0.4066595733165741,-0.13694266974925995,0.23572653532028198,-0.3828596770763397,-0.07164888083934784,0.34620487689971924,-0.5384303331375122,-0.1198720782995224,0.4041081368923187,-0.6516661643981934,-0.15471358597278595,0.4463646411895752,-0.7526431083679199,-0.17976590991020203,0.15899933874607086,-0.4479142427444458,-0.07968446612358093,0.2279064804315567,-0.6685365438461304,-0.12378334999084473,0.2624514698982239,-0.8178022503852844,-0.1589338779449463,0.28413113951683044,-0.9409415125846863,-0.18411563336849213,0.07550250738859177,-0.4582039713859558,-0.0938088670372963,0.1126987561583519,-0.6689640879631042,-0.14181551337242126,0.13755521178245544,-0.8193697333335876,-0.18156906962394714,0.1592831164598465,-0.9459149837493896,-0.20837001502513885,-0.01736285164952278,-0.4269373118877411,-0.11231282353401184,-0.05007341131567955,-0.5986268520355225,-0.1653977483510971,-0.06983263790607452,-0.7225937247276306,-0.1957852840423584,-0.07959536463022232,-0.8393895626068115,-0.21404330432415009
Left,F,0.0,0.0,0.0,0.1095038652420044,-0.06430873274803162,-0.050613339990377426,0.19738979637622833,-0.18663279712200165,-0.07636295258998871,0.18852807581424713,-0.314924418926239,-0.10056747496128082,0.1537749022245407,-0.42378202080726624,-0.12457294017076492,0.18472959101200104,-0.4507703185081482,-0.04994833469390869,0.2449769675731659,-0.6319079995155334,-0.09564356505870819,0.27156633138656616,-0.7534348964691162,-0.13065791130065918,0.2861965298652649,-0.863054633140564,-0.15626461803913116,0.10562209784984589,-0.4861319065093994,-0.06195385009050369,0.13030482828617096,-0.7070886492729187,-0.10523835569620132,0.13451766967773438,-0.8544601798057556,-0.1407892256975174,0.13010011613368988,-0.9775343537330627,-0.16583296656608582,0.02814321592450142,-0.46959859132766724,-0.08102361112833023,0.03160826489329338,-0.6747164726257324,-0.12749914824962616,0.03154580667614937,-0.8153283596038818,-0.16312047839164734,0.0305070448666811,-0.9364296197891235,-0.18628691136837006,-0.052324000746011734,-0.4077945649623871,-0.10454346239566803,-0.09493713080883026,-0.5653778314590454,-0.15311618149280548,-0.12252043187618256,-0.6776323318481445,-0.1796942949295044,-0.14299362897872925,-0.7860078811645508,-0.1953321099281311
Left,F,0.0,0.0,0.0,-0.0548296719789505,-0.22328303754329681,0.06855262070894241,-0.023503752425312996,-0.3935855031013489,0.09725489467382431,0.04445414990186691,-0.4887157082557678,0.11358373612165451,0.1183825135231018,-0.5235841274261475,0.12496297806501389,0.004934648517519236,-0.513548731803894,0.042375657707452774,0.03866760805249214,-0.7377194762229919,0.03822125494480133,0.06124356761574745,-0.8672285079956055,0.04178115725517273,0.08412309736013412,-0.9578570127487183,0.0465293750166893,0.0910259261727333,-0.49008530378341675,0.0007542742532677948,0.15701113641262054,-0.7406376004219055,-0.005942957010120153,0.19747371971607208,-0.8771846890449524,-0.009212455712258816,0.2311951071023941,-0.9728737473487854,-0.008093993179500103,0.17150118947029114,-0.4308356046676636,-0.0358312726020813,0.24787390232086182,-0.6746684908866882,-0.0531524159014225,0.28697314858436584,-0.8138103485107422,-0.06972941756248474,0.3133247196674347,-0.9159114360809326,-0.07734671980142593,0.24842461943626404,-0.3401007056236267,-0.06360429525375366,0.33989980816841125,-0.5176767706871033,-0.08042104542255402,0.39076313376426697,-0.6180372834205627,-0.08562340587377548,0.42809465527534485,-0.7046182751655579,-0.08530828356742859
Left,F,0.0,0.0,0.0,-0.06859612464904785,-0.21649493277072906,0.03421598672866821,-0.045741092413663864,-0.39036110043525696,0.045796122401952744,0.020913492888212204,-0.4915079176425934,0.051505062729120255,0.08654209226369858,-0.5310667753219604,0.05371302738785744,-0.00954857561737299,-0.4935857653617859,-0.006233222782611847,0.003995282109826803,-0.7288930416107178,-0.028729481622576714,0.01603248342871666,-0.8714026212692261,-0.03564579412341118,0.03200284764170647,-0.9755988717079163,-0.03645330294966698,0.08120619505643845,-0.465658962726593,-0.03472243249416351,0.13638460636138916,-0.7157896757125854,-0.05857599526643753,0.17187419533729553,-0.8661365509033203,-0.06903426349163055,0.20416025817394257,-0.9763229489326477,-0.07149840146303177,0.16038009524345398,-0.4078620672225952,-0.059589873999357224,0.2314041554927826,-0.6343276500701904,-0.0875944122672081,0.27271267771720886,-0.7723581194877625,-0.10608280450105667,0.30124354362487793,-0.8754289150238037,-0.1131519228219986,0.22551444172859192,-0.3268481492996216,-0.07891304045915604,0.31269991397857666,-0.4866216480731964,-0.10349887609481812,0.3608911633491516,-0.5869653820991516,-0.11185824871063232,0.3966827988624573,-0.6760687828063965,-0.11228713393211365
Left,F,0.0,0.0,0.0,0.11592486500740051,-0.06988950818777084,-0.03780342638492584,0.2025390863418579,-0.20705485343933105,-0.05138382315635681,0.20266802608966827,-0.34389087557792664,-0.06525713205337524,0.17591217160224915,-0.4465145766735077,-0.07909490168094635,0.21534426510334015,-0.43735188245773315,-0.030368603765964508,0.3196471929550171,-0.5994739532470703,-0.06439712643623352,0.3720262944698334,-0.7102825045585632,-0.09145647287368774,0.4053860604763031,-0.8099256753921509,-0.11123442649841309,0.1403014361858368,-0.4909518361091614,-0.04382415860891342,0.20144400000572205,-0.7114078998565674,-0.07327961921691895,0.22558234632015228,-0.8509388566017151,-0.09996284544467926,0.23334020376205444,-0.9650638103485107,-0.11918124556541443,0.05919794365763664,-0.493609219789505,-0.06380242109298706,0.08652538806200027,-0.699917733669281,-0.09813858568668365,0.10455630719661713,-0.8358676433563232,-0.13063772022724152,0.11559824645519257,-0.9507884383201599,-0.15276028215885162,-0.03259648010134697,-0.45617640018463135,-0.08741675317287445,-0.055874019861221313,-0.6269858479499817,-0.1266310214996338,-0.07282589375972748,-0.7433794736862183,-0.14884868264198303,-0.08551252633333206,-0.8516568541526794,-0.16220149397850037
Left,F,0.0,0.0,0.0,0.11746957898139954,-0.07329986244440079,-0.042061276733875275,0.20727159082889557,-0.20862962305545807,-0.05676204711198807,0.19512464106082916,-0.34638917446136475,-0.07071113586425781,0.15567050874233246,-0.44850361347198486,-0.08459080010652542,0.2058892399072647,-0.4424654543399811,-0.031418174505233765,0.30036765336990356,-0.612160861492157,-0.06534133106470108,0.34593114256858826,-0.7270346879959106,-0.09245611727237701,0.3746889531612396,-0.8319653868675232,-0.1127544492483139,0.13019369542598724,-0.49006545543670654,-0.04284197464585304,0.185517355799675,-0.7115070223808289,-0.07326644659042358,0.20564617216587067,-0.8526042699813843,-0.10157891362905502,0.21120038628578186,-0.969788670539856,-0.12208305299282074,0.051432348787784576,-0.48835450410842896,-0.061153847724199295,0.07859352231025696,-0.696384608745575,-0.0980251282453537,0.09398841857910156,-0.8347845673561096,-0.13264212012290955,0.10197163373231888,-0.9527066946029663,-0.15565654635429382,-0.03611064329743385,-0.44837018847465515,-0.08326876163482666,-0.06127748265862465,-0.6212867498397827,-0.1257769614458084,-0.08182558417320251,-0.7411661148071289,-0.15070325136184692,-0.09973078221082687,-0.8540350794792175,-0.16553127765655518
Left,F,0.0,0.0,0.0,0.016113797202706337,-0.20326758921146393,0.08152460306882858,0.08387739211320877,-0.349619597196579,0.11155378073453903,0.15313808619976044,-0.4299525022506714,0.12291579693555832,0.21719719469547272,-0.48533985018730164,0.1309017539024353,0.09965713322162628,-0.44043514132499695,0.06661935895681381,0.17130623757839203,-0.6307700872421265,0.06236499920487404,0.20279477536678314,-0.7437365055084229,0.06311292201280594,0.22332848608493805,-0.8340736627578735,0.06281396001577377,0.14331504702568054,-0.44031262397766113,0.008732250891625881,0.21625983715057373,-0.6791207194328308,-0.005223414395004511,0.24441011250019073,-0.8383581638336182,-0.015132690779864788,0.2525354325771332,-0.9673852324485779,-0.019793566316366196,0.18542657792568207,-0.3999072313308716,-0.04463154450058937,0.2551715075969696,-0.6412743926048279,-0.06492000073194504,0.27525898814201355,-0.7969176769256592,-0.08109461516141891,0.2809053659439087,-0.9281010031700134,-0.09262537956237793,0.23273152112960815,-0.32774052023887634,-0.08987831324338913,0.307061105966568,-0.4681118428707123,-0.11544369161128998,0.3451668322086334,-0.5711696743965149,-0.12793608009815216,0.3712511360645294,-0.6675909161567688,-0.13564252853393555
Left,F,0.0,0.0,0.0,-0.08205661177635193,-0.19245323538780212,0.05393994599580765,-0.07168823480606079,-0.3606760799884796,0.07891879975795746,-0.021672165021300316,-0.48406726121902466,0.09778715670108795,0.03405701741576195,-0.5466850399971008,0.1132378801703453,-0.034901734441518784,-0.469343900680542,0.008080586791038513,-0.03237437829375267,-0.7143358588218689,-0.0018401214620098472,-0.028217371553182602,-0.8554825186729431,0.0033571787644177675,-0.01764734648168087,-0.9572036266326904,0.011672668159008026,0.06098701432347298,-0.45263782143592834,-0.02058456838130951,0.09575240314006805,-0.7204452157020569,-0.038856636732816696,0.11796439439058304,-0.8748978972434998,-0.04489396512508392,0.1404641717672348,-0.989116907119751,-0.04379064217209816,0.14481207728385925,-0.406917929649353,-0.04248867183923721,0.19642800092697144,-0.6518613696098328,-0.0696476474404335,0.22065262496471405,-0.797096312046051,-0.08974359184503555,0.23931534588336945,-0.9031491279602051,-0.09676530957221985,0.2150874137878418,-0.3411997854709625,-0.05510224029421806,0.2926739752292633,-0.5112294554710388,-0.07882574945688248,0.33882853388786316,-0.6140211224555969,-0.0886610820889473,0.3744906783103943,-0.7040944695472717,-0.08972298353910446
Left,F,0.0,0.0,0.0,0.14265425503253937,0.007030102889984846,-0.05470089614391327,0.27925199270248413,-0.08160300552845001,-0.0762033611536026,0.32731062173843384,-0.2249899059534073,-0.09574490785598755,0.34312713146209717,-0.34740713238716125,-0.11465157568454742,0.3309073746204376,-0.33917486667633057,-0.03990882262587547,0.46131235361099243,-0.4541945159435272,-0.08502428233623505,0.5384020805358887,-0.5395069718360901,-0.12271282076835632,0.6011465787887573,-0.6237363219261169,-0.1511254608631134,0.273364782333374,-0.4253126382827759,-0.04998207837343216,0.3714275658130646,-0.6214342713356018,-0.09083697944879532,0.4308280348777771,-0.7488933205604553,-0.1243698000907898,0.47644805908203125,-0.8616131544113159,-0.1481582075357437,0.19918540120124817,-0.4593248963356018,-0.06909031420946121,0.2722170054912567,-0.6671203970909119,-0.11587797850370407,0.3245864510536194,-0.7976956963539124,-0.1480235606431961,0.3697091341018677,-0.9138104915618896,-0.1681235134601593,0.10868360102176666,-0.45069676637649536,-0.0937609151005745,0.12873804569244385,-0.6399475336074829,-0.14512759447097778,0.14308369159698486,-0.7668497562408447,-0.1702011674642563,0.15884976089000702,-0.8865891695022583,-0.18386095762252808
Left,F,0.0,0.0,0.0,0.11953502893447876,-0.06787407398223877,-0.060286033898591995,0.20370082557201385,-0.193115696310997,-0.08716387301683426,0.2013062834739685,-0.33790862560272217,-0.10997592657804489,0.18376006186008453,-0.4525411128997803,-0.13185393810272217,0.21857216954231262,-0.43292301893234253,-0.061420246958732605,0.30322954058647156,-0.6103296279907227,-0.10477593541145325,0.33891770243644714,-0.7307258248329163,-0.13748492300510406,0.3598031997680664,-0.8394262790679932,-0.1616939753293991,0.13366776704788208,-0.4860982298851013,-0.06582409888505936,0.17739033699035645,-0.7068986296653748,-0.10460737347602844,0.19213925302028656,-0.8501430749893188,-0.1363765448331833,0.19708174467086792,-0.9673232436180115,-0.1595136821269989,0.04681307449936867,-0.48867595195770264,-0.0775669664144516,0.06375054270029068,-0.6954902410507202,-0.1189534142613411,0.07506633549928665,-0.8308145403862,-0.15325821936130524,0.08325031399726868,-0.9409228563308716,-0.17683351039886475,-0.04504409432411194,-0.4479450583457947,-0.09477334469556808,-0.0824570506811142,-0.6092022657394409,-0.14022986590862274,-0.10536620765924454,-0.7198660373687744,-0.16627636551856995,-0.12129900604486465,-0.8211779594421387,-0.18176303803920746
Left,F,0.0,0.0,0.0,0.12495841085910797,-0.07507986575365067,-0.062473129481077194,0.20847325026988983,-0.22118180990219116,-0.08321695774793625,0.17423614859580994,-0.3886996805667877,-0.09819492697715759,0.11573287844657898,-0.48511138558387756,-0.11148610711097717,0.21654115617275238,-0.4522433876991272,-0.04514186084270477,0.2853068709373474,-0.6406462788581848,-0.07580734044313431,0.3149650990962982,-0.7612565159797668,-0.10259469598531723,0.3337528109550476,-0.867219865322113,-0.12435821443796158,0.12627893686294556,-0.5037695169448853,-0.04463401809334755,0.15847133100032806,-0.7255709767341614,-0.06907404214143753,0.17282013595104218,-0.8650704026222229,-0.09541267901659012,0.18164941668510437,-0.9764499664306641,-0.11640015244483948,0.038175906985998154,-0.5023473501205444,-0.052222516387701035,0.04949608072638512,-0.705910325050354,-0.08388610929250717,0.06486120820045471,-0.8332626223564148,-0.11717933416366577,0.07748562097549438,-0.9324631094932556,-0.14105400443077087,-0.05416754260659218,-0.45788103342056274,-0.06584674119949341,-0.09871124476194382,-0.6133458018302917,-0.10545503348112106,-0.12438040226697922,-0.7180795073509216,-0.13101767003536224,-0.14492569863796234,-0.8115903735160828,-0.14716248214244843
Left,F,0.0,0.0,0.0,0.10649824142456055,-0.0816618800163269,-0.05028050020337105,0.18232330679893494,-0.21007339656352997,-0.07361376285552979,0.17760001122951508,-0.34144294261932373,-0.09489745646715164,0.15072472393512726,-0.4409981667995453,-0.11616705358028412,0.1899290531873703,-0.44269827008247375,-0.0505150705575943,0.26035791635513306,-0.6191425323486328,-0.09315407276153564,0.2931707799434662,-0.7404175996780396,-0.12696972489356995,0.3125494718551636,-0.8500918745994568,-0.15191714465618134,0.10664975643157959,-0.48430106043815613,-0.06179989501833916,0.1409524381160736,-0.702724039554596,-0.09981696307659149,0.15034759044647217,-0.8489525318145752,-0.13274626433849335,0.15114997327327728,-0.9760004878044128,-0.15676987171173096,0.020741116255521774,-0.4739570915699005,-0.07997163385152817,0.03477782756090164,-0.6749889254570007,-0.12247352302074432,0.044525571167469025,-0.8138371706008911,-0.15919220447540283,0.05174322426319122,-0.9350327849388123,-0.18431377410888672,-0.07173169404268265,-0.42174413800239563,-0.10267537087202072,-0.11449898779392242,-0.5793893933296204,-0.1491304337978363,-0.1424061506986618,-0.6882386803627014,-0.17507432401180267,-0.16279880702495575,-0.7937479615211487,-0.19095435738563538
Left,F,0.0,0.0,0.0,0.10853501409292221,-0.06066054478287697,-0.05665912851691246,0.19714149832725525,-0.16844747960567474,-0.0864056795835495,0.1975688636302948,-0.29398998618125916,-0.11336825042963028,0.17937779426574707,-0.40085113048553467,-0.1398751586675644,0.20400239527225494,-0.4249906539916992,-0.06040547043085098,0.27819332480430603,-0.5977535247802734,-0.1112804263830185,0.32017138600349426,-0.713625431060791,-0.14999382197856903,0.3519156575202942,-0.8180442452430725,-0.17767702043056488,0.12757673859596252,-0.4718819260597229,-0.07109679281711578,0.16858719289302826,-0.6899440884590149,-0.11729661375284195,0.1860363781452179,-0.8380556106567383,-0.1544075459241867,0.19616761803627014,-0.9637780785560608,-0.18069346249103546,0.04844674840569496,-0.46543651819229126,-0.08944663405418396,0.06683149933815002,-0.6669133901596069,-0.13944868743419647,0.07605140656232834,-0.8123927712440491,-0.17891530692577362,0.08487923443317413,-0.9379183650016785,-0.205025315284729,-0.03832210227847099,-0.41361182928085327,-0.11262936890125275,-0.07644199579954147,-0.5694542527198792,-0.1655561476945877,-0.10429131239652634,-0.6824667453765869,-0.1953597515821457,-0.12458067387342453,-0.7927082180976868,-0.21327029168605804
Left,F,0.0,0.0,0.0,0.1053055003285408,-0.09217751771211624,-0.05520673841238022,0.18045750260353088,-0.22701695561408997,-0.0828019380569458,0.16481082141399384,-0.3675442934036255,-0.10685127973556519,0.11733531206846237,-0.470624178647995,-0.13057537376880646,0.16084221005439758,-0.45651641488075256,-0.06069237366318703,0.22635720670223236,-0.6420896649360657,-0.10479680448770523,0.25355836749076843,-0.7656976580619812,-0.1382492035627365,0.26811373233795166,-0.8757531642913818,-0.16314560174942017,0.0694078877568245,-0.48699864745140076,-0.0701732188463211,0.08225948363542557,-0.7113632559776306,-0.1122455820441246,0.07594413310289383,-0.8583685159683228,-0.14715740084648132,0.06403966248035431,-0.9829490184783936,-0.172366201877594,-0.018220890313386917,-0.467281311750412,-0.08619146049022675,-0.023006564006209373,-0.6721111536026001,-0.13367044925689697,-0.025844499468803406,-0.8077606558799744,-0.17125944793224335,-0.030775150284171104,-0.9239007830619812,-0.19596795737743378,-0.10583020001649857,-0.40630006790161133,-0.1065063625574112,-0.16206423938274384,-0.5641745328903198,-0.15760304033756256,-0.20139053463935852,-0.6694188714027405,-0.184669628739357,-0.23336173593997955,-0.769720196723938,-0.20031264424324036
Left,F,0.0,0.0,0.0,0.10290329903364182,-0.08537666499614716,-0.048831626772880554,0.17636916041374207,-0.2209576964378357,-0.06866089254617691,0.16852620244026184,-0.3487420380115509,-0.08679116517305374,0.1339135766029358,-0.4425641596317291,-0.10446920990943909,0.1687341034412384,-0.458886981010437,-0.043632443994283676,0.24025879800319672,-0.6376593708992004,-0.08344126492738724,0.27297157049179077,-0.760828971862793,-0.11564971506595612,0.29052460193634033,-0.8702172636985779,-0.13941559195518494,0.08280628174543381,-0.4969589412212372,-0.05382968857884407,0.10134878009557724,-0.7201889157295227,-0.08890020102262497,0.10074762254953384,-0.8645229935646057,-0.12050996720790863,0.09228711575269699,-0.9853633642196655,-0.14332500100135803,-0.0019267172319814563,-0.48299074172973633,-0.07100299745798111,-0.0018859193660318851,-0.6835350394248962,-0.11033172905445099,-0.0010502006625756621,-0.8222211599349976,-0.14605557918548584,-0.0027222007047384977,-0.9420484304428101,-0.17037531733512878,-0.08898601680994034,-0.42656320333480835,-0.09277705103158951,-0.13955606520175934,-0.5756287574768066,-0.13636502623558044,-0.175118550658226,-0.679397463798523,-0.16099616885185242,-0.20408517122268677,-0.7790267467498779,-0.17562463879585266
Left,F,0.0,0.0,0.0,0.11329536885023117,-0.07950492948293686,-0.04860407114028931,0.19394035637378693,-0.21382302045822144,-0.06886128336191177,0.17741505801677704,-0.34872931241989136,-0.08740367740392685,0.13822242617607117,-0.45213568210601807,-0.10525351017713547,0.18487448990345,-0.45327651500701904,-0.044024642556905746,0.2601240575313568,-0.6323146820068359,-0.08355174213647842,0.2953176498413086,-0.7519274353981018,-0.11424460262060165,0.31666725873947144,-0.8591920733451843,-0.1370735466480255,0.10261830687522888,-0.4937198758125305,-0.05377115309238434,0.12959131598472595,-0.7169093489646912,-0.08914078027009964,0.1350930780172348,-0.8616292476654053,-0.11955560743808746,0.13294188678264618,-0.9809812903404236,-0.14142872393131256,0.02151552401483059,-0.48206496238708496,-0.07050562649965286,0.024944502860307693,-0.6901724338531494,-0.11088945716619492,0.027067523449659348,-0.8295111060142517,-0.14541469514369965,0.02816915512084961,-0.9468497037887573,-0.1684529185295105,-0.0627414807677269,-0.42698192596435547,-0.0915936604142189,-0.11086641997098923,-0.5830305814743042,-0.13633538782596588,-0.14251884818077087,-0.6912547945976257,-0.1615132838487625,-0.16710065305233002,-0.792460024356842,-0.17627090215682983
Left,F,0.0,0.0,0.0,0.10799004137516022,-0.0698733702301979,-0.06135943531990051,0.2016458362340927,-0.17354784905910492,-0.1008637323975563,0.26586851477622986,-0.2546117901802063,-0.13811714947223663,0.31357723474502563,-0.31062111258506775,-0.17529608309268951,0.16538310050964355,-0.4462539851665497,-0.07908593863248825,0.23778611421585083,-0.6404199600219727,-0.13238100707530975,0.2727384567260742,-0.7674740552902222,-0.1732766330242157,0.2913860082626343,-0.880983829498291,-0.2024768888950348,0.06843435019254684,-0.48179084062576294,-0.08849015831947327,0.08566826581954956,-0.711628794670105,-0.13525226712226868,0.08346845209598541,-0.8570769429206848,-0.1720476746559143,0.07217670977115631,-0.977451503276825,-0.19844160974025726,-0.023762797936797142,-0.4673406481742859,-0.10411880910396576,-0.029996763914823532,-0.6746962666511536,-0.14897017180919647,-0.03132355213165283,-0.8070836067199707,-0.18057623505592346,-0.0365786999464035,-0.9174418449401855,-0.2014540582895279,-0.11351243406534195,-0.40791839361190796,-0.12543430924415588,-0.1621590554714203,-0.5648491382598877,-0.16984686255455017,-0.1964709758758545,-0.6646486520767212,-0.18823593854904175,-0.22572602331638336,-0.7573163509368896,-0.19744601845741272
Left,F,0.0,0.0,0.0,0.11362137645483017,-0.07111848890781403,-0.04278862476348877,0.19834409654140472,-0.20274116098880768,-0.06211734935641289,0.19810128211975098,-0.3325043320655823,-0.08111053705215454,0.17740872502326965,-0.42711198329925537,-0.10048110783100128,0.19230732321739197,-0.4319315254688263,-0.0442892387509346,0.2730296552181244,-0.5996569991111755,-0.08573125302791595,0.31352701783180237,-0.7138187885284424,-0.11754538118839264,0.3398594260215759,-0.818227231502533,-0.14216388761997223,0.11649864166975021,-0.4774460792541504,-0.0593084879219532,0.1490352898836136,-0.6954759359359741,-0.10104528069496155,0.1581338346004486,-0.8446036577224731,-0.13592442870140076,0.1574704945087433,-0.9743531942367554,-0.1607445478439331,0.03906738758087158,-0.4680991768836975,-0.08065851032733917,0.04776386544108391,-0.6713390946388245,-0.12826849520206451,0.05242305248975754,-0.8115137219429016,-0.16719979047775269,0.05392666533589363,-0.9348679184913635,-0.1928403228521347,-0.04367067292332649,-0.4138205349445343,-0.10528657585382462,-0.09031456708908081,-0.5695557594299316,-0.15624119341373444,-0.12018553912639618,-0.6824842691421509,-0.18557503819465637,-0.1425410658121109,-0.7913785576820374,-0.20362618565559387
Left,F,0.0,0.0,0.0,0.10914977639913559,-0.07348344475030899,-0.05211504176259041,0.19627037644386292,-0.19143900275230408,-0.07920647412538528,0.18741479516029358,-0.31139296293258667,-0.10426419228315353,0.1436150223016739,-0.4020310342311859,-0.12981408834457397,0.183427631855011,-0.43698108196258545,-0.05821431428194046,0.2646002769470215,-0.6090735793113708,-0.1057303249835968,0.3031575381755829,-0.7298910617828369,-0.14167273044586182,0.3263761103153229,-0.8396860957145691,-0.16814440488815308,0.10075365006923676,-0.4770371615886688,-0.07101000100374222,0.1270989030599594,-0.7027398943901062,-0.11455515027046204,0.13128384947776794,-0.8504921197891235,-0.15078416466712952,0.12713102996349335,-0.9760067462921143,-0.17677214741706848,0.019236430525779724,-0.46138373017311096,-0.09020131826400757,0.021465139463543892,-0.6641542911529541,-0.13761892914772034,0.02233729138970375,-0.8076854348182678,-0.17588219046592712,0.02216145023703575,-0.9322665333747864,-0.20136135816574097,-0.06479772180318832,-0.40216490626335144,-0.1136970967054367,-0.11666557937860489,-0.5562999248504639,-0.16341674327850342,-0.14967936277389526,-0.6662005186080933,-0.19029191136360168,-0.17363029718399048,-0.773201048374176,-0.20636972784996033
Left,F,0.0,0.0,0.0,-0.07166080176830292,-0.20011760294437408,0.031606998294591904,-0.05550606548786163,-0.37558770179748535,0.03597467765212059,0.0076981582678854465,-0.48696568608283997,0.03487734496593475,0.07280358672142029,-0.5379534363746643,0.02924240380525589,-0.04252948984503746,-0.4514758288860321,-0.03570328280329704,-0.025235161185264587,-0.6968647837638855,-0.06910111755132675,-0.007920154370367527,-0.8447073698043823,-0.08119763433933258,0.0111917769536376,-0.9551553130149841,-0.08508642017841339,0.042013369500637054,-0.43194398283958435,-0.06701928377151489,0.08568800985813141,-0.6948933005332947,-0.10190252959728241,0.11280271410942078,-0.8594128489494324,-0.11790775507688522,0.1350969523191452,-0.982954204082489,-0.12469866871833801,0.1224394366145134,-0.3882710635662079,-0.09310643374919891,0.1815473437309265,-0.6279217600822449,-0.12839137017726898,0.209816113114357,-0.7755390405654907,-0.14972664415836334,0.22630509734153748,-0.8860082626342773,-0.1591898798942566,0.1948891431093216,-0.3251914083957672,-0.11344238370656967,0.2688642144203186,-0.5030678510665894,-0.14418089389801025,0.30719316005706787,-0.6111243367195129,-0.15642419457435608,0.33578845858573914,-0.7049331068992615,-0.1600521057844162
Left,F,0.0,0.0,0.0,-0.06940770894289017,-0.20717376470565796,0.03463565185666084,-0.05473307892680168,-0.3739415109157562,0.038870010524988174,0.013045139610767365,-0.47422030568122864,0.03662090748548508,0.08467553555965424,-0.5156245827674866,0.029424767941236496,-0.03788765147328377,-0.4551944136619568,-0.029625143855810165,-0.023382823914289474,-0.7014820575714111,-0.06100713089108467,-0.011955132707953453,-0.8495458960533142,-0.07201475650072098,0.0018418857362121344,-0.9611106514930725,-0.0753304660320282,0.049190882593393326,-0.43693360686302185,-0.06217620521783829,0.09866396337747574,-0.7015029191970825,-0.0951700508594513,0.12914404273033142,-0.8612105846405029,-0.11021292954683304,0.15511554479599,-0.981002688407898,-0.11650210618972778,0.12968608736991882,-0.39162755012512207,-0.08942590653896332,0.19070421159267426,-0.6315230131149292,-0.12224551290273666,0.2188139259815216,-0.7757152915000916,-0.14167200028896332,0.2347126603126526,-0.8833690881729126,-0.149798184633255,0.20162582397460938,-0.32544365525245667,-0.1108119785785675,0.2730214595794678,-0.5101587772369385,-0.13708461821079254,0.30826449394226074,-0.6221356391906738,-0.1458139419555664,0.3331547975540161,-0.719767153263092,-0.14734023809432983
Left,F,0.0,0.0,0.0,0.11968621611595154,-0.11010529845952988,-0.03765580430626869,0.18274752795696259,-0.3171643614768982,-0.038355305790901184,0.14944106340408325,-0.48340341448783875,-0.03997905179858208,0.0860632136464119,-0.585767924785614,-0.03901657834649086,0.15992382168769836,-0.47277066111564636,0.012665752321481705,0.21087490022182465,-0.6620826125144958,-0.011271090246737003,0.23483949899673462,-0.7810953855514526,-0.03531287610530853,0.24850496649742126,-0.8859278559684753,-0.05430760607123375,0.0897362157702446,-0.5125173926353455,0.004717612639069557,0.12368414551019669,-0.7360655665397644,-0.015663865953683853,0.14520548284053802,-0.8732035160064697,-0.0381525382399559,0.15792863070964813,-0.9859157204627991,-0.05503463372588158,0.020209820941090584,-0.5116589665412903,-0.013649922795593739,0.03605777397751808,-0.7246145606040955,-0.04190489649772644,0.060395121574401855,-0.8507862091064453,-0.06664116680622101,0.07453610748052597,-0.952375590801239,-0.08269549906253815,-0.054972581565380096,-0.48278918862342834,-0.037475742399692535,-0.06873220205307007,-0.6530202031135559,-0.06919120997190475,-0.07600323110818863,-0.7708488702774048,-0.08829264342784882,-0.0841909721493721,-0.8767039775848389,-0.10118502378463745
Left,F,0.0,0.0,0.0,0.10254760086536407,-0.07607042044401169,-0.05385763943195343,0.18046987056732178,-0.19977237284183502,-0.07966602593660355,0.1467033326625824,-0.31594157218933105,-0.10362666845321655,0.08976633846759796,-0.3947204053401947,-0.12713904678821564,0.17765134572982788,-0.47320759296417236,-0.04382173717021942,0.22719579935073853,-0.6645753979682922,-0.08300994336605072,0.2481267899274826,-0.7864477634429932,-0.11572033166885376,0.257637083530426,-0.8929717540740967,-0.14032834768295288,0.08553896844387054,-0.5069849491119385,-0.05341682210564613,0.09303928911685944,-0.7313486933708191,-0.08766394108533859,0.08848945796489716,-0.8725928664207458,-0.12075135856866837,0.07763548940420151,-0.9863551259040833,-0.1451771855354309,-0.0008184773614630103,-0.4876224398612976,-0.07063967734575272,-0.010477464646100998,-0.6913776397705078,-0.1085444986820221,-0.01903470791876316,-0.8283069133758545,-0.14423027634620667,-0.028180502355098724,-0.9428192377090454,-0.1686369627714157,-0.08835065364837646,-0.4246680736541748,-0.09317518770694733,-0.1380256712436676,-0.5824497938156128,-0.13577060401439667,-0.17376914620399475,-0.6898820996284485,-0.16034068167209625,-0.20354731380939484,-0.7924795746803284,-0.17498086392879486
Left,F,0.0,0.0,0.0,0.10250631719827652,-0.07094375044107437,-0.05573573336005211,0.18621452152729034,-0.1837387979030609,-0.0853693038225174,0.15882235765457153,-0.2976166903972626,-0.11326172947883606,0.10282152146100998,-0.3805083930492401,-0.14117246866226196,0.1717681884765625,-0.46701380610466003,-0.04898211359977722,0.23182274401187897,-0.6501556634902954,-0.09267115592956543,0.2569933831691742,-0.7688466906547546,-0.12871481478214264,0.26932886242866516,-0.8772530555725098,-0.1554192751646042,0.08723979443311691,-0.497755229473114,-0.060126595199108124,0.10914663970470428,-0.7173067927360535,-0.09944988042116165,0.11109083890914917,-0.8620686531066895,-0.13574755191802979,0.1044846847653389,-0.9812033772468567,-0.16224302351474762,0.006029894575476646,-0.47558295726776123,-0.07901988178491592,0.004349090624600649,-0.6799050569534302,-0.12287352234125137,2.2340815121424384e-05,-0.819033145904541,-0.1600443720817566,-0.0054540871642529964,-0.9340387582778931,-0.18458802998065948,-0.07717223465442657,-0.4099116325378418,-0.10314397513866425,-0.12460920959711075,-0.5706499814987183,-0.15084196627140045,-0.1575639396905899,-0.6844272613525391,-0.17712947726249695,-0.18296343088150024,-0.792673647403717,-0.19259612262248993
Left,F,0.0,0.0,0.0,0.10524896532297134,-0.07747865468263626,-0.05462782084941864,0.19064012169837952,-0.20029471814632416,-0.08062981069087982,0.16989964246749878,-0.32837867736816406,-0.10411537438631058,0.1207452192902565,-0.4323115646839142,-0.12679600715637207,0.1726495772600174,-0.4635917544364929,-0.046891093254089355,0.2317614108324051,-0.6476467847824097,-0.08806727826595306,0.25498923659324646,-0.7669160962104797,-0.12118557095527649,0.2669942080974579,-0.8752892017364502,-0.14575135707855225,0.08826690912246704,-0.4991179406642914,-0.056452106684446335,0.11013965308666229,-0.7212982177734375,-0.09322433918714523,0.11144304275512695,-0.8647128939628601,-0.12680326402187347,0.10567787289619446,-0.9828051924705505,-0.15141378343105316,0.007107805926352739,-0.48203831911087036,-0.0736883208155632,0.008502576500177383,-0.684337854385376,-0.11571767181158066,0.005546270404011011,-0.8214848637580872,-0.15230205655097961,0.0010417492594569921,-0.9358712434768677,-0.1769126057624817,-0.07725200057029724,-0.4203624725341797,-0.09589030593633652,-0.12449070066213608,-0.5761457085609436,-0.1427621990442276,-0.15818971395492554,-0.6853204965591431,-0.16963604092597961,-0.18555349111557007,-0.7890493273735046,-0.18569809198379517
Left,F,0.0,0.0,0.0,-0.018839439377188683,-0.13563300669193268,0.05672362074255943,-0.004151267930865288,-0.30154746770858765,0.08016509562730789,0.01983783207833767,-0.4213904142379761,0.09554892778396606,0.052672769874334335,-0.48453402519226074,0.10473208874464035,0.0491129495203495,-0.41474470496177673,0.011912503279745579,0.10751277208328247,-0.6058247685432434,0.007287757471203804,0.13542601466178894,-0.7121200561523438,0.010734952986240387,0.1633768528699875,-0.7977080345153809,0.012649738229811192,0.07532481104135513,-0.44398441910743713,-0.02132309228181839,0.11242039501667023,-0.6831475496292114,-0.03888806700706482,0.13016818463802338,-0.8257238268852234,-0.04715561866760254,0.1480453610420227,-0.9346526265144348,-0.05099375545978546,0.08556367456912994,-0.4495924115180969,-0.04812606796622276,0.11326542496681213,-0.6993824243545532,-0.07779556512832642,0.11999668926000595,-0.8593564033508301,-0.10536119341850281,0.1280800700187683,-0.9843416213989258,-0.12110822647809982,0.07970808446407318,-0.43823176622390747,-0.06515876203775406,0.08461219072341919,-0.6332582831382751,-0.09951330721378326,0.08216666430234909,-0.758675217628479,-0.12106243520975113,0.08520806580781937,-0.870805025100708,-0.13349659740924835
Left,F,0.0,0.0,0.0,0.11905867606401443,-0.08088839054107666,-0.04808611795306206,0.20149707794189453,-0.2221294790506363,-0.06393947452306747,0.1821855753660202,-0.36610904335975647,-0.07753044366836548,0.14248120784759521,-0.4713948965072632,-0.0896686390042305,0.1959133893251419,-0.455773264169693,-0.031223636120557785,0.2824185788631439,-0.6268624067306519,-0.06379999220371246,0.32510092854499817,-0.7421671152114868,-0.0911572054028511,0.3519817888736725,-0.84568852186203,-0.11194930970668793,0.11483516544103622,-0.5033237934112549,-0.038766004145145416,0.15315359830856323,-0.725279688835144,-0.06671411544084549,0.1641446053981781,-0.8654614090919495,-0.0944913849234581,0.164811909198761,-0.9796005487442017,-0.11497704684734344,0.03234938532114029,-0.49901750683784485,-0.053801171481609344,0.043615248054265976,-0.7006642818450928,-0.08888382464647293,0.05295160040259361,-0.8327572345733643,-0.12198742479085922,0.0580449216067791,-0.9423064589500427,-0.14422446489334106,-0.057076260447502136,-0.45159685611724854,-0.07336001843214035,-0.09913427382707596,-0.6123078465461731,-0.11352941393852234,-0.1273445039987564,-0.7212713956832886,-0.1365620493888855,-0.1507933884859085,-0.8220190405845642,-0.15019600093364716
Left,F,0.0,0.0,0.0,-0.09287091344594955,-0.20241859555244446,0.04061969369649887,-0.07893984019756317,-0.37373146414756775,0.06031128019094467,-0.018454154953360558,-0.48330157995224,0.07437951862812042,0.04583815485239029,-0.5281644463539124,0.08496760576963425,-0.06168419495224953,-0.48168548941612244,0.007222175132483244,-0.07035422325134277,-0.7140573859214783,-0.009348880499601364,-0.07120677083730698,-0.8568736910820007,-0.01054487843066454,-0.0639238953590393,-0.9596213698387146,-0.007200426422059536,0.038880590349435806,-0.4745540916919708,-0.02017894946038723,0.0640644058585167,-0.7242224216461182,-0.04170713573694229,0.083597332239151,-0.8780770301818848,-0.05125344172120094,0.10380995273590088,-0.9932264089584351,-0.05220001935958862,0.1303209811449051,-0.4325816035270691,-0.04396558552980423,0.16191649436950684,-0.6699373126029968,-0.07934340089559555,0.1811531037092209,-0.8260388374328613,-0.10754048079252243,0.19592991471290588,-0.9460449814796448,-0.11906777322292328,0.2107842117547989,-0.3702629506587982,-0.05973276123404503,0.2784048318862915,-0.541109025478363,-0.09414315223693848,0.31931689381599426,-0.6466795206069946,-0.11133906245231628,0.35106319189071655,-0.7383109927177429,-0.1168610155582428
Left,F,0.0,0.0,0.0,-0.09842105954885483,-0.175408735871315,0.026368414983153343,-0.09755535423755646,-0.35141611099243164,0.033444881439208984,-0.04440588876605034,-0.47277215123176575,0.035558294504880905,0.020942624658346176,-0.5244894027709961,0.03346883878111839,-0.07447610795497894,-0.4668872654438019,-0.012326186522841454,-0.09074563533067703,-0.6971690058708191,-0.0321250818669796,-0.09522253274917603,-0.8373192548751831,-0.03650515526533127,-0.0916929617524147,-0.9419033527374268,-0.03708985075354576,0.028942851349711418,-0.46814554929733276,-0.039431653916835785,0.04893927648663521,-0.7203028798103333,-0.0650741457939148,0.06609126180410385,-0.8745879530906677,-0.08002946525812149,0.08434952795505524,-0.9927152991294861,-0.08603270351886749,0.12099064886569977,-0.43251311779022217,-0.06282074749469757,0.14738088846206665,-0.6703920960426331,-0.09839008748531342,0.16012538969516754,-0.8230285048484802,-0.12557053565979004,0.17053300142288208,-0.9409127831459045,-0.13784296810626984,0.19809429347515106,-0.3728986382484436,-0.08016183972358704,0.25514742732048035,-0.5432136654853821,-0.11059702932834625,0.28837475180625916,-0.6500524878501892,-0.12309210002422333,0.3145640790462494,-0.7440589666366577,-0.12645597755908966
Left,F,0.0,0.0,0.0,-0.09970620274543762,-0.16602997481822968,0.041837647557258606,-0.10176901519298553,-0.3340305685997009,0.059373509138822556,-0.06137754023075104,-0.4587607979774475,0.07283622771501541,-0.01248986553400755,-0.5263147354125977,0.08163699507713318,-0.07973292469978333,-0.4535188376903534,-0.021304184570908546,-0.0951840728521347,-0.6950398087501526,-0.04368217661976814,-0.10104824602603912,-0.8401733636856079,-0.04426591098308563,-0.09816746413707733,-0.9442654252052307,-0.04011043906211853,0.014367173425853252,-0.4511638283729553,-0.04994262009859085,0.031090347096323967,-0.715181827545166,-0.07861059159040451,0.04444687440991402,-0.8753910660743713,-0.0884326696395874,0.060646381229162216,-0.9940682053565979,-0.09027981013059616,0.09974344074726105,-0.41699421405792236,-0.07265252619981766,0.13210241496562958,-0.6679913401603699,-0.11573881655931473,0.14606337249279022,-0.8206596374511719,-0.14549750089645386,0.15723155438899994,-0.9340232610702515,-0.1578911393880844,0.1746690422296524,-0.3636608421802521,-0.08586519211530685,0.2403251826763153,-0.5456595420837402,-0.13069067895412445,0.27759698033332825,-0.6551734805107117,-0.1537301242351532,0.3059033155441284,-0.7507146596908569,-0.16282609105110168
Left,F,0.0,0.0,0.0,-0.11788929253816605,-0.15385818481445312,0.04748023301362991,-0.13566966354846954,-0.327129602432251,0.06830595433712006,-0.10563650727272034,-0.4656836986541748,0.08641345798969269,-0.05662568286061287,-0.5371101498603821,0.09924746304750443,-0.09641501307487488,-0.45801764726638794,-0.02581840753555298,-0.11440088599920273,-0.7041571140289307,-0.04411865398287773,-0.11969464272260666,-0.8427110910415649,-0.042067982256412506,-0.11611348390579224,-0.9453274011611938,-0.03664924204349518,0.005395269952714443,-0.45695483684539795,-0.052516501396894455,0.01661735586822033,-0.7229339480400085,-0.07961812615394592,0.026618361473083496,-0.8775647878646851,-0.08841133862733841,0.04198180139064789,-0.9949827194213867,-0.09081245958805084,0.09917452931404114,-0.42137283086776733,-0.07146623730659485,0.1323494166135788,-0.6751828193664551,-0.11407221853733063,0.1402161568403244,-0.8261030912399292,-0.14421753585338593,0.150840625166893,-0.9363403916358948,-0.15711848437786102,0.18183103203773499,-0.3710048496723175,-0.07938975840806961,0.24487896263599396,-0.5511406064033508,-0.11954427510499954,0.27798494696617126,-0.657625138759613,-0.14019404351711273,0.30286186933517456,-0.7511081695556641,-0.14850981533527374
Left,F,0.0,0.0,0.0,0.11874200403690338,-0.08721449226140976,-0.048836592584848404,0.19659337401390076,-0.23576131463050842,-0.0647323727607727,0.17524102330207825,-0.3842810094356537,-0.0785924568772316,0.13492532074451447,-0.4953351318836212,-0.09120151400566101,0.18172039091587067,-0.46846097707748413,-0.030612731352448463,0.25891873240470886,-0.6468762755393982,-0.0657712072134018,0.29526013135910034,-0.7638392448425293,-0.09525049477815628,0.31778404116630554,-0.870330810546875,-0.11707400530576706,0.10037229210138321,-0.5100193023681641,-0.037497930228710175,0.1377418041229248,-0.7290518283843994,-0.06723693758249283,0.1499159336090088,-0.86745685338974,-0.09522739052772522,0.15270549058914185,-0.9814744591712952,-0.11571100354194641,0.01839115284383297,-0.5030168890953064,-0.0524713434278965,0.029038917273283005,-0.7060428261756897,-0.0881362035870552,0.04026658087968826,-0.8377174139022827,-0.11904452741146088,0.04747604951262474,-0.9474196434020996,-0.13936114311218262,-0.06937161087989807,-0.4541071057319641,-0.07237070798873901,-0.10664767771959305,-0.6184250712394714,-0.11235570162534714,-0.13017210364341736,-0.7314606308937073,-0.1345912218093872,-0.14964480698108673,-0.8362336754798889,-0.14751949906349182
Left,F,0.0,0.0,0.0,0.11752735078334808,-0.08977540582418442,-0.040046125650405884,0.19179414212703705,-0.23962166905403137,-0.05069197714328766,0.1713288426399231,-0.37936732172966003,-0.06125158816576004,0.13122884929180145,-0.48285746574401855,-0.07155242562294006,0.17503225803375244,-0.46720337867736816,-0.020396163687109947,0.25026199221611023,-0.6452065110206604,-0.05128845199942589,0.28700733184814453,-0.7614464163780212,-0.07826027274131775,0.3089137375354767,-0.8682124018669128,-0.09874831140041351,0.09806165844202042,-0.5077219605445862,-0.030937261879444122,0.13593068718910217,-0.728277325630188,-0.0582437701523304,0.14717543125152588,-0.8669288158416748,-0.08594279736280441,0.14701640605926514,-0.9833672046661377,-0.1066540852189064,0.019577207043766975,-0.5013236403465271,-0.04903902858495712,0.0338272899389267,-0.7077844738960266,-0.08421506732702255,0.04359928518533707,-0.8401939868927002,-0.11753810197114944,0.04711281880736351,-0.9505296349525452,-0.13959473371505737,-0.06702379882335663,-0.45728033781051636,-0.07114089280366898,-0.10276441276073456,-0.626422643661499,-0.1114627867937088,-0.12958712875843048,-0.7405138611793518,-0.13531287014484406,-0.15427620708942413,-0.8455542922019958,-0.14984367787837982
Left,F,0.0,0.0,0.0,0.11745250970125198,-0.08708208799362183,-0.04547484591603279,0.19561821222305298,-0.23449760675430298,-0.05873806029558182,0.1786617636680603,-0.37908193469047546,-0.07116034626960754,0.1403764933347702,-0.4897942841053009,-0.08268473297357559,0.18097247183322906,-0.4650295078754425,-0.022248972207307816,0.2525542080402374,-0.6432565450668335,-0.05521377548575401,0.28708159923553467,-0.7592400908470154,-0.08346277475357056,0.30800390243530273,-0.865810751914978,-0.10482336580753326,0.10572199523448944,-0.5046639442443848,-0.03111712820827961,0.14623276889324188,-0.7235608100891113,-0.061125434935092926,0.158125638961792,-0.86332768201828,-0.09057436138391495,0.15883289277553558,-0.9809168577194214,-0.11213445663452148,0.02810998633503914,-0.49764132499694824,-0.0484255813062191,0.04499325901269913,-0.7022219896316528,-0.08721811324357986,0.05631277710199356,-0.8357433676719666,-0.12220916152000427,0.061157263815402985,-0.9475140571594238,-0.1446884721517563,-0.058430157601833344,-0.45381540060043335,-0.07016628235578537,-0.09197569638490677,-0.6218539476394653,-0.11424924433231354,-0.11771020293235779,-0.7367327213287354,-0.1404494196176529,-0.14133912324905396,-0.8435571789741516,-0.15609697997570038
Left,F,0.0,0.0,0.0,0.1139991506934166,-0.0888877585530281,-0.04164522513747215,0.1933232992887497,-0.23253802955150604,-0.05428573116660118,0.1783464401960373,-0.36830785870552063,-0.06716754287481308,0.13664641976356506,-0.4710724949836731,-0.07959756255149841,0.1747470647096634,-0.4635564684867859,-0.01923348568379879,0.24447229504585266,-0.6403132081031799,-0.05214106664061546,0.279782235622406,-0.7553368806838989,-0.08094091713428497,0.3023628890514374,-0.8613028526306152,-0.10262813419103622,0.10052157193422318,-0.5033848285675049,-0.03041563183069229,0.1387016773223877,-0.7230594158172607,-0.06012400612235069,0.1510540246963501,-0.8628418445587158,-0.08988439291715622,0.15249820053577423,-0.9819718599319458,-0.11169367283582687,0.023886945098638535,-0.49645426869392395,-0.04975466430187225,0.0392984077334404,-0.7024493217468262,-0.0879465863108635,0.04899653047323227,-0.8373033404350281,-0.12344413250684738,0.053051307797431946,-0.9520173668861389,-0.1465141922235489,-0.061715707182884216,-0.45237165689468384,-0.0732564777135849,-0.09696034342050552,-0.6184743642807007,-0.11631181091070175,-0.1247059628367424,-0.7320619821548462,-0.1420070379972458,-0.14987440407276154,-0.8386539816856384,-0.15763406455516815
Left,F,0.0,0.0,0.0,-0.09680013358592987,-0.18448388576507568,0.05314912647008896,-0.09240478277206421,-0.34932634234428406,0.07897619158029556,-0.04556050896644592,-0.4770430326461792,0.10170437395572662,0.0018947046482935548,-0.5362382531166077,0.12083055824041367,-0.06998542696237564,-0.45707035064697266,-0.012558226473629475,-0.08166810125112534,-0.7071141004562378,-0.031332287937402725,-0.08216758817434311,-0.8562179803848267,-0.028499016538262367,-0.07428702712059021,-0.9620752930641174,-0.020061548799276352,0.03148577734827995,-0.4510078728199005,-0.0389254055917263,0.04971017688512802,-0.7191523313522339,-0.06277140229940414,0.06418083608150482,-0.8786410689353943,-0.06493593007326126,0.07976921647787094,-0.9950066208839417,-0.059988833963871,0.11834471672773361,-0.4140722453594208,-0.05805453285574913,0.15201734006404877,-0.6631376147270203,-0.09677401185035706,0.16603223979473114,-0.8163031935691833,-0.12032157927751541,0.1768341064453125,-0.9269250631332397,-0.1269868165254593,0.19337691366672516,-0.359514981508255,-0.06613378971815109,0.2569834291934967,-0.5396116375923157,-0.10350631177425385,0.2940621078014374,-0.6470512747764587,-0.12066799402236938,0.321982204914093,-0.7410843968391418,-0.12515005469322205
Left,F,0.0,0.0,0.0,-0.08161094784736633,-0.1880345642566681,0.0482059009373188,-0.07582549750804901,-0.36272263526916504,0.07174700498580933,-0.02790214493870735,-0.4814321994781494,0.08808492869138718,0.02863914892077446,-0.5378474593162537,0.1015859991312027,-0.05094841122627258,-0.4854549467563629,0.018130246549844742,-0.0578586608171463,-0.721943199634552,0.008082035928964615,-0.0592602863907814,-0.8626620173454285,0.008829445578157902,-0.0535297617316246,-0.9654002785682678,0.01265379972755909,0.03817799687385559,-0.4785346984863281,-0.01134517788887024,0.06564795225858688,-0.7347529530525208,-0.02599394880235195,0.08668401092290878,-0.8829330801963806,-0.03390651196241379,0.10770523548126221,-0.9935588836669922,-0.03521701693534851,0.12065315246582031,-0.4407036304473877,-0.0361563116312027,0.16104340553283691,-0.6752912402153015,-0.05803680047392845,0.1841820776462555,-0.8170119524002075,-0.07713691145181656,0.201235830783844,-0.9225651621818542,-0.08527970314025879,0.19612236320972443,-0.3804650902748108,-0.053774408996105194,0.2609695494174957,-0.5541055798530579,-0.07249628007411957,0.29846134781837463,-0.6571773290634155,-0.08011413365602493,0.327399343252182,-0.746653139591217,-0.080970399081707
Left,F,0.0,0.0,0.0,-0.09892237186431885,-0.19001609086990356,0.021815670654177666,-0.09250511974096298,-0.36675241589546204,0.024962645024061203,-0.02690800651907921,-0.4876626133918762,0.02537585236132145,0.039284951984882355,-0.5376636981964111,0.02319237031042576,-0.0720609575510025,-0.4647766351699829,-0.030401207506656647,-0.07866866886615753,-0.7076320648193359,-0.05638858675956726,-0.07763100415468216,-0.8536676168441772,-0.06259224563837051,-0.07049878686666489,-0.9624488949775696,-0.06312283128499985,0.028429612517356873,-0.4584823250770569,-0.054980501532554626,0.05602163448929787,-0.7124991416931152,-0.08517931401729584,0.0754278227686882,-0.8706673979759216,-0.09867005795240402,0.09383663535118103,-0.9901831150054932,-0.10359574109315872,0.12050971388816833,-0.42064741253852844,-0.07542505860328674,0.1545037180185318,-0.6559404134750366,-0.11085797846317291,0.17233918607234955,-0.8064579367637634,-0.1330990195274353,0.18389740586280823,-0.9199001789093018,-0.14226506650447845,0.20046426355838776,-0.3638061583042145,-0.09044095128774643,0.2612307667732239,-0.5401665568351746,-0.12027475982904434,0.2968900799751282,-0.6474438905715942,-0.1313675493001938,0.32397380471229553,-0.7420637607574463,-0.13375471532344818
Left,F,0.0,0.0,0.0,0.10930389910936356,-0.09164025634527206,-0.04595142602920532,0.1902395337820053,-0.2381596714258194,-0.06165875867009163,0.17652122676372528,-0.3815055191516876,-0.07598818838596344,0.12398027628660202,-0.4781643748283386,-0.08955909311771393,0.1709039807319641,-0.4696463346481323,-0.027832629159092903,0.24703837931156158,-0.6484717130661011,-0.06039087846875191,0.2814160883426666,-0.7662650346755981,-0.08872263878583908,0.3016098737716675,-0.8716371059417725,-0.10980065166950226,0.0902009904384613,-0.5119757652282715,-0.036088645458221436,0.1291690319776535,-0.7365410923957825,-0.06265830248594284,0.14324434101581573,-0.8746472597122192,-0.08911854773759842,0.14530767500400543,-0.9834193587303162,-0.10849860310554504,0.008992322720587254,-0.5035215616226196,-0.05202494189143181,0.016879461705684662,-0.7069987058639526,-0.0849275067448616,0.028252316638827324,-0.8365294337272644,-0.11643121391534805,0.03449857607483864,-0.9413743019104004,-0.1376107931137085,-0.0771850049495697,-0.4555453062057495,-0.07273337244987488,-0.11551227420568466,-0.6163079142570496,-0.11122579872608185,-0.14432133734226227,-0.7245627641677856,-0.13344953954219818,-0.1696167141199112,-0.82383793592453,-0.14662054181098938
Left,F,0.0,0.0,0.0,0.10982207953929901,-0.07238084077835083,-0.04991781339049339,0.19670099020004272,-0.1915275901556015,-0.07379694283008575,0.1865559071302414,-0.3181438744068146,-0.09698078036308289,0.1516810655593872,-0.4280111491680145,-0.11950931698083878,0.1948992908000946,-0.4599228799343109,-0.03831694647669792,0.263692706823349,-0.6384290456771851,-0.07962146401405334,0.2945229113101959,-0.7576311826705933,-0.11353466659784317,0.3119814991950989,-0.8660553097724915,-0.13868074119091034,0.11578524112701416,-0.4981522858142853,-0.04997679218649864,0.14565518498420715,-0.7151985168457031,-0.08859287202358246,0.1499858945608139,-0.8580598831176758,-0.12367967516183853,0.14576473832130432,-0.9780485033988953,-0.14890876412391663,0.03575818985700607,-0.4863964319229126,-0.06942613422870636,0.04647376388311386,-0.6894682049751282,-0.11239764839410782,0.04873201623558998,-0.8271850943565369,-0.14746342599391937,0.04858790710568428,-0.9456201791763306,-0.1705283671617508,-0.05059702694416046,-0.4325893819332123,-0.09368516504764557,-0.08561962097883224,-0.5939497351646423,-0.1397048830986023,-0.11103326082229614,-0.7064282298088074,-0.16447950899600983,-0.1310640275478363,-0.813727855682373,-0.17881810665130615
Left,F,0.0,0.0,0.0,0.10715316981077194,-0.06829877942800522,-0.05177904665470123,0.19238796830177307,-0.17994582653045654,-0.08070129156112671,0.1649782657623291,-0.2900855243206024,-0.10924630612134933,0.11031731218099594,-0.37051838636398315,-0.1385956108570099,0.19095957279205322,-0.4630776643753052,-0.04713548347353935,0.24949808418750763,-0.6444668173789978,-0.09192665666341782,0.2773382365703583,-0.7636293768882751,-0.1292199045419693,0.2914992868900299,-0.8717934489250183,-0.1573050171136856,0.10596101731061935,-0.4950215816497803,-0.06128847599029541,0.12472038716077805,-0.711136519908905,-0.10411334037780762,0.12341046333312988,-0.8574358820915222,-0.14430053532123566,0.11315702646970749,-0.9782750010490417,-0.17370495200157166,0.02416599541902542,-0.47439998388290405,-0.0826975405216217,0.02609858103096485,-0.6808170676231384,-0.1291588842868805,0.018566738814115524,-0.8206061720848083,-0.16838623583316803,0.00912503432482481,-0.9395081400871277,-0.19442808628082275,-0.06034036725759506,-0.4112887680530548,-0.10880706459283829,-0.09581734985113144,-0.5769490599632263,-0.1566763073205948,-0.12119584530591965,-0.6911104321479797,-0.18321764469146729,-0.14047320187091827,-0.7988733649253845,-0.1993938684463501
Left,F,0.0,0.0,0.0,0.10561560094356537,-0.06821902096271515,-0.051976632326841354,0.18819813430309296,-0.18429169058799744,-0.07851007580757141,0.1607283651828766,-0.29925337433815,-0.10382036864757538,0.10993626713752747,-0.38545358180999756,-0.12941381335258484,0.18841908872127533,-0.4645356833934784,-0.04541665315628052,0.2505980134010315,-0.6428859233856201,-0.08777911216020584,0.27856945991516113,-0.7604920864105225,-0.12298028916120529,0.2923088073730469,-0.8692858815193176,-0.1495330035686493,0.10423853248357773,-0.49820250272750854,-0.057400938123464584,0.12475304305553436,-0.7159486413002014,-0.09669648110866547,0.12374397367238998,-0.8599623441696167,-0.13303619623184204,0.11410864442586899,-0.9805301427841187,-0.15981197357177734,0.022706972435116768,-0.47956812381744385,-0.07685226947069168,0.027148859575390816,-0.68292635679245,-0.12083639204502106,0.024620013311505318,-0.821345329284668,-0.15770936012268066,0.01868165098130703,-0.939545750617981,-0.1821805238723755,-0.06205528602004051,-0.4199962019920349,-0.10114912688732147,-0.09774846583604813,-0.5814957618713379,-0.14770491421222687,-0.12380466610193253,-0.6924054026603699,-0.17300964891910553,-0.1450786590576172,-0.7979944944381714,-0.18820029497146606
Left,F,0.0,0.0,0.0,0.10302582383155823,-0.06889116764068604,-0.052788153290748596,0.18509294092655182,-0.184605672955513,-0.07986731827259064,0.16233088076114655,-0.3008582890033722,-0.10561960190534592,0.11018123477697372,-0.38948360085487366,-0.13108716905117035,0.18780480325222015,-0.46362489461898804,-0.044699519872665405,0.24973957240581512,-0.6413733959197998,-0.08686155080795288,0.2780243754386902,-0.7587924599647522,-0.12187838554382324,0.2931484878063202,-0.8666882514953613,-0.14829500019550323,0.10507288575172424,-0.49916815757751465,-0.0565652921795845,0.1265708953142166,-0.715259850025177,-0.09604252874851227,0.12763360142707825,-0.8595629930496216,-0.13216640055179596,0.12034013867378235,-0.9800143837928772,-0.15839849412441254,0.024104811251163483,-0.4811725318431854,-0.07611729204654694,0.029195522889494896,-0.6820078492164612,-0.12040088325738907,0.027738703414797783,-0.819258987903595,-0.15697260200977325,0.023769766092300415,-0.9359768629074097,-0.1808793991804123,-0.06035539135336876,-0.42124685645103455,-0.10064353793859482,-0.09560054540634155,-0.5809657573699951,-0.1474664956331253,-0.12246792018413544,-0.691770613193512,-0.17270804941654205,-0.14372828602790833,-0.7970783710479736,-0.18760713934898376
Left,F,0.0,0.0,0.0,-0.08826260268688202,-0.14914242923259735,0.024703416973352432,-0.1021253764629364,-0.332187682390213,0.03597461059689522,-0.06871673464775085,-0.4801066815853119,0.04671894758939743,-0.02933107316493988,-0.5663964152336121,0.05385453999042511,-0.07321041077375412,-0.43981853127479553,-0.0349850095808506,-0.08195023238658905,-0.6928481459617615,-0.05115519091486931,-0.08115316182374954,-0.828952968120575,-0.05055797100067139,-0.07420869916677475,-0.9312186241149902,-0.048079825937747955,0.010811952874064445,-0.4528265595436096,-0.0554325170814991,0.02739240974187851,-0.7182974815368652,-0.07846939563751221,0.03792034834623337,-0.8753712177276611,-0.08896825462579727,0.053876038640737534,-0.9941062927246094,-0.09407393634319305,0.09068188816308975,-0.4296918511390686,-0.0708463117480278,0.12942959368228912,-0.6734226942062378,-0.10628988593816757,0.1462714970111847,-0.8241716027259827,-0.1366518884897232,0.16299520432949066,-0.9359961152076721,-0.15331539511680603,0.1619134545326233,-0.3853760361671448,-0.07882223278284073,0.2297983169555664,-0.5565279126167297,-0.11488789319992065,0.26600053906440735,-0.6570488810539246,-0.1334277242422104,0.2953917980194092,-0.7420570850372314,-0.14179719984531403
Left,F,0.0,0.0,0.0,-0.09349364042282104,-0.17173455655574799,0.028650866821408272,-0.09113223850727081,-0.34424474835395813,0.03839661553502083,-0.0417279377579689,-0.46788257360458374,0.045671526342630386,0.014766158536076546,-0.5291391015052795,0.04949425905942917,-0.07448236644268036,-0.44371214509010315,-0.03424517810344696,-0.08894515782594681,-0.6883619427680969,-0.06203105300664902,-0.09353788197040558,-0.8354669809341431,-0.06695523113012314,-0.09045016020536423,-0.944352924823761,-0.0658283680677414,0.019619837403297424,-0.43912044167518616,-0.05896903574466705,0.03248145058751106,-0.7037980556488037,-0.09354943782091141,0.044098448008298874,-0.8676729202270508,-0.10831565409898758,0.056424789130687714,-0.9919142127037048,-0.1136775091290474,0.10654358565807343,-0.40819936990737915,-0.07827803492546082,0.13284337520599365,-0.6503440737724304,-0.12040836364030838,0.1447451114654541,-0.8001407980918884,-0.14848750829696655,0.151657834649086,-0.9098345041275024,-0.16038300096988678,0.18313275277614594,-0.36174866557121277,-0.09038754552602768,0.24067629873752594,-0.5411975383758545,-0.1326795071363449,0.2740921080112457,-0.6483204364776611,-0.15417778491973877,0.298604279756546,-0.7402511835098267,-0.16244034469127655
Left,F,0.0,0.0,0.0,-0.09052169322967529,-0.18212798237800598,0.030776681378483772,-0.08743832260370255,-0.35410040616989136,0.0403415709733963,-0.03592291474342346,-0.4744951128959656,0.04645455628633499,0.022570250555872917,-0.529603898525238,0.048828303813934326,-0.07121217250823975,-0.4476844370365143,-0.03194032981991768,-0.08342781662940979,-0.6910382509231567,-0.05990183725953102,-0.08623146265745163,-0.8384311199188232,-0.0655549094080925,-0.08239759504795074,-0.9464847445487976,-0.06486079096794128,0.019345255568623543,-0.4388611912727356,-0.058445535600185394,0.036376114934682846,-0.7041285634040833,-0.09209053218364716,0.05167368799448013,-0.8683959245681763,-0.10566031187772751,0.06672387570142746,-0.9916899800300598,-0.10999513417482376,0.10575054585933685,-0.40239566564559937,-0.0799395889043808,0.1351255178451538,-0.6499018669128418,-0.12196110934019089,0.14777351915836334,-0.8057231903076172,-0.14968246221542358,0.15495871007442474,-0.9203031659126282,-0.16116853058338165,0.18595369160175323,-0.34874457120895386,-0.0940716564655304,0.24749712646007538,-0.5345342755317688,-0.13551026582717896,0.28206682205200195,-0.6464365720748901,-0.1559392362833023,0.3074917793273926,-0.7436348795890808,-0.1634799838066101
Left,F,0.0,0.0,0.0,0.11017569899559021,-0.08684569597244263,-0.040307365357875824,0.1832752227783203,-0.23253178596496582,-0.053539954125881195,0.16362011432647705,-0.366231232881546,-0.06669994443655014,0.11494949460029602,-0.45995399355888367,-0.07955790311098099,0.17236626148223877,-0.4711308181285858,-0.026859188452363014,0.24818119406700134,-0.6537290811538696,-0.058654893189668655,0.2826063334941864,-0.7733316421508789,-0.08564058691263199,0.3007034957408905,-0.8795536160469055,-0.10604564845561981,0.08973231166601181,-0.509316623210907,-0.03801136836409569,0.11863499134778976,-0.7348336577415466,-0.06590903550386429,0.12487602233886719,-0.8748886585235596,-0.09400670975446701,0.11864753812551498,-0.9863033890724182,-0.11457935720682144,0.007764946669340134,-0.49809274077415466,-0.055958133190870285,0.009091174229979515,-0.6991891860961914,-0.09028920531272888,0.013194515369832516,-0.8309575915336609,-0.1240813210606575,0.011319143697619438,-0.9397841095924377,-0.14689016342163086,-0.07806378602981567,-0.44859227538108826,-0.07782655954360962,-0.12155120819807053,-0.6072133779525757,-0.11810009926557541,-0.15348507463932037,-0.7142501473426819,-0.1417306512594223,-0.18217876553535461,-0.8138824701309204,-0.1557748019695282
Left,G,0.0,0.0,0.0,0.14074796438217163,-0.06495260447263718,-0.07087554782629013,0.2777899205684662,-0.1620407998561859,-0.11181134730577469,0.38706153631210327,-0.23261293768882751,-0.15019944310188293,0.4769456088542938,-0.2735691964626312,-0.18959856033325195,0.1702575832605362,-0.46622681617736816,-0.06736653298139572,0.2280762642621994,-0.6544888019561768,-0.11576612293720245,0.2544562816619873,-0.778142511844635,-0.15731996297836304,0.2709120810031891,-0.8926733136177063,-0.18859688937664032,0.07594094425439835,-0.49879562854766846,-0.07243694365024567,0.08660245686769485,-0.7198052406311035,-0.11446363478899002,0.08486613631248474,-0.8591029047966003,-0.15293529629707336,0.07762759923934937,-0.9801189303398132,-0.182594895362854,-0.013503622263669968,-0.4835602939128876,-0.08580612391233444,-0.019832152873277664,-0.6878566741943359,-0.1291881650686264,-0.02463616617023945,-0.8180735111236572,-0.16148798167705536,-0.02960234507918358,-0.9338881969451904,-0.183851957321167,-0.1006414145231247,-0.42857474088668823,-0.10653900355100632,-0.15768921375274658,-0.5829045176506042,-0.14806780219078064,-0.19453765451908112,-0.6862461566925049,-0.16654072701931,-0.22279798984527588,-0.7857339382171631,-0.17743343114852905
Left,G,0.0,0.0,0.0,-0.12724049389362335,-0.12924836575984955,-0.03123347833752632,-0.2089707851409912,-0.28303876519203186,-0.06199806183576584,-0.27249574661254883,-0.4143049716949463,-0.08991721272468567,-0.33863601088523865,-0.4978465437889099,-0.11979175359010696,-0.02589159645140171,-0.502956748008728,-0.05890343710780144,-0.020419307053089142,-0.7333551645278931,-0.09039579331874847,-0.012426392175257206,-0.8673191666603088,-0.11387015134096146,1.0143365216208622e-05,-0.9718080759048462,-0.13024331629276276,0.06773970276117325,-0.4824616611003876,-0.06937055289745331,0.11536502838134766,-0.7259775400161743,-0.09103765338659286,0.14500775933265686,-0.870617151260376,-0.11055146902799606,0.17166726291179657,-0.9769615530967712,-0.12679289281368256,0.14531804621219635,-0.422433465719223,-0.08255061507225037,0.20849764347076416,-0.6419141292572021,-0.11193424463272095,0.2445981204509735,-0.7768445611000061,-0.13849890232086182,0.2701876163482666,-0.8803378939628601,-0.15761899948120117,0.21211250126361847,-0.34267082810401917,-0.09646300226449966,0.3019917905330658,-0.49327903985977173,-0.12515346705913544,0.35571354627609253,-0.5877407789230347,-0.13778777420520782,0.39940372109413147,-0.674231231212616,-0.14550529420375824
Left,G,0.0,0.0,0.0,-0.14130420982837677,-0.13824185729026794,-0.03820160776376724,-0.23544223606586456,-0.30552035570144653,-0.06547070294618607,-0.3022712171077728,-0.4404018819332123,-0.08812931180000305,-0.3583925664424896,-0.531440794467926,-0.11057642847299576,-0.02672170288860798,-0.5224816799163818,-0.05196034535765648,-0.0022447011433541775,-0.7520220279693604,-0.07879383862018585,0.021926334127783775,-0.888678789138794,-0.09953111410140991,0.04541093483567238,-0.9923827052116394,-0.11451748013496399,0.07456453144550323,-0.4989434480667114,-0.05706314742565155,0.14106090366840363,-0.727855384349823,-0.07427425682544708,0.1805952936410904,-0.8629710078239441,-0.09098351001739502,0.2157674878835678,-0.9650296568870544,-0.10576065629720688,0.15340247750282288,-0.44424042105674744,-0.06648068130016327,0.22344982624053955,-0.646550714969635,-0.08973327279090881,0.2649240791797638,-0.7783080339431763,-0.1135898008942604,0.2976923882961273,-0.8854418396949768,-0.1323893666267395,0.21674594283103943,-0.37206488847732544,-0.07811890542507172,0.3001008927822113,-0.5009090304374695,-0.10318028181791306,0.3506132662296295,-0.5882824659347534,-0.11578141897916794,0.3936852514743805,-0.6687712073326111,-0.12416972219944
Left,G,0.0,0.0,0.0,-0.11507604271173477,-0.17604979872703552,-0.013919234275817871,-0.16802120208740234,-0.3465380072593689,-0.038908086717128754,-0.20958417654037476,-0.4902385175228119,-0.06308736652135849,-0.25425463914871216,-0.5899976491928101,-0.09012692421674728,0.04423139989376068,-0.49689677357673645,-0.05748375877737999,0.11846339702606201,-0.7358416318893433,-0.08906012773513794,0.16996464133262634,-0.870228111743927,-0.10798122733831406,0.21463248133659363,-0.9695158004760742,-0.11820358037948608,0.1411396712064743,-0.45210567116737366,-0.07003459334373474,0.25848591327667236,-0.6827443242073059,-0.08875413239002228,0.3269398510456085,-0.8164859414100647,-0.10235054790973663,0.3799528181552887,-0.9087714552879333,-0.11343393474817276,0.21688823401927948,-0.38271158933639526,-0.08246016502380371,0.3280225694179535,-0.58235102891922,-0.10211706906557083,0.3961273431777954,-0.7036391496658325,-0.12236746400594711,0.44570192694664,-0.7947072982788086,-0.1380622237920761,0.2734576165676117,-0.30138856172561646,-0.09410364925861359,0.3920345604419708,-0.42375731468200684,-0.113719142973423,0.4649795889854431,-0.4958736002445221,-0.12090679258108139,0.5238763689994812,-0.5618190169334412,-0.12440327554941177
Left,G,0.0,0.0,0.0,0.15167976915836334,-0.04438956826925278,-0.07137615978717804,0.29263734817504883,-0.12500180304050446,-0.11063194274902344,0.40986698865890503,-0.1832379251718521,-0.14778779447078705,0.5087956786155701,-0.2104673981666565,-0.18432332575321198,0.20871111750602722,-0.46213820576667786,-0.047031570225954056,0.26300740242004395,-0.6475407481193542,-0.0863521471619606,0.2833622992038727,-0.766616940498352,-0.12355807423591614,0.2946552038192749,-0.8751778602600098,-0.1520693302154541,0.11609763652086258,-0.5095463991165161,-0.04890613630414009,0.1475231796503067,-0.7246690988540649,-0.08105779439210892,0.1563243418931961,-0.8601342439651489,-0.11555328220129013,0.15911458432674408,-0.9769256114959717,-0.14247407019138336,0.02321591041982174,-0.5128539800643921,-0.06042072921991348,0.04188668727874756,-0.7157783508300781,-0.09474799782037735,0.053001854568719864,-0.8410307765007019,-0.12549935281276703,0.061340998858213425,-0.9481684565544128,-0.14730587601661682,-0.07412145286798477,-0.4772532880306244,-0.07991474866867065,-0.10685998946428299,-0.6331128478050232,-0.1135341003537178,-0.12825888395309448,-0.7406773567199707,-0.13045723736286163,-0.1434830278158188,-0.8414403200149536,-0.1408558338880539
Left,G,0.0,0.0,0.0,0.14950266480445862,-0.05079049617052078,-0.0728699192404747,0.2906423807144165,-0.13680419325828552,-0.11396333575248718,0.4085056483745575,-0.2019987851381302,-0.15284305810928345,0.50535649061203,-0.23621273040771484,-0.19144967198371887,0.20588275790214539,-0.47124287486076355,-0.053112972527742386,0.2607768774032593,-0.6573941707611084,-0.09425639361143112,0.2778863310813904,-0.7756773829460144,-0.1325046569108963,0.28608211874961853,-0.8865732550621033,-0.16235171258449554,0.11613939702510834,-0.5148369073867798,-0.055651504546403885,0.1406400501728058,-0.7286756634712219,-0.0913667306303978,0.1428402215242386,-0.8624081611633301,-0.12784524261951447,0.1379595398902893,-0.9780747890472412,-0.15600262582302094,0.027004556730389595,-0.5124150514602661,-0.06741638481616974,0.03787749633193016,-0.71292644739151,-0.10402633249759674,0.03951513394713402,-0.8348656892776489,-0.13423505425453186,0.03937312588095665,-0.9428979158401489,-0.1556127369403839,-0.06365908682346344,-0.46895793080329895,-0.08723174780607224,-0.10358885675668716,-0.6244038939476013,-0.12282655388116837,-0.1304921805858612,-0.7295752167701721,-0.14000312983989716,-0.15093255043029785,-0.8297210335731506,-0.15022599697113037
Left,G,0.0,0.0,0.0,0.14983539283275604,-0.05103808641433716,-0.07573326677083969,0.28969788551330566,-0.14002782106399536,-0.11805067956447601,0.406063973903656,-0.21707086265087128,-0.15849080681800842,0.5074117183685303,-0.2558802664279938,-0.19836300611495972,0.202144056558609,-0.47259604930877686,-0.04332084581255913,0.2535620629787445,-0.6598405838012695,-0.08169612288475037,0.27029675245285034,-0.7771696448326111,-0.11956963688135147,0.2773922085762024,-0.8845465183258057,-0.14964979887008667,0.10925077646970749,-0.5143213868141174,-0.04451024904847145,0.12855523824691772,-0.7338880300521851,-0.07793967425823212,0.13186243176460266,-0.8679026365280151,-0.11479328572750092,0.12896870076656342,-0.9812053442001343,-0.14353792369365692,0.01812419481575489,-0.5102067589759827,-0.05611390620470047,0.02260066196322441,-0.7139620184898376,-0.0908973217010498,0.023358991369605064,-0.8407469987869263,-0.12205031514167786,0.02348385937511921,-0.9499896168708801,-0.14466385543346405,-0.07392771542072296,-0.46548590064048767,-0.07619893550872803,-0.11827613413333893,-0.6201230883598328,-0.11018502712249756,-0.14728406071662903,-0.7257689833641052,-0.1277940273284912,-0.16973266005516052,-0.8259663581848145,-0.13907493650913239
Left,G,0.0,0.0,0.0,-0.12123046070337296,-0.1372653692960739,-0.021574238315224648,-0.1935490518808365,-0.28922900557518005,-0.05063754320144653,-0.25252193212509155,-0.4130414128303528,-0.07704860717058182,-0.3108269274234772,-0.4972164034843445,-0.10687540471553802,-0.016816582530736923,-0.48530393838882446,-0.07370248436927795,-0.010290323756635189,-0.7292356491088867,-0.10687103122472763,-0.00021154279238544405,-0.8664446473121643,-0.12649071216583252,0.01575358584523201,-0.9722126126289368,-0.13922056555747986,0.07376851886510849,-0.46486687660217285,-0.08698531240224838,0.11881200969219208,-0.7185184955596924,-0.11214961856603622,0.14826838672161102,-0.8660642504692078,-0.12944746017456055,0.17549186944961548,-0.9738905429840088,-0.14401303231716156,0.1497720330953598,-0.4120860695838928,-0.10037382692098618,0.20955616235733032,-0.6478431224822998,-0.13237319886684418,0.24058540165424347,-0.7878150343894958,-0.15976494550704956,0.2624531388282776,-0.8957675695419312,-0.17960487306118011,0.21423153579235077,-0.3416576087474823,-0.11279810965061188,0.3048887848854065,-0.4996770918369293,-0.14644867181777954,0.35777896642684937,-0.6014537215232849,-0.16450713574886322,0.40116775035858154,-0.6958937644958496,-0.1758558452129364
Left,G,0.0,0.0,0.0,-0.133707657456398,-0.13315242528915405,-0.028497442603111267,-0.2141743004322052,-0.2806829512119293,-0.05978364497423172,-0.27602118253707886,-0.4086168706417084,-0.08734358102083206,-0.32685887813568115,-0.4949609935283661,-0.11612065136432648,-0.014596008695662022,-0.4931950867176056,-0.06551291793584824,0.004440242890268564,-0.7298816442489624,-0.09834661334753036,0.026099462062120438,-0.8640725016593933,-0.12187457829713821,0.050715088844299316,-0.9676176309585571,-0.13594351708889008,0.08086580038070679,-0.4692447781562805,-0.07076722383499146,0.12816527485847473,-0.7143705487251282,-0.09101206064224243,0.16147084534168243,-0.8623489141464233,-0.10643543303012848,0.190846785902977,-0.9743505120277405,-0.11924120038747787,0.15670309960842133,-0.41100433468818665,-0.07735253125429153,0.2178422212600708,-0.6262691617012024,-0.09944183379411697,0.2578379809856415,-0.7677396535873413,-0.12274567782878876,0.2847178876399994,-0.879392147064209,-0.1396929770708084,0.21356290578842163,-0.337454229593277,-0.08411625027656555,0.29016420245170593,-0.4900961220264435,-0.10188408195972443,0.33345329761505127,-0.5787602663040161,-0.10809024423360825,0.3650673031806946,-0.6559914350509644,-0.11160680651664734
Left,G,0.0,0.0,0.0,-0.09112275391817093,-0.19441822171211243,-0.04731617122888565,-0.13235437870025635,-0.3934311866760254,-0.08636157214641571,-0.16024544835090637,-0.5673906803131104,-0.11769580841064453,-0.18562310934066772,-0.6990509033203125,-0.14809803664684296,0.09618980437517166,-0.484369158744812,-0.08885368704795837,0.186590313911438,-0.718036413192749,-0.12934531271457672,0.24707788228988647,-0.8465131521224976,-0.15305690467357635,0.29883819818496704,-0.9396780729293823,-0.16643546521663666,0.18262894451618195,-0.4167405664920807,-0.08747532963752747,0.30281251668930054,-0.6280679106712341,-0.11722316592931747,0.3730800151824951,-0.7511466145515442,-0.13308846950531006,0.4278832972049713,-0.8358341455459595,-0.1442829668521881,0.24145416915416718,-0.33116790652275085,-0.08877386897802353,0.35565048456192017,-0.5006856322288513,-0.11858272552490234,0.4308694899082184,-0.6093409061431885,-0.13981783390045166,0.48816823959350586,-0.6915686130523682,-0.1542910933494568,0.28143784403800964,-0.24030356109142303,-0.09220673143863678,0.39619502425193787,-0.33521395921707153,-0.12128102779388428,0.4676533043384552,-0.3910069465637207,-0.13256467878818512,0.5287460684776306,-0.4417615830898285,-0.1374041587114334
Left,G,0.0,0.0,0.0,0.06958257406949997,-0.2297326922416687,0.001072178827598691,0.1729573756456375,-0.4174242913722992,-0.02701617032289505,0.2410661280155182,-0.5901551246643066,-0.05941613391041756,0.2694706618785858,-0.7209170460700989,-0.09624865651130676,0.4234846532344818,-0.3026231825351715,-0.05242983251810074,0.6413370370864868,-0.364549458026886,-0.0902349129319191,0.7738604545593262,-0.3970540463924408,-0.1142151728272438,0.8734531402587891,-0.42076942324638367,-0.12875278294086456,0.45805296301841736,-0.1554843634366989,-0.08240801095962524,0.7175019383430481,-0.14601299166679382,-0.10374521464109421,0.8698864579200745,-0.1506372094154358,-0.11770482361316681,0.9791731238365173,-0.15673509240150452,-0.1290503889322281,0.45748916268348694,-0.005451367702335119,-0.11102281510829926,0.6958237290382385,0.00743543915450573,-0.13000166416168213,0.83732670545578,0.0014035443309694529,-0.1461394727230072,0.9415687918663025,-0.013371096923947334,-0.16061614453792572,0.42750537395477295,0.13714216649532318,-0.13833710551261902,0.6037450432777405,0.19813764095306396,-0.15443125367164612,0.7105043530464172,0.230891153216362,-0.1539953500032425,0.8001389503479004,0.2516193985939026,-0.1526390165090561
Left,G,0.0,0.0,0.0,0.10733969509601593,0.1973537802696228,-0.0902678519487381,0.25203022360801697,0.3728899657726288,-0.1379721760749817,0.3653647303581238,0.51921546459198,-0.18215303122997284,0.44672080874443054,0.6508086919784546,-0.22404836118221283,0.5090705156326294,0.09893863648176193,-0.05973735451698303,0.7012352347373962,0.13587205111980438,-0.11841342598199844,0.8225468993186951,0.1525823026895523,-0.17254914343357086,0.9324072003364563,0.16222354769706726,-0.21193739771842957,0.5135085582733154,-0.05835850164294243,-0.0630074217915535,0.7219380140304565,-0.08281164616346359,-0.11282166838645935,0.8575904965400696,-0.09944842010736465,-0.16141685843467712,0.9737523198127747,-0.11269892752170563,-0.19775106012821198,0.47595933079719543,-0.19411668181419373,-0.0794556513428688,0.6651986241340637,-0.2398168295621872,-0.1316567063331604,0.7865542769432068,-0.25300687551498413,-0.17143362760543823,0.8927921652793884,-0.2575220465660095,-0.19717882573604584,0.4024714231491089,-0.3184237480163574,-0.10601066797971725,0.5423421263694763,-0.41646629571914673,-0.15540072321891785,0.640434980392456,-0.481269508600235,-0.17850859463214874,0.7377456426620483,-0.5325579643249512,-0.19145317375659943
Left,G,0.0,0.0,0.0,0.15786537528038025,-0.04403365030884743,-0.066346675157547,0.3058893382549286,-0.1509648561477661,-0.09434591978788376,0.412435382604599,-0.25019174814224243,-0.11906173825263977,0.5059717893600464,-0.31294894218444824,-0.1417679339647293,0.24159476161003113,-0.46349599957466125,-0.033775441348552704,0.30486607551574707,-0.6506750583648682,-0.06630408018827438,0.33146411180496216,-0.7681683301925659,-0.09913478791713715,0.3505114018917084,-0.8768969774246216,-0.1252496987581253,0.15032589435577393,-0.513268768787384,-0.033956192433834076,0.18597526848316193,-0.725448489189148,-0.060482267290353775,0.2003413587808609,-0.8581339716911316,-0.09300272911787033,0.20813186466693878,-0.9708614349365234,-0.11878256499767303,0.05806377902626991,-0.5195537805557251,-0.043692447245121,0.08194112032651901,-0.7157900929450989,-0.07392334192991257,0.09803127497434616,-0.8345823287963867,-0.10230011492967606,0.11097294092178345,-0.9381904602050781,-0.12313008308410645,-0.040206652134656906,-0.4885574281215668,-0.06101108342409134,-0.05929150804877281,-0.6469980478286743,-0.09313338249921799,-0.07372011989355087,-0.7526340484619141,-0.10982631891965866,-0.08236905932426453,-0.8538674116134644,-0.12001342326402664
Left,G,0.0,0.0,0.0,0.15384171903133392,-0.02448216639459133,-0.08090299367904663,0.29648447036743164,-0.15337051451206207,-0.1077117770910263,0.39756155014038086,-0.2874797582626343,-0.12736810743808746,0.4832131266593933,-0.3775593042373657,-0.14470872282981873,0.19906827807426453,-0.4748099744319916,-0.035748034715652466,0.2390473335981369,-0.6715049147605896,-0.06534230709075928,0.25392428040504456,-0.8000444173812866,-0.09552010148763657,0.26193967461586,-0.9081323146820068,-0.1197434589266777,0.09299958497285843,-0.517066240310669,-0.025614216923713684,0.09348499029874802,-0.7325883507728577,-0.0518159344792366,0.09427881985902786,-0.8768686056137085,-0.08427694439888,0.09391432255506516,-0.9897750020027161,-0.10735758394002914,-0.003958689048886299,-0.5076335072517395,-0.026851017028093338,-0.014364762231707573,-0.7176266312599182,-0.06029629334807396,-0.013666345737874508,-0.8503349423408508,-0.0929817259311676,-0.008651787415146828,-0.9588820338249207,-0.11376479268074036,-0.0908542275428772,-0.45171022415161133,-0.036465421319007874,-0.12921620905399323,-0.5999757647514343,-0.07425782829523087,-0.15245160460472107,-0.7014962434768677,-0.09776978939771652,-0.16427592933177948,-0.7930958867073059,-0.10989949107170105
Left,G,0.0,0.0,0.0,-0.12168160825967789,-0.14671248197555542,-0.028990507125854492,-0.1955251693725586,-0.32892942428588867,-0.058186404407024384,-0.24582797288894653,-0.49024903774261475,-0.08298907428979874,-0.2973878085613251,-0.6071847081184387,-0.10776620358228683,-0.012887274846434593,-0.505552351474762,-0.06647498160600662,0.00570650165900588,-0.7520264387130737,-0.09857144951820374,0.02442532405257225,-0.8876901268959045,-0.11778662353754044,0.04387778416275978,-0.9905226826667786,-0.13015182316303253,0.08303913474082947,-0.47708404064178467,-0.07590223103761673,0.13328154385089874,-0.7237099409103394,-0.09933122247457504,0.16468313336372375,-0.8609126210212708,-0.11303787678480148,0.19220052659511566,-0.9584248065948486,-0.12432999908924103,0.16108255088329315,-0.4164424240589142,-0.08724167943000793,0.22211788594722748,-0.6425328254699707,-0.11529675871133804,0.259206086397171,-0.7796925902366638,-0.13415277004241943,0.2859063148498535,-0.8865907192230225,-0.14840444922447205,0.22792454063892365,-0.3396497964859009,-0.0989808738231659,0.30926835536956787,-0.4984477758407593,-0.12697942554950714,0.35611692070961,-0.6003952026367188,-0.1379023790359497,0.39319556951522827,-0.6962783336639404,-0.1441623866558075
Left,G,0.0,0.0,0.0,-0.1275530755519867,-0.14951467514038086,-0.04910191893577576,-0.19906926155090332,-0.3345494270324707,-0.0834190770983696,-0.24557384848594666,-0.5015891194343567,-0.10879743099212646,-0.2889975607395172,-0.6245278716087341,-0.13210299611091614,-0.0003666259872261435,-0.4895789921283722,-0.0787680372595787,0.033307768404483795,-0.741575300693512,-0.11548816412687302,0.062046442180871964,-0.8814895749092102,-0.13881947100162506,0.09173043072223663,-0.9841271638870239,-0.15191860496997833,0.09425201267004013,-0.4562123715877533,-0.07371743023395538,0.14901891350746155,-0.6993626356124878,-0.09860635548830032,0.18467316031455994,-0.8358038067817688,-0.11229919642210007,0.21891917288303375,-0.9317574501037598,-0.12241768836975098,0.16618475317955017,-0.3982848823070526,-0.07188180088996887,0.2268696278333664,-0.6073763966560364,-0.09701079875230789,0.2693959176540375,-0.7312546372413635,-0.10991249233484268,0.303594172000885,-0.8253012299537659,-0.1181974783539772,0.22189827263355255,-0.33016371726989746,-0.0727783590555191,0.28565067052841187,-0.48436322808265686,-0.09356176108121872,0.3254569470882416,-0.5707729458808899,-0.09571350365877151,0.3581148684024811,-0.6475425958633423,-0.09456003457307816
Left,G,0.0,0.0,0.0,0.14977987110614777,-0.025133199989795685,-0.034241557121276855,0.2688000202178955,-0.11740414798259735,-0.04716538265347481,0.35215142369270325,-0.2133779376745224,-0.06325651705265045,0.4110925495624542,-0.25298404693603516,-0.07880741357803345,0.20925068855285645,-0.45013633370399475,0.006040144246071577,0.2699713110923767,-0.6221632361412048,-0.015599498525261879,0.2975618541240692,-0.7268052101135254,-0.04107489809393883,0.31191492080688477,-0.8185281157493591,-0.0611514151096344,0.14000095427036285,-0.5092378258705139,-0.0071379938162863255,0.1919127106666565,-0.7316817045211792,-0.02644924446940422,0.2199891060590744,-0.8657811880111694,-0.0521610789000988,0.23094776272773743,-0.9703600406646729,-0.07116463780403137,0.06261389702558517,-0.527565598487854,-0.028701217845082283,0.07758604735136032,-0.7545063495635986,-0.0558745414018631,0.09003935009241104,-0.8821315169334412,-0.08320038765668869,0.09281422197818756,-0.9804719090461731,-0.10018356144428253,-0.02277848869562149,-0.5092902779579163,-0.054588720202445984,-0.03212962672114372,-0.7011589407920837,-0.0821402370929718,-0.03496814891695976,-0.8272159099578857,-0.09638594090938568,-0.03480450436472893,-0.9370251297950745,-0.10484636574983597
Left,G,0.0,0.0,0.0,0.16454662382602692,0.035339757800102234,-0.07371360063552856,0.31818464398384094,0.0162869431078434,-0.11763660609722137,0.43947094678878784,-0.0033925361931324005,-0.15908728539943695,0.5463436841964722,0.001793990726582706,-0.19897714257240295,0.3242623507976532,-0.3570712208747864,-0.05966345593333244,0.43724945187568665,-0.518864631652832,-0.10648917406797409,0.5016893148422241,-0.6210615038871765,-0.14608515799045563,0.5531753897666931,-0.7143567204475403,-0.17535212635993958,0.244362935423851,-0.4484671950340271,-0.06266414374113083,0.3258906900882721,-0.6597311496734619,-0.10434414446353912,0.3718162178993225,-0.7901273965835571,-0.14050842821598053,0.40463533997535706,-0.8991380333900452,-0.16679655015468597,0.15545932948589325,-0.49326229095458984,-0.07526012510061264,0.21741026639938354,-0.6991669535636902,-0.11744675785303116,0.2613152265548706,-0.8194107413291931,-0.1467599868774414,0.29983168840408325,-0.9210377931594849,-0.1652131825685501,0.05834830552339554,-0.4977477490901947,-0.09572478383779526,0.06243789941072464,-0.6825149059295654,-0.1363513171672821,0.0696917250752449,-0.8028947114944458,-0.1546652764081955,0.08335454761981964,-0.9130327105522156,-0.1639515906572342
Left,G,0.0,0.0,0.0,0.05895715951919556,0.22097083926200867,-0.10079946368932724,0.1568537801504135,0.43010449409484863,-0.15751484036445618,0.22645916044712067,0.6097704172134399,-0.20937250554561615,0.26419591903686523,0.7701227068901062,-0.25931212306022644,0.45669034123420715,0.26100313663482666,-0.08025210350751877,0.6380395293235779,0.35696306824684143,-0.14531567692756653,0.7550921440124512,0.40726426243782043,-0.20282554626464844,0.8622961044311523,0.4437071979045868,-0.24406830966472626,0.4930133819580078,0.10874966531991959,-0.08028990775346756,0.700480043888092,0.15184879302978516,-0.1357346922159195,0.8348554968833923,0.17621637880802155,-0.1852361261844635,0.9488697052001953,0.1938723921775818,-0.2211446464061737,0.4847416579723358,-0.037099242210388184,-0.09333760291337967,0.6780528426170349,-0.026563705876469612,-0.14770837128162384,0.7989813089370728,-0.004202171228826046,-0.18521857261657715,0.9036613702774048,0.018608825281262398,-0.2085033804178238,0.43972474336624146,-0.18498942255973816,-0.1173420399427414,0.5961686372756958,-0.2326468974351883,-0.165842667222023,0.7017343640327454,-0.2603636682033539,-0.1855815351009369,0.8033403158187866,-0.27821657061576843,-0.19587746262550354
Left,G,0.0,0.0,0.0,0.15195536613464355,0.04858999326825142,0.01014284323900938,0.27510926127433777,0.15398289263248444,-0.007467707619071007,0.37910690903663635,0.21855609118938446,-0.028804657980799675,0.46832695603370667,0.24384675920009613,-0.05517404526472092,0.2571018934249878,0.409128338098526,-0.043905604630708694,0.2574910819530487,0.6673904657363892,-0.06910200417041779,0.24903099238872528,0.8195008635520935,-0.08330927044153214,0.23715370893478394,0.9329871535301208,-0.09205593913793564,0.16491204500198364,0.45159420371055603,-0.07136286795139313,0.14081420004367828,0.7270178198814392,-0.08213953673839569,0.12128306180238724,0.8776577115058899,-0.08788906782865524,0.10641361027956009,0.9896804690361023,-0.09596292674541473,0.06589923799037933,0.4614693820476532,-0.0959857851266861,0.042692914605140686,0.6998637318611145,-0.10488665848970413,0.028008611872792244,0.8551833033561707,-0.11037131398916245,0.020602090284228325,0.9724721908569336,-0.11982640624046326,-0.02899968810379505,0.44105932116508484,-0.11881094425916672,-0.056988030672073364,0.6187959909439087,-0.12718456983566284,-0.07777151465415955,0.7387539744377136,-0.1231856644153595,-0.09202463179826736,0.8388209939002991,-0.12092559784650803
Left,G,0.0,0.0,0.0,-0.017571059986948967,0.19329673051834106,-0.10243632644414902,-0.009870610199868679,0.39771658182144165,-0.16900420188903809,-0.02405320294201374,0.5779942870140076,-0.22856959700584412,-0.042295750230550766,0.7249274849891663,-0.28993943333625793,0.25984057784080505,0.40443095564842224,-0.13016872107982635,0.37845560908317566,0.5796208381652832,-0.21362535655498505,0.4666042625904083,0.6836452484130859,-0.2770030200481415,0.5507453083992004,0.7705051898956299,-0.3209381401538849,0.3376801013946533,0.29580655694007874,-0.13097938895225525,0.5080182552337646,0.44286414980888367,-0.20604197680950165,0.6201158761978149,0.5386032462120056,-0.26200929284095764,0.717410147190094,0.6171512007713318,-0.30122941732406616,0.3723177909851074,0.17004640400409698,-0.14139488339424133,0.5324475169181824,0.28045186400413513,-0.21006321907043457,0.6357516646385193,0.3715049922466278,-0.2537824809551239,0.7232059836387634,0.45138052105903625,-0.2808293104171753,0.37587520480155945,0.030886637046933174,-0.16096439957618713,0.5151378512382507,0.07763685286045074,-0.22091375291347504,0.6082485914230347,0.11584644019603729,-0.24801534414291382,0.693835437297821,0.15891298651695251,-0.26314136385917664
Left,G,0.0,0.0,0.0,0.15647287666797638,0.12964405119419098,-0.08118163049221039,0.327617883682251,0.22451379895210266,-0.12792450189590454,0.45893263816833496,0.30980026721954346,-0.17219309508800507,0.5610985159873962,0.39172595739364624,-0.21601617336273193,0.45612794160842896,-0.14358314871788025,-0.06570564210414886,0.629682183265686,-0.22236204147338867,-0.1200050488114357,0.7343083620071411,-0.2817710041999817,-0.1680285781621933,0.829094409942627,-0.3414519727230072,-0.2033354789018631,0.4144514799118042,-0.2809878885746002,-0.0719306617975235,0.5839747190475464,-0.4183785617351532,-0.11787483841180801,0.6915719509124756,-0.510077953338623,-0.1616833359003067,0.7837926745414734,-0.5897804498672485,-0.194494366645813,0.3449246883392334,-0.381201833486557,-0.08889153599739075,0.4912688732147217,-0.5203507542610168,-0.13691750168800354,0.5865742564201355,-0.5950036644935608,-0.17179730534553528,0.6714240908622742,-0.6569643616676331,-0.19416466355323792,0.24843448400497437,-0.45394572615623474,-0.11485802382230759,0.336397260427475,-0.6175813674926758,-0.15871858596801758,0.39669927954673767,-0.7228071689605713,-0.17664536833763123,0.46014779806137085,-0.8156281113624573,-0.18624185025691986
Left,G,0.0,0.0,0.0,0.15644238889217377,-0.06921716779470444,-0.06563401222229004,0.304853230714798,-0.18341919779777527,-0.09825118631124496,0.42357727885246277,-0.27128419280052185,-0.12961749732494354,0.5225112438201904,-0.3273308277130127,-0.1593887209892273,0.196682408452034,-0.5125579833984375,-0.020407989621162415,0.23778648674488068,-0.706178605556488,-0.04846029356122017,0.2528378963470459,-0.8180453181266785,-0.08015590161085129,0.2589728534221649,-0.9105584621429443,-0.10423332452774048,0.09979400783777237,-0.5482589602470398,-0.020763708278536797,0.11600309610366821,-0.7685689330101013,-0.04062546789646149,0.12031447142362595,-0.8930566310882568,-0.0694291815161705,0.11838996410369873,-0.9886665940284729,-0.09231571108102798,0.00648333877325058,-0.545153021812439,-0.031989503651857376,0.011028229258954525,-0.7596656680107117,-0.05701446533203125,0.013564623892307281,-0.8713582754135132,-0.0806746631860733,0.014247684739530087,-0.9595110416412354,-0.09746227413415909,-0.0860842615365982,-0.5045039057731628,-0.051133956760168076,-0.13001324236392975,-0.6754052042961121,-0.07796838134527206,-0.1588045209646225,-0.7812191843986511,-0.0899212583899498,-0.17859207093715668,-0.878947377204895,-0.09654691815376282
Left,G,0.0,0.0,0.0,-0.11694516986608505,-0.14970292150974274,-0.015528278425335884,-0.18764925003051758,-0.3138065040111542,-0.039668645709753036,-0.2591954171657562,-0.4406331777572632,-0.06373290717601776,-0.32709255814552307,-0.5236997008323669,-0.0886731818318367,0.004061443731188774,-0.5112078189849854,-0.03443623334169388,0.022111257538199425,-0.7494097352027893,-0.0607893168926239,0.03765478730201721,-0.8822144269943237,-0.0811726450920105,0.05653790012001991,-0.9838196039199829,-0.09437184035778046,0.09352191537618637,-0.48823919892311096,-0.04692695662379265,0.13975802063941956,-0.7356230616569519,-0.06100042909383774,0.17052096128463745,-0.8756601810455322,-0.07476722449064255,0.19693073630332947,-0.9765749573707581,-0.0867149755358696,0.16461168229579926,-0.42954641580581665,-0.06139877066016197,0.22500742971897125,-0.6501407623291016,-0.07777395099401474,0.2633914649486542,-0.782199501991272,-0.09633950889110565,0.28757983446121216,-0.8849897980690002,-0.1112358495593071,0.2213529646396637,-0.34997981786727905,-0.07578933984041214,0.3032238185405731,-0.500167727470398,-0.0896776020526886,0.34905141592025757,-0.5943105816841125,-0.09327894449234009,0.381072461605072,-0.6793535351753235,-0.09560558944940567
Left,G,0.0,0.0,0.0,-0.115993432700634,-0.156507670879364,0.004084316547960043,-0.17715881764888763,-0.31934118270874023,-0.00865925382822752,-0.23381225764751434,-0.45104095339775085,-0.0241285040974617,-0.2867749333381653,-0.5373292565345764,-0.04156818613409996,0.01760822907090187,-0.5072994828224182,-0.017051037400960922,0.050463441759347916,-0.750690221786499,-0.03755280002951622,0.07484543323516846,-0.884833812713623,-0.05276130139827728,0.10065918415784836,-0.9866520166397095,-0.06145279109477997,0.10766661167144775,-0.48296016454696655,-0.033774036914110184,0.16967037320137024,-0.7316683530807495,-0.04152970388531685,0.21021528542041779,-0.8708050847053528,-0.04969150945544243,0.24411503970623016,-0.9680484533309937,-0.057359255850315094,0.18201784789562225,-0.4223092496395111,-0.050819434225559235,0.25173065066337585,-0.6435928344726562,-0.06102050095796585,0.2969043254852295,-0.7753139138221741,-0.07681122422218323,0.32675889134407043,-0.8755704760551453,-0.08979518711566925,0.24037113785743713,-0.3407443165779114,-0.06599938869476318,0.33414751291275024,-0.49075812101364136,-0.073827363550663,0.3876136243343353,-0.5809481143951416,-0.07439611107110977,0.4275604784488678,-0.659678041934967,-0.07446969300508499
Left,G,0.0,0.0,0.0,-0.10942156612873077,-0.15002354979515076,-0.02275814861059189,-0.1653384268283844,-0.31341707706451416,-0.04737066477537155,-0.21531404554843903,-0.4473998248577118,-0.07086006551980972,-0.27178871631622314,-0.5300036072731018,-0.09617966413497925,0.024649541825056076,-0.5077168345451355,-0.04312971234321594,0.05898800864815712,-0.73763108253479,-0.07354096323251724,0.0875801369547844,-0.8754251003265381,-0.09757348150014877,0.11717196553945541,-0.9799320697784424,-0.11368896067142487,0.11772231012582779,-0.4798579514026642,-0.05435999855399132,0.1787959635257721,-0.7141327261924744,-0.07228543609380722,0.22070391476154327,-0.8567166924476624,-0.08996973931789398,0.2576110064983368,-0.9605284333229065,-0.1049838438630104,0.19310906529426575,-0.4156077802181244,-0.06800459325313568,0.26951688528060913,-0.630631148815155,-0.0907294899225235,0.3145616948604584,-0.7650371193885803,-0.11328960210084915,0.3458191752433777,-0.868689239025116,-0.1304834932088852,0.25247251987457275,-0.33144205808639526,-0.08239330351352692,0.3468896150588989,-0.4676457941532135,-0.10440125316381454,0.4017319679260254,-0.5613912343978882,-0.11406833678483963,0.4439937472343445,-0.647343635559082,-0.12011241912841797
Left,G,0.0,0.0,0.0,0.16204491257667542,0.0006611501448787749,-0.07976475358009338,0.31920161843299866,-0.03161948546767235,-0.12467097491025925,0.4510249197483063,-0.05555111542344093,-0.16667872667312622,0.5594427585601807,-0.05550530552864075,-0.207736998796463,0.28833237290382385,-0.4092554748058319,-0.05234023183584213,0.3890279531478882,-0.5708341598510742,-0.09249508380889893,0.43992334604263306,-0.6794730424880981,-0.13056562840938568,0.4794798195362091,-0.7775797247886658,-0.16019436717033386,0.20260119438171387,-0.48350778222084045,-0.05159982293844223,0.27026936411857605,-0.6929999589920044,-0.0848834440112114,0.3043767213821411,-0.8235049843788147,-0.11998352408409119,0.32952454686164856,-0.932519793510437,-0.14771752059459686,0.11115142703056335,-0.508613646030426,-0.061402712017297745,0.15752345323562622,-0.7105513215065002,-0.09724988043308258,0.18704037368297577,-0.8307291865348816,-0.127801775932312,0.21328654885292053,-0.9312445521354675,-0.14970923960208893,0.012571243569254875,-0.4926512837409973,-0.08002012968063354,-0.0010450470726937056,-0.6612708568572998,-0.11566895991563797,-0.007614522241055965,-0.7777552604675293,-0.1335338056087494,-0.007650469895452261,-0.8859499096870422,-0.14455798268318176
Left,G,0.0,0.0,0.0,0.1591019332408905,0.09225168079137802,-0.05736284330487251,0.3202923834323883,0.16108615696430206,-0.0983215793967247,0.4386683404445648,0.24070009589195251,-0.14351177215576172,0.5328842401504517,0.31991124153137207,-0.18922264873981476,0.4299130439758301,-0.23410092294216156,-0.03136138245463371,0.5761163234710693,-0.35189157724380493,-0.07658913731575012,0.6632604002952576,-0.4265376627445221,-0.11811688542366028,0.7389187216758728,-0.4978685975074768,-0.14919820427894592,0.3838227689266205,-0.34494075179100037,-0.04750915616750717,0.5227996110916138,-0.5160901546478271,-0.08614367246627808,0.6080425381660461,-0.6248143315315247,-0.12468871474266052,0.676147997379303,-0.7204575538635254,-0.15415805578231812,0.3138606548309326,-0.42174118757247925,-0.07412903755903244,0.42870816588401794,-0.6049221158027649,-0.11630979180335999,0.5013805627822876,-0.7121665477752686,-0.1501750349998474,0.5616205334663391,-0.8033297657966614,-0.17154765129089355,0.22008083760738373,-0.46867993474006653,-0.10809657722711563,0.27051636576652527,-0.6637746691703796,-0.14824558794498444,0.30689388513565063,-0.792120099067688,-0.16689461469650269,0.3436827063560486,-0.9077247977256775,-0.17717419564723969
Left,G,0.0,0.0,0.0,-0.005860766861587763,-0.20726412534713745,0.015471355989575386,0.040586479008197784,-0.3775179982185364,0.016414636746048927,0.04477924108505249,-0.5240119099617004,0.004260397516191006,0.02360350638628006,-0.641776978969574,-0.012114912271499634,0.2843135893344879,-0.40221360325813293,0.042504679411649704,0.4189069867134094,-0.5826460123062134,0.02464950829744339,0.5022850632667542,-0.6977074146270752,0.004990605637431145,0.5711147785186768,-0.7912919521331787,-0.010147539898753166,0.3589182198047638,-0.34431782364845276,0.005830497480928898,0.5389201641082764,-0.4919236898422241,-0.006730368360877037,0.6461732983589172,-0.5955073833465576,-0.02701212652027607,0.7286123633384705,-0.6836681365966797,-0.04149646311998367,0.41341882944107056,-0.24857468903064728,-0.03602566570043564,0.5853078961372375,-0.40531066060066223,-0.054874006658792496,0.6830777525901794,-0.5148575901985168,-0.08100946992635727,0.7580482959747314,-0.613409698009491,-0.09786991775035858,0.4566933214664459,-0.12944205105304718,-0.07844766229391098,0.6291421055793762,-0.2144443839788437,-0.09676282107830048,0.7376470565795898,-0.2792678475379944,-0.10704862326383591,0.8298468589782715,-0.34881994128227234,-0.11330829560756683
Left,G,0.0,0.0,0.0,-0.0025367808993905783,-0.20154404640197754,0.019979441538453102,0.04719298332929611,-0.36338895559310913,0.025181526318192482,0.056247953325510025,-0.5031471252441406,0.01665833592414856,0.037494562566280365,-0.6163801550865173,0.0039890240877866745,0.29118165373802185,-0.378468781709671,0.0461060032248497,0.42563140392303467,-0.5648378133773804,0.03090798109769821,0.512282133102417,-0.6817671656608582,0.01378762535750866,0.5842177867889404,-0.7748538255691528,0.00012549450912047178,0.3644725978374481,-0.32610222697257996,0.008172999136149883,0.5457579493522644,-0.47543787956237793,-0.003338608192279935,0.6579396724700928,-0.5784128308296204,-0.022938573732972145,0.7463407516479492,-0.6645177006721497,-0.03730566054582596,0.41791263222694397,-0.23872855305671692,-0.03450580686330795,0.5920778512954712,-0.3963402211666107,-0.05376441404223442,0.6910907626152039,-0.5096900463104248,-0.08222650736570358,0.76750248670578,-0.611251950263977,-0.1010085716843605,0.46067890524864197,-0.12631143629550934,-0.07718797028064728,0.6365346908569336,-0.19951961934566498,-0.0963064581155777,0.7463124394416809,-0.2593614161014557,-0.10918400436639786,0.8380792140960693,-0.32693102955818176,-0.11780901253223419
Left,G,0.0,0.0,0.0,-0.10274478793144226,-0.1566973477602005,-0.0033881808631122112,-0.14525507390499115,-0.3361683189868927,-0.014019735157489777,-0.1748383641242981,-0.48289182782173157,-0.02648790553212166,-0.20582854747772217,-0.5856680274009705,-0.041352514177560806,0.025240814313292503,-0.509926438331604,-0.021854359656572342,0.07340166717767715,-0.7324765920639038,-0.04361436516046524,0.10466741025447845,-0.8709777593612671,-0.059190522879362106,0.1315697431564331,-0.9743814468383789,-0.06939396262168884,0.11468315869569778,-0.4849475026130676,-0.04036101698875427,0.1987054944038391,-0.713162899017334,-0.05398744344711304,0.2501623034477234,-0.8545559048652649,-0.06693136692047119,0.290242463350296,-0.953829824924469,-0.07725197076797485,0.1915041208267212,-0.42214974761009216,-0.05995889753103256,0.27846765518188477,-0.6365541219711304,-0.08175912499427795,0.3215002417564392,-0.7712442278862,-0.10313539952039719,0.35005417466163635,-0.8716048002243042,-0.11784008145332336,0.2564522325992584,-0.3341694474220276,-0.07847839593887329,0.36104434728622437,-0.47604086995124817,-0.1018625870347023,0.42114734649658203,-0.5676098465919495,-0.1121254414319992,0.4699937105178833,-0.6469770669937134,-0.11713336408138275
Left,G,0.0,0.0,0.0,0.15182434022426605,-0.057130392640829086,-0.052344899624586105,0.2891805171966553,-0.1761251538991928,-0.0715932846069336,0.3873363137245178,-0.280410498380661,-0.08991428464651108,0.4702678620815277,-0.3495643734931946,-0.10665995627641678,0.2167714536190033,-0.4813614785671234,-0.01613808237016201,0.27443546056747437,-0.664541482925415,-0.03999224305152893,0.3002896010875702,-0.7781351804733276,-0.06791254878044128,0.31670647859573364,-0.8817550539970398,-0.09127465635538101,0.12727919220924377,-0.5236650705337524,-0.021187178790569305,0.15392769873142242,-0.7390812635421753,-0.04028339311480522,0.1643088161945343,-0.8721562623977661,-0.06882879137992859,0.16525869071483612,-0.9818896651268005,-0.09264066815376282,0.03914044424891472,-0.5219852924346924,-0.03532189503312111,0.048035718500614166,-0.7238290309906006,-0.06269145011901855,0.05485411360859871,-0.8459983468055725,-0.09185235947370529,0.05702079460024834,-0.9490323662757874,-0.11328443884849548,-0.05270668864250183,-0.48462286591529846,-0.05564212054014206,-0.08753276616334915,-0.6510919332504272,-0.08808615803718567,-0.11363974213600159,-0.7616320252418518,-0.10646608471870422,-0.1333605945110321,-0.8656495213508606,-0.11804601550102234
Left,G,0.0,0.0,0.0,0.14596450328826904,-0.05699485167860985,-0.07137554883956909,0.2841281294822693,-0.15806587040424347,-0.1090799942612648,0.3923876881599426,-0.23260051012039185,-0.14467528462409973,0.4806235730648041,-0.2714795470237732,-0.18074318766593933,0.17160359025001526,-0.4889032542705536,-0.053053997457027435,0.21280501782894135,-0.67693692445755,-0.09469883143901825,0.23015359044075012,-0.7939102053642273,-0.13415835797786713,0.2405014932155609,-0.9051344394683838,-0.16495470702648163,0.07808410376310349,-0.5166754722595215,-0.056981366127729416,0.0837576687335968,-0.729315459728241,-0.09298640489578247,0.07841059565544128,-0.8652614951133728,-0.1316671520471573,0.06805524975061417,-0.9843786358833313,-0.1623794436454773,-0.010722254402935505,-0.498363196849823,-0.07011253386735916,-0.01912222057580948,-0.6947510242462158,-0.10842929780483246,-0.026967160403728485,-0.8193628191947937,-0.14214880764484406,-0.034978412091732025,-0.9322436451911926,-0.16603511571884155,-0.09816741943359375,-0.4404621422290802,-0.09125448763370514,-0.14979979395866394,-0.5973629951477051,-0.12917308509349823,-0.18388932943344116,-0.7000924348831177,-0.14885574579238892,-0.2096000760793686,-0.8005347847938538,-0.16133831441402435
Left,G,0.0,0.0,0.0,0.1424931436777115,-0.09670409560203552,-0.06801120936870575,0.2654852569103241,-0.25177767872810364,-0.0970236212015152,0.3539291322231293,-0.3827417194843292,-0.12290541082620621,0.4329119026660919,-0.47173210978507996,-0.1467364877462387,0.12068300694227219,-0.5351063013076782,-0.031273551285266876,0.13575564324855804,-0.7346740365028381,-0.06083507835865021,0.1372329443693161,-0.8539460897445679,-0.09195178002119064,0.13446976244449615,-0.9594379663467407,-0.11639769375324249,0.021503467112779617,-0.5473471879959106,-0.02920699678361416,0.005892201326787472,-0.7603253722190857,-0.05076632276177406,-0.0059726303443312645,-0.8880879282951355,-0.07953312993049622,-0.019527841359376907,-0.9945027828216553,-0.10287252813577652,-0.06694198399782181,-0.5189642906188965,-0.03719041496515274,-0.09425906091928482,-0.7137578725814819,-0.06266194581985474,-0.11072112619876862,-0.8293291926383972,-0.08801814168691635,-0.12526734173297882,-0.9301145672798157,-0.10701079666614532,-0.1502586305141449,-0.451905757188797,-0.05324086919426918,-0.21407417953014374,-0.5907677412033081,-0.08157320320606232,-0.2554224729537964,-0.680657684803009,-0.09610365331172943,-0.288213849067688,-0.7678713798522949,-0.10466867685317993
Left,G,0.0,0.0,0.0,-0.09944142401218414,-0.148717001080513,0.0258864164352417,-0.13708527386188507,-0.2985302805900574,0.02717403508722782,-0.1551675796508789,-0.4217420220375061,0.02173718251287937,-0.18737652897834778,-0.5038271546363831,0.01137454528361559,0.018535735085606575,-0.5027403831481934,0.0022524043451994658,0.048253133893013,-0.7291015386581421,-0.011603759601712227,0.07023554295301437,-0.8632739782333374,-0.022163767367601395,0.09107962995767593,-0.9654420018196106,-0.028544627130031586,0.10835184156894684,-0.48033949732780457,-0.026757724583148956,0.18168283998966217,-0.7197641134262085,-0.03490782529115677,0.22205029428005219,-0.8636156320571899,-0.045610543340444565,0.2533875107765198,-0.9658339619636536,-0.054401177912950516,0.1844860315322876,-0.42254456877708435,-0.054311323910951614,0.26127615571022034,-0.6528973579406738,-0.07076255977153778,0.29416608810424805,-0.7933089733123779,-0.09060971438884735,0.31276145577430725,-0.9016625285148621,-0.10453825443983078,0.25030696392059326,-0.3409764766693115,-0.07773063331842422,0.35472527146339417,-0.5038394927978516,-0.09442255645990372,0.41211628913879395,-0.604874312877655,-0.10158392786979675,0.45454585552215576,-0.6993594765663147,-0.10515781491994858
Left,G,0.0,0.0,0.0,0.15656784176826477,-0.09442728757858276,-0.04917895793914795,0.2915955185890198,-0.21127377450466156,-0.06721873581409454,0.3743343651294708,-0.3129194676876068,-0.08788331598043442,0.40585675835609436,-0.4249603748321533,-0.10634686052799225,0.17496807873249054,-0.5611896514892578,0.020782601088285446,0.23209615051746368,-0.7457419037818909,-0.014883279800415039,0.2757479250431061,-0.8343285322189331,-0.05728260055184364,0.3246144950389862,-0.891704261302948,-0.0853360965847969,0.08414943516254425,-0.594200074672699,0.012086977250874043,0.10811024904251099,-0.8055593371391296,-0.01557713933289051,0.14754754304885864,-0.9181017279624939,-0.05916186422109604,0.20295311510562897,-0.9749360084533691,-0.09115832298994064,-0.010045806877315044,-0.5834046602249146,-0.009744090028107166,-0.0041916160844266415,-0.7900471687316895,-0.04625328257679939,0.041489142924547195,-0.8908129930496216,-0.08706632256507874,0.11088135838508606,-0.9410552978515625,-0.11369552463293076,-0.10887285321950912,-0.5334577560424805,-0.03796946629881859,-0.15016546845436096,-0.6991066336631775,-0.07495000213384628,-0.13986369967460632,-0.8002268075942993,-0.09757573902606964,-0.09464352577924728,-0.862550675868988,-0.11066567897796631
Left,G,0.0,0.0,0.0,0.13489098846912384,-0.09578249603509903,-0.0432325154542923,0.24111618101596832,-0.23010563850402832,-0.06408431380987167,0.334397554397583,-0.3289578855037689,-0.08672323822975159,0.42452067136764526,-0.3823096752166748,-0.10891231894493103,0.16037306189537048,-0.49533727765083313,-0.0045611984096467495,0.226746067404747,-0.675733745098114,-0.04151757061481476,0.27305564284324646,-0.7809187173843384,-0.07975975424051285,0.3174794018268585,-0.8718063235282898,-0.1075265109539032,0.07936733216047287,-0.5272918343544006,-0.014792289584875107,0.11969945579767227,-0.7307024598121643,-0.0467529222369194,0.1594688445329666,-0.8624289631843567,-0.0823698341846466,0.19898994266986847,-0.9739677309989929,-0.10858133435249329,-0.0031195017509162426,-0.5184718370437622,-0.03507506847381592,0.022363409399986267,-0.7207044363021851,-0.07126063108444214,0.05846046656370163,-0.8479817509651184,-0.10241657495498657,0.09792373329401016,-0.9557574391365051,-0.12261856347322464,-0.08730737864971161,-0.478380411863327,-0.06071579456329346,-0.08600788563489914,-0.6437472105026245,-0.09495759010314941,-0.07853449881076813,-0.7583862543106079,-0.1119740903377533,-0.061617013067007065,-0.8684995174407959,-0.1223098486661911
Left,G,0.0,0.0,0.0,0.12425068765878677,-0.07573059946298599,-0.053752414882183075,0.2433064579963684,-0.18846258521080017,-0.08414944261312485,0.362527459859848,-0.22163952887058258,-0.1157468855381012,0.46771007776260376,-0.2021934539079666,-0.148016557097435,0.1839803159236908,-0.48368385434150696,-0.0293629951775074,0.2467050850391388,-0.6701282262802124,-0.06170375645160675,0.2736106514930725,-0.7836011648178101,-0.09561571478843689,0.2929682433605194,-0.8903536200523376,-0.12358367443084717,0.10420604050159454,-0.5161285400390625,-0.038198940455913544,0.1382894515991211,-0.7269580364227295,-0.06460494548082352,0.14905790984630585,-0.8642149567604065,-0.09802213311195374,0.1529834270477295,-0.9802603721618652,-0.12524175643920898,0.021811917424201965,-0.5055772066116333,-0.05553527548909187,0.03853517025709152,-0.7031140923500061,-0.08387492597103119,0.04849882423877716,-0.8273664712905884,-0.11547429859638214,0.05491098761558533,-0.9362994432449341,-0.13827478885650635,-0.06554735451936722,-0.4594034254550934,-0.07969024032354355,-0.0855395495891571,-0.6221254467964172,-0.1085875928401947,-0.10181457549333572,-0.7325755953788757,-0.1251697987318039,-0.11347229033708572,-0.8402811884880066,-0.13647538423538208
Left,G,0.0,0.0,0.0,-0.11365898698568344,-0.14994201064109802,0.0004589108284562826,-0.16539578139781952,-0.3172574043273926,-0.009204396046698093,-0.1901978999376297,-0.4567287564277649,-0.020559757947921753,-0.21799662709236145,-0.5573418736457825,-0.03393131121993065,0.0035553204361349344,-0.5142144560813904,-0.01917150616645813,0.04248705133795738,-0.7412354946136475,-0.03864562138915062,0.06920523941516876,-0.8736129999160767,-0.05245204642415047,0.09471647441387177,-0.9709993600845337,-0.060629088431596756,0.09770805388689041,-0.4879536032676697,-0.03702867031097412,0.1596916913986206,-0.7270660400390625,-0.049336303025484085,0.19895830750465393,-0.8703104853630066,-0.060290444642305374,0.2328389585018158,-0.9700544476509094,-0.06914045661687851,0.17912182211875916,-0.4281657040119171,-0.0556190200150013,0.2531466782093048,-0.6513343453407288,-0.0740419402718544,0.29154810309410095,-0.7884846329689026,-0.0912976861000061,0.31748053431510925,-0.8903631567955017,-0.10323835164308548,0.24841399490833282,-0.3468533754348755,-0.07273733615875244,0.3388771712779999,-0.5036462545394897,-0.09068972617387772,0.38827836513519287,-0.607016921043396,-0.09728919714689255,0.4263678193092346,-0.6994463205337524,-0.10001347213983536
Left,G,0.0,0.0,0.0,-0.1316249817609787,-0.1368577480316162,-0.01448211632668972,-0.20428599417209625,-0.2903793454170227,-0.03566822037100792,-0.2532269060611725,-0.42003902792930603,-0.05622250214219093,-0.298392117023468,-0.5118348002433777,-0.07813752442598343,-0.031258124858140945,-0.5131978392601013,-0.03432370349764824,-0.019678061828017235,-0.7394908666610718,-0.057433731853961945,-0.009625175967812538,-0.8727474212646484,-0.07560250163078308,0.0034318279940634966,-0.9737218618392944,-0.08722113817930222,0.06825896352529526,-0.496152400970459,-0.04759085923433304,0.10494725406169891,-0.7376720309257507,-0.06174135208129883,0.128548264503479,-0.8814173936843872,-0.07609684765338898,0.15272842347621918,-0.9843130111694336,-0.08832832425832748,0.15271782875061035,-0.4463602900505066,-0.0625653862953186,0.19813485443592072,-0.6697916984558105,-0.08373774588108063,0.2260463535785675,-0.8078250885009766,-0.10502156615257263,0.24566617608070374,-0.9089617133140564,-0.12021737545728683,0.22435469925403595,-0.3786378502845764,-0.07722199708223343,0.2952452600002289,-0.5398722887039185,-0.09692461043596268,0.33822038769721985,-0.6402891874313354,-0.10437558591365814,0.3723456859588623,-0.7261567115783691,-0.10808219760656357
Left,G,0.0,0.0,0.0,0.15559159219264984,-0.06288720667362213,-0.040030427277088165,0.29167595505714417,-0.16647672653198242,-0.05379392206668854,0.3913520872592926,-0.26528477668762207,-0.0695677176117897,0.4768984913825989,-0.32665377855300903,-0.08287835121154785,0.1950754076242447,-0.4853976368904114,0.02059018798172474,0.25572705268859863,-0.6691107749938965,0.006655032280832529,0.28341761231422424,-0.7803798317909241,-0.015918847173452377,0.3014262914657593,-0.8768966197967529,-0.034364622086286545,0.11356459558010101,-0.5247004628181458,0.0116811478510499,0.1551719307899475,-0.7419775128364563,0.0021894546225667,0.17732401192188263,-0.8742709159851074,-0.02197846584022045,0.19050230085849762,-0.9807913899421692,-0.041918233036994934,0.028882043436169624,-0.5293505787849426,-0.00734112411737442,0.04874075576663017,-0.7367551326751709,-0.02843899093568325,0.06922560930252075,-0.8569232225418091,-0.05475877225399017,0.08350614458322525,-0.9526566863059998,-0.07306428998708725,-0.06334514170885086,-0.5052202343940735,-0.03189149871468544,-0.08588698506355286,-0.6801409721374512,-0.05787363648414612,-0.09999477863311768,-0.7964497208595276,-0.07159167528152466,-0.10931200534105301,-0.9031632542610168,-0.0796768069267273
Left,G,0.0,0.0,0.0,0.17266996204853058,-0.09746811538934708,-0.05405406653881073,0.3098522424697876,-0.2426631897687912,-0.07196851819753647,0.4100991487503052,-0.39625483751296997,-0.09273166954517365,0.49130746722221375,-0.5088320374488831,-0.11048083007335663,0.14887534081935883,-0.5253878831863403,0.040832068771123886,0.17812465131282806,-0.7072122097015381,0.0374428816139698,0.18889808654785156,-0.8308210968971252,0.023812782019376755,0.18894563615322113,-0.9214299917221069,0.013762918300926685,0.04712362214922905,-0.5519247651100159,0.04247840493917465,0.04891618713736534,-0.7715337872505188,0.05425276234745979,0.0395096093416214,-0.8956985473632812,0.04940032958984375,0.028218107298016548,-0.9986206889152527,0.04427798092365265,-0.04852970317006111,-0.5476997494697571,0.029934315010905266,-0.06384085863828659,-0.7538638710975647,0.028188373893499374,-0.07124072313308716,-0.8703991770744324,0.021598419174551964,-0.07993985712528229,-0.9545498490333557,0.015924042090773582,-0.1459316611289978,-0.5113667845726013,0.0082468893378973,-0.21342851221561432,-0.6615652441978455,-0.003142913803458214,-0.25374141335487366,-0.7677499651908875,-0.0049957470037043095,-0.2845119535923004,-0.8565928936004639,-0.0037387677002698183
Left,G,0.0,0.0,0.0,0.19144681096076965,-0.13169614970684052,-0.01462207455188036,0.30704835057258606,-0.2912100553512573,0.002371453680098057,0.3716891407966614,-0.4579000174999237,0.0068931542336940765,0.39937642216682434,-0.6046324372291565,0.014683211222290993,0.08850608021020889,-0.5093678832054138,0.15663188695907593,0.09674399346113205,-0.6865138411521912,0.19471335411071777,0.10292642563581467,-0.8065940141677856,0.20598696172237396,0.10317206382751465,-0.87997967004776,0.21685507893562317,-0.02600240521132946,-0.5248492956161499,0.1545887291431427,-0.03757142275571823,-0.7406013011932373,0.21698299050331116,-0.04791034758090973,-0.8623911738395691,0.238216832280159,-0.053740713745355606,-0.9659492373466492,0.25308915972709656,-0.12075193226337433,-0.5190333724021912,0.13469941914081573,-0.14797064661979675,-0.7144955396652222,0.17809756100177765,-0.15279296040534973,-0.8272870182991028,0.18865716457366943,-0.15272949635982513,-0.908492922782898,0.1938662827014923,-0.2198735624551773,-0.4793033003807068,0.10638004541397095,-0.30255213379859924,-0.6050612330436707,0.1317252218723297,-0.35787662863731384,-0.7069882154464722,0.14403560757637024,-0.39493638277053833,-0.7865650653839111,0.15479564666748047
Left,G,0.0,0.0,0.0,0.14271825551986694,-0.08963517844676971,-0.05889376625418663,0.2565940022468567,-0.22859583795070648,-0.08190827816724777,0.3312341570854187,-0.3640499413013458,-0.10192102938890457,0.3988824188709259,-0.47173506021499634,-0.12025845050811768,0.1212712749838829,-0.4943324029445648,-0.022005051374435425,0.15975360572338104,-0.6846370100975037,-0.052203744649887085,0.17803895473480225,-0.8034020066261292,-0.08286457508802414,0.18860071897506714,-0.9093367457389832,-0.10643696039915085,0.035811543464660645,-0.5161161422729492,-0.023941565304994583,0.05008412525057793,-0.7348667979240417,-0.05074293166399002,0.05782885104417801,-0.8749326467514038,-0.08217093348503113,0.060701433569192886,-0.992459237575531,-0.10648944973945618,-0.04826216399669647,-0.4969334900379181,-0.03593650087714195,-0.05664810910820961,-0.7037036418914795,-0.07190811634063721,-0.05108536034822464,-0.8338256478309631,-0.10304758697748184,-0.044250912964344025,-0.9439796805381775,-0.12373366951942444,-0.1337393820285797,-0.44635075330734253,-0.05386253073811531,-0.18318386375904083,-0.6067973971366882,-0.09270366281270981,-0.21373555064201355,-0.7154209017753601,-0.11289610713720322,-0.23684319853782654,-0.8216671347618103,-0.125066339969635
Left,G,0.0,0.0,0.0,0.16473975777626038,0.08232713490724564,-0.07403111457824707,0.34620603919029236,0.10214559733867645,-0.10976910591125488,0.5044596791267395,0.13038167357444763,-0.14321017265319824,0.6302961707115173,0.17061713337898254,-0.17562662065029144,0.4019119143486023,-0.23858152329921722,-0.035683080554008484,0.5519546866416931,-0.3414768874645233,-0.07461246848106384,0.641851007938385,-0.4129504859447479,-0.11007876694202423,0.715602695941925,-0.4778043031692505,-0.13582728803157806,0.35541409254074097,-0.349959135055542,-0.03801834583282471,0.5102722644805908,-0.5033749938011169,-0.07042766362428665,0.6079618334770203,-0.6037328243255615,-0.10230247676372528,0.6899114847183228,-0.6936740875244141,-0.1264411211013794,0.2838977575302124,-0.43308424949645996,-0.05294802039861679,0.41359493136405945,-0.6051173806190491,-0.09325014054775238,0.49779701232910156,-0.6980704069137573,-0.12397520244121552,0.5696083903312683,-0.7708495855331421,-0.14365322887897491,0.18982581794261932,-0.4980958104133606,-0.07627656310796738,0.25610747933387756,-0.6850267052650452,-0.1160179078578949,0.30804434418678284,-0.8105254173278809,-0.13586130738258362,0.3632809817790985,-0.9198131561279297,-0.1482250690460205
Left,G,0.0,0.0,0.0,0.18125934898853302,-0.06575989723205566,-0.06563390791416168,0.32269957661628723,-0.1838776022195816,-0.09140259772539139,0.42284345626831055,-0.3232676386833191,-0.11621320247650146,0.5027010440826416,-0.42971837520599365,-0.13782638311386108,0.20710891485214233,-0.4893695116043091,0.00679962569847703,0.2623104155063629,-0.6644524335861206,-0.00814595352858305,0.29027602076530457,-0.7861338257789612,-0.02686561644077301,0.30584681034088135,-0.8760705590248108,-0.04045112803578377,0.11050450056791306,-0.528832197189331,0.010900524444878101,0.13993953168392181,-0.7497321367263794,0.007214793469756842,0.1520334631204605,-0.8759835362434387,-0.00404161075130105,0.16405430436134338,-0.9863533973693848,-0.013895063661038876,0.01974835991859436,-0.5345174074172974,0.0010709903435781598,0.032571952790021896,-0.737409234046936,-0.01594100520014763,0.04955071955919266,-0.8492182493209839,-0.030328471213579178,0.06463813781738281,-0.9344239830970764,-0.040905289351940155,-0.0768381878733635,-0.5106843113899231,-0.01765143685042858,-0.12558062374591827,-0.6776672601699829,-0.04101819917559624,-0.14854779839515686,-0.796995222568512,-0.05149725079536438,-0.16137397289276123,-0.9011168479919434,-0.05753910169005394
Left,G,0.0,0.0,0.0,0.13703849911689758,-0.06567397713661194,-0.06807687133550644,0.260400652885437,-0.1628415733575821,-0.11401789635419846,0.3589792847633362,-0.23492519557476044,-0.15671075880527496,0.45074227452278137,-0.28318095207214355,-0.2023913413286209,0.17054952681064606,-0.4384056329727173,-0.09221316874027252,0.22448107600212097,-0.629879355430603,-0.15112240612506866,0.2515277564525604,-0.7566025257110596,-0.19639742374420166,0.2697850167751312,-0.874580442905426,-0.22996722161769867,0.08189433068037033,-0.464755654335022,-0.10361309349536896,0.10020103305578232,-0.6848412156105042,-0.1571408212184906,0.10835438966751099,-0.8326700329780579,-0.20089374482631683,0.1090041846036911,-0.9659871459007263,-0.23449301719665527,-0.0073015098460018635,-0.4396284818649292,-0.12184569984674454,-0.004542490001767874,-0.6424719095230103,-0.17720827460289001,0.0029081725515425205,-0.7861393690109253,-0.21874971687793732,0.0073409005999565125,-0.9139278531074524,-0.24752280116081238,-0.0948684886097908,-0.3746107816696167,-0.14562168717384338,-0.14513854682445526,-0.5331391096115112,-0.20020729303359985,-0.1763741821050644,-0.645050048828125,-0.22793740034103394,-0.20252935588359833,-0.7541196346282959,-0.24577955901622772
Left,G,0.0,0.0,0.0,0.13598422706127167,-0.05185883864760399,-0.05965346843004227,0.2615915536880493,-0.15140897035598755,-0.09537459909915924,0.37132570147514343,-0.2297120988368988,-0.1314087212085724,0.4692540168762207,-0.2654772102832794,-0.16687434911727905,0.14847451448440552,-0.4797211289405823,-0.03455067053437233,0.187740296125412,-0.6716131567955017,-0.07057551294565201,0.20265883207321167,-0.7885616421699524,-0.10373176634311676,0.20840464532375336,-0.8920274376869202,-0.13032348453998566,0.07605086266994476,-0.5173675417900085,-0.04200216755270958,0.0865398719906807,-0.7430656552314758,-0.07423838973045349,0.08838915079832077,-0.8778547048568726,-0.10541140288114548,0.08097571134567261,-0.9882624745368958,-0.12953904271125793,0.005315168760716915,-0.5135791897773743,-0.058555927127599716,-0.00019932715804316103,-0.7270920276641846,-0.09402202814817429,-0.004240313079208136,-0.8502476215362549,-0.12083595991134644,-0.014424997381865978,-0.9548781514167786,-0.1390034258365631,-0.064186230301857,-0.4693445563316345,-0.08207886666059494,-0.11034363508224487,-0.6308271288871765,-0.11789556592702866,-0.1417284905910492,-0.7393603920936584,-0.13530372083187103,-0.1693597435951233,-0.8397782444953918,-0.14575928449630737
Left,G,0.0,0.0,0.0,-0.10352087020874023,-0.13533036410808563,0.021998263895511627,-0.15675190091133118,-0.29617202281951904,0.027078483253717422,-0.1830790638923645,-0.428943932056427,0.027851974591612816,-0.21351420879364014,-0.5199831128120422,0.02529190666973591,-0.039814431220293045,-0.4876599609851837,-0.010950407944619656,-0.032107140868902206,-0.7285839915275574,-0.02692662551999092,-0.023955771699547768,-0.865725040435791,-0.032718706876039505,-0.015665479004383087,-0.968456506729126,-0.034302715212106705,0.044671230018138885,-0.48161765933036804,-0.035112414509058,0.08484406769275665,-0.7371970415115356,-0.04810654744505882,0.10933572053909302,-0.8860654234886169,-0.054840803146362305,0.1278788447380066,-0.9900481700897217,-0.05875043570995331,0.12344974279403687,-0.44105029106140137,-0.057337500154972076,0.16290126740932465,-0.6812388300895691,-0.07606980204582214,0.1785411834716797,-0.8246569633483887,-0.09345089644193649,0.18523584306240082,-0.9319336414337158,-0.10413338989019394,0.1975555270910263,-0.3750881850719452,-0.07559756934642792,0.27162057161331177,-0.5557407736778259,-0.09519883990287781,0.3115062415599823,-0.6683294177055359,-0.10508287698030472,0.3409861624240875,-0.76556795835495,-0.10934748500585556
Left,G,0.0,0.0,0.0,-0.14712689816951752,-0.12611958384513855,0.016908837482333183,-0.19276905059814453,-0.28023242950439453,0.02658631093800068,-0.2087678164243698,-0.40474218130111694,0.03039352037012577,-0.23861052095890045,-0.48264309763908386,0.031146548688411713,0.01977367512881756,-0.5551418662071228,0.04590291902422905,0.06193386763334274,-0.7533104419708252,0.05582698807120323,0.09386054426431656,-0.8722881078720093,0.050450265407562256,0.1223897859454155,-0.9630870819091797,0.04248901456594467,0.12864160537719727,-0.5376231074333191,0.026088306680321693,0.18626640737056732,-0.7483927607536316,0.04194109886884689,0.22600094974040985,-0.8743849396705627,0.03158705309033394,0.26289159059524536,-0.9646649956703186,0.017595723271369934,0.21914592385292053,-0.4788532853126526,0.004244997166097164,0.280346155166626,-0.6970385909080505,0.002631250536069274,0.31041258573532104,-0.8285136818885803,-0.022122293710708618,0.3311510980129242,-0.928301990032196,-0.04290968179702759,0.2957955300807953,-0.39365532994270325,-0.015639379620552063,0.3968780040740967,-0.5476313829421997,-0.022304434329271317,0.45524823665618896,-0.6476622223854065,-0.033007312566041946,0.4975341558456421,-0.7375724911689758,-0.04220166429877281
Left,A,0.0,0.0,0.0,-0.09141910076141357,-0.2567296326160431,0.01862582191824913,-0.13288331031799316,-0.5238612294197083,0.015118113718926907,-0.1519513875246048,-0.7373619079589844,0.003275492461398244,-0.20667818188667297,-0.8918257355690002,-0.005879677832126617,0.07350735366344452,-0.723253071308136,0.03296879678964615,0.18489085137844086,-0.6592000722885132,0.040983110666275024,0.15591579675674438,-0.5345505475997925,0.02865923009812832,0.09178190678358078,-0.4606451392173767,0.017504077404737473,0.17824779450893402,-0.6687045097351074,0.004596575628966093,0.2584609389305115,-0.560878574848175,0.03359311819076538,0.2115500122308731,-0.4397291839122772,0.014777330681681633,0.15099720656871796,-0.38071537017822266,-0.011716746725142002,0.2708858549594879,-0.5570281147956848,-0.018812578171491623,0.3305718004703522,-0.4823797643184662,-0.013961335644125938,0.27611488103866577,-0.35609346628189087,-0.016230260953307152,0.21116578578948975,-0.30346739292144775,-0.02163010835647583,0.3555492162704468,-0.41347718238830566,-0.03818950057029724,0.47529590129852295,-0.5931711196899414,-0.03848421946167946,0.5479729771614075,-0.6949686408042908,-0.01563401333987713,0.602607786655426,-0.7980319261550903,0.0029678877908736467
Left,A,0.0,0.0,0.0,0.17266592383384705,0.07248950004577637,-0.05002017691731453,0.3722478747367859,0.02861781232059002,-0.05832727253437042,0.5119078159332275,-0.015060675330460072,-0.07312322407960892,0.6155905723571777,-0.01050916500389576,-0.07487494498491287,0.39402857422828674,-0.28496038913726807,-0.0015285467961803079,0.47252240777015686,-0.330578088760376,-0.07602057605981827,0.3730933368206024,-0.2211563140153885,-0.10506574809551239,0.29870590567588806,-0.13530750572681427,-0.09920496493577957,0.31768494844436646,-0.3859448730945587,-0.0030515671242028475,0.3728101849555969,-0.3991849720478058,-0.10376480966806412,0.2755057215690613,-0.2557826340198517,-0.12891146540641785,0.21366412937641144,-0.16241860389709473,-0.11136987805366516,0.23378755152225494,-0.4663160741329193,-0.019941724836826324,0.2773127257823944,-0.4834934175014496,-0.12377326190471649,0.1942395716905594,-0.32781147956848145,-0.13171342015266418,0.13314244151115417,-0.2179252654314041,-0.09444354474544525,0.15121668577194214,-0.5349072217941284,-0.03990840166807175,0.2596442997455597,-0.7077933549880981,-0.09417465329170227,0.3325042426586151,-0.8210124969482422,-0.10481242835521698,0.4001985788345337,-0.9119080901145935,-0.09091043472290039
Left,A,0.0,0.0,0.0,0.16772644221782684,0.04851114749908447,-0.09740813821554184,0.3627740740776062,0.0036399548407644033,-0.1411224901676178,0.5131220817565918,-0.041334494948387146,-0.183308407664299,0.6371569037437439,-0.0258108489215374,-0.2125343680381775,0.3683861792087555,-0.3435851037502289,-0.070640929043293,0.30536121129989624,-0.4167897403240204,-0.17176206409931183,0.20423367619514465,-0.29086920619010925,-0.22036755084991455,0.15506957471370697,-0.18347100913524628,-0.22501090168952942,0.26850199699401855,-0.4425361752510071,-0.05566127225756645,0.1991543173789978,-0.450717031955719,-0.17622533440589905,0.11174862086772919,-0.27501440048217773,-0.2145552635192871,0.07107125222682953,-0.1621464192867279,-0.20811399817466736,0.16636405885219574,-0.5004746913909912,-0.05580425262451172,0.1104378029704094,-0.5514758825302124,-0.18179821968078613,0.037738967686891556,-0.3860682547092438,-0.19497962296009064,0.003493020310997963,-0.25852736830711365,-0.15914060175418854,0.06591260433197021,-0.5465887784957886,-0.061936818063259125,0.11139249801635742,-0.7359511852264404,-0.12608063220977783,0.13406559824943542,-0.8649402260780334,-0.13118965923786163,0.16038228571414948,-0.9808945059776306,-0.11010702699422836
Left,A,0.0,0.0,0.0,-0.030148856341838837,-0.3199494183063507,0.0315701849758625,0.0065053910948336124,-0.6114208102226257,0.03582976758480072,0.03146025910973549,-0.8304484486579895,0.029641658067703247,0.004456567578017712,-0.9996786117553711,0.024957407265901566,0.32092317938804626,-0.686372697353363,0.08065719157457352,0.35598254203796387,-0.583319365978241,0.10772401839494705,0.2872771918773651,-0.4807600677013397,0.09232380241155624,0.21408912539482117,-0.44213101267814636,0.07881549745798111,0.41571828722953796,-0.5695987343788147,0.053289446979761124,0.41516318917274475,-0.4461587965488434,0.10500188916921616,0.32930657267570496,-0.35742804408073425,0.07460281997919083,0.25930458307266235,-0.3253905177116394,0.038245223462581635,0.47630634903907776,-0.41301047801971436,0.032655611634254456,0.4810810387134552,-0.3410812318325043,0.06269567459821701,0.39253994822502136,-0.25573575496673584,0.046660229563713074,0.3233211636543274,-0.23056764900684357,0.0283801406621933,0.5130231380462646,-0.2405255138874054,0.01768418587744236,0.6738001704216003,-0.3439951539039612,0.04927241802215576,0.7727068662643433,-0.3994167745113373,0.08007563650608063,0.852471649646759,-0.4614576995372772,0.10027101635932922
Left,A,0.0,0.0,0.0,-0.14150971174240112,-0.21219834685325623,0.006562535651028156,-0.2250702977180481,-0.4187581539154053,-0.006216854322701693,-0.2720431089401245,-0.5951468348503113,-0.02156079187989235,-0.327705055475235,-0.7253514528274536,-0.03290724754333496,-0.010334629565477371,-0.685495913028717,0.0066417972557246685,0.04868538677692413,-0.6611894369125366,0.030852127820253372,0.037882935255765915,-0.5363645553588867,0.036314427852630615,0.002777185756713152,-0.449367493391037,0.038579896092414856,0.10920652747154236,-0.6499803066253662,-0.008414827287197113,0.14383772015571594,-0.5785315036773682,0.03391845151782036,0.1109565794467926,-0.4581727683544159,0.022390631958842278,0.0749325379729271,-0.3813680112361908,-0.00023592256184201688,0.2112186849117279,-0.5620057582855225,-0.015523086301982403,0.22575482726097107,-0.5236371755599976,0.0022418147418648005,0.1889987587928772,-0.3989611566066742,-0.001440914231352508,0.14987653493881226,-0.32530462741851807,-0.009328064508736134,0.3022216260433197,-0.44845953583717346,-0.018276063725352287,0.3853870630264282,-0.6573804616928101,-0.0055036647245287895,0.43924373388290405,-0.7718346118927002,0.02061580866575241,0.4789075553417206,-0.87693852186203,0.04032902047038078
Left,A,0.0,0.0,0.0,-0.02934262529015541,-0.31906548142433167,-0.009643387980759144,-0.018972644582390785,-0.5873135924339294,-0.04700036719441414,-0.008699609898030758,-0.8145100474357605,-0.08370133489370346,-0.02436814270913601,-0.9934632778167725,-0.11152075976133347,0.2844168543815613,-0.5956951379776001,-0.05922021344304085,0.3752461373806,-0.6565055251121521,-0.055397577583789825,0.31169381737709045,-0.5882124304771423,-0.04149933159351349,0.2369840294122696,-0.5189878344535828,-0.030322683975100517,0.37408918142318726,-0.44827526807785034,-0.06984549760818481,0.41112032532691956,-0.4959234893321991,-0.049942776560783386,0.3390301764011383,-0.44152241945266724,-0.04555364325642586,0.27807942032814026,-0.3799671232700348,-0.05724716559052467,0.42867133021354675,-0.28020134568214417,-0.072333924472332,0.46419304609298706,-0.35770490765571594,-0.06634218990802765,0.39431825280189514,-0.31102433800697327,-0.05169743299484253,0.33244600892066956,-0.2541674077510834,-0.04994956776499748,0.4670349657535553,-0.11571751534938812,-0.071600541472435,0.6421139240264893,-0.24062775075435638,-0.07088473439216614,0.7407634258270264,-0.3219270706176758,-0.0496704988181591,0.8221718668937683,-0.39755043387413025,-0.035517800599336624
Left,A,0.0,0.0,0.0,0.08668049424886703,-0.30467692017555237,-0.016484113410115242,0.20427685976028442,-0.5478764772415161,-0.048394087702035904,0.30541467666625977,-0.7471200823783875,-0.07784304767847061,0.3617609739303589,-0.9270683526992798,-0.0983530730009079,0.4681956171989441,-0.4131244421005249,-0.0514020174741745,0.4888322949409485,-0.31314826011657715,-0.053793761879205704,0.4088841378688812,-0.26838934421539307,-0.05899680033326149,0.32783043384552,-0.2793940603733063,-0.06506640464067459,0.5036872029304504,-0.2306930422782898,-0.06627027690410614,0.45973435044288635,-0.13492010533809662,-0.04234693571925163,0.3760291337966919,-0.11206969618797302,-0.055319640785455704,0.30841296911239624,-0.12953397631645203,-0.0872374102473259,0.49108022451400757,-0.03056754730641842,-0.07466001063585281,0.46228834986686707,0.025090111419558525,-0.07799055427312851,0.3690694272518158,0.031421102583408356,-0.07692625373601913,0.2977074384689331,0.008792828768491745,-0.08775986731052399,0.4548334777355194,0.1649966835975647,-0.08057121187448502,0.6363727450370789,0.21878457069396973,-0.09384498745203018,0.7549431920051575,0.26048383116722107,-0.07834232598543167,0.8558215498924255,0.27809852361679077,-0.06923966109752655
Left,A,0.0,0.0,0.0,0.17200717329978943,0.06896813958883286,0.027657490223646164,0.3187527060508728,0.1696905493736267,0.008410795591771603,0.43651801347732544,0.22985009849071503,-0.01914089545607567,0.5471530556678772,0.24099643528461456,-0.042837824672460556,0.3255763053894043,0.4742192327976227,-0.022500520572066307,0.20874544978141785,0.6418094038963318,-0.024753283709287643,0.15327541530132294,0.5664713382720947,-0.025762204080820084,0.15794098377227783,0.46694737672805786,-0.030299315229058266,0.24246490001678467,0.5214335322380066,-0.06134229525923729,0.12378735840320587,0.6590381860733032,-0.04620847478508949,0.07952749729156494,0.5781319737434387,-0.04122263938188553,0.08716371655464172,0.48643985390663147,-0.05080769956111908,0.13455118238925934,0.5311765074729919,-0.09357378631830215,0.04328886792063713,0.661782443523407,-0.08468884229660034,0.007318421266973019,0.5770790576934814,-0.06189892813563347,0.020932553336024284,0.4892426133155823,-0.056364938616752625,0.017634311690926552,0.518682062625885,-0.12319603562355042,0.012565070763230324,0.7427517175674438,-0.12413133680820465,0.003540248144418001,0.8812419772148132,-0.10372094064950943,0.006929497700184584,0.9958630800247192,-0.09060119837522507
Left,A,0.0,0.0,0.0,0.21281491219997406,0.054809294641017914,-0.06885912269353867,0.43082576990127563,-0.03757770359516144,-0.08933776617050171,0.5695386528968811,-0.1372218281030655,-0.11206402629613876,0.6941900849342346,-0.17608827352523804,-0.12490624189376831,0.45521077513694763,-0.4107348918914795,-0.04225616529583931,0.41758057475090027,-0.26244479417800903,-0.1387305110692978,0.30615636706352234,-0.10973525047302246,-0.19574950635433197,0.23377227783203125,-0.008595508523285389,-0.2081359177827835,0.3411889672279358,-0.527229905128479,-0.04149862751364708,0.28928494453430176,-0.3359467089176178,-0.145293727517128,0.1848166137933731,-0.1597709357738495,-0.1829795241355896,0.1245107501745224,-0.03942487761378288,-0.18178682029247284,0.20854535698890686,-0.5647032260894775,-0.0552656315267086,0.16909384727478027,-0.413798987865448,-0.1771494746208191,0.08625069260597229,-0.23266476392745972,-0.19339290261268616,0.03920736536383629,-0.1077834740281105,-0.16267624497413635,0.0755947157740593,-0.5694447159767151,-0.07255939394235611,0.13406656682491302,-0.7269924283027649,-0.14607290923595428,0.17374810576438904,-0.858238160610199,-0.15475404262542725,0.21641670167446136,-0.9667915105819702,-0.13593360781669617
Left,A,0.0,0.0,0.0,0.17873796820640564,-0.0056288838386535645,-0.04835168644785881,0.35507604479789734,-0.11105574667453766,-0.061222758144140244,0.45657801628112793,-0.2215331494808197,-0.07757586240768433,0.5346319079399109,-0.27933448553085327,-0.08276598900556564,0.2829641103744507,-0.39291319251060486,-0.017937153577804565,0.33840280771255493,-0.5215209722518921,-0.08204513043165207,0.28624027967453003,-0.38710370659828186,-0.10877789556980133,0.239129438996315,-0.26912280917167664,-0.10516639053821564,0.1837928295135498,-0.44978511333465576,-0.017761025577783585,0.2268880307674408,-0.531589686870575,-0.10897381603717804,0.18334004282951355,-0.3628860414028168,-0.13937826454639435,0.1451352834701538,-0.23467133939266205,-0.13121303915977478,0.0886903628706932,-0.4934915602207184,-0.028628874570131302,0.12943364679813385,-0.616412341594696,-0.10951210558414459,0.11739036440849304,-0.4683765769004822,-0.11819009482860565,0.09917859733104706,-0.3372364342212677,-0.09319040179252625,-0.0049065593630075455,-0.5278270244598389,-0.04305275157094002,0.042752690613269806,-0.736893355846405,-0.08260579407215118,0.08215757459402084,-0.8697848916053772,-0.09265192598104477,0.12126566469669342,-0.9889552593231201,-0.08521762490272522
Left,A,0.0,0.0,0.0,-0.03061690181493759,-0.19632339477539062,0.044148776680231094,-0.061557549983263016,-0.4072578251361847,0.03863334283232689,-0.08489072322845459,-0.5554537773132324,0.012657135725021362,-0.14447720348834991,-0.6634759902954102,-0.010670025832951069,0.0022188029251992702,-0.6070152521133423,0.010698896832764149,0.22399134933948517,-0.615684449672699,-0.056540824472904205,0.2597040832042694,-0.46587294340133667,-0.09088435024023056,0.23867961764335632,-0.3645462989807129,-0.10186872631311417,0.035536471754312515,-0.5753227472305298,-0.05067962035536766,0.30397218465805054,-0.5254256129264832,-0.13034245371818542,0.35375064611434937,-0.32784655690193176,-0.14584887027740479,0.35218194127082825,-0.20820601284503937,-0.13795118033885956,0.09163228422403336,-0.5035080313682556,-0.11558268964290619,0.3528403341770172,-0.46392229199409485,-0.19265055656433105,0.39530909061431885,-0.2816978991031647,-0.17373903095722198,0.37996628880500793,-0.170705184340477,-0.13643190264701843,0.16410250961780548,-0.4138775169849396,-0.17733561992645264,0.29231345653533936,-0.6188578009605408,-0.23301666975021362,0.3770691156387329,-0.7467060685157776,-0.23283761739730835,0.44561830163002014,-0.8682339787483215,-0.2181605100631714
Left,A,0.0,0.0,0.0,-0.11788010597229004,-0.27121758460998535,-0.01875610649585724,-0.17990748584270477,-0.5124559998512268,-0.0533466674387455,-0.21064357459545135,-0.7309733629226685,-0.08592971414327621,-0.249969944357872,-0.9017714262008667,-0.11032633483409882,0.08306824415922165,-0.7123424410820007,-0.02479475736618042,0.13169336318969727,-0.7205777168273926,-0.024820631369948387,0.10122428834438324,-0.6110581159591675,-0.03657958284020424,0.06044213846325874,-0.5290307402610779,-0.04427318647503853,0.2042059451341629,-0.6298872232437134,-0.030544012784957886,0.21949224174022675,-0.6279614567756653,-0.007214163895696402,0.17956280708312988,-0.5345721244812012,-0.01941918209195137,0.14352363348007202,-0.45988011360168457,-0.04249447211623192,0.2948564887046814,-0.5080528259277344,-0.03163699060678482,0.29835233092308044,-0.5488066673278809,-0.027878666296601295,0.25396379828453064,-0.4611107409000397,-0.02524574100971222,0.21561609208583832,-0.3833544850349426,-0.028106486424803734,0.3687931299209595,-0.3795461356639862,-0.03063582442700863,0.4785764515399933,-0.578245997428894,-0.027961311861872673,0.5466221570968628,-0.6963976621627808,-0.005864433478564024,0.6002841591835022,-0.7997140288352966,0.01078316941857338
Left,A,0.0,0.0,0.0,-0.10303042829036713,-0.24902260303497314,-0.013237183913588524,-0.16329029202461243,-0.4973142743110657,-0.04677320271730423,-0.20254521071910858,-0.7096424102783203,-0.08284755051136017,-0.2578219771385193,-0.8716365694999695,-0.11070958524942398,0.03838725388050079,-0.7118998765945435,-0.03995862603187561,0.19924739003181458,-0.7259716987609863,-0.060202255845069885,0.1879972517490387,-0.6020318269729614,-0.07203387469053268,0.1296072155237198,-0.5197896957397461,-0.07667545229196548,0.1442168951034546,-0.650480329990387,-0.05933981016278267,0.27819401025772095,-0.6170982718467712,-0.0587444081902504,0.24956271052360535,-0.4992486834526062,-0.06742855161428452,0.1894971877336502,-0.4368892014026642,-0.08275721222162247,0.24498941004276276,-0.5434384346008301,-0.07662569731473923,0.3539029657840729,-0.5244975686073303,-0.09257354587316513,0.3180095851421356,-0.40802791714668274,-0.08679839968681335,0.25598642230033875,-0.3532983958721161,-0.08336442708969116,0.3447245955467224,-0.4147277772426605,-0.09221836179494858,0.46512624621391296,-0.5964376926422119,-0.10237791389226913,0.5410710573196411,-0.6990447044372559,-0.08342306315898895,0.5964333415031433,-0.7999118566513062,-0.06639430671930313
Left,A,0.0,0.0,0.0,-0.09701638668775558,-0.2663416266441345,-0.02355100028216839,-0.14505451917648315,-0.5561323165893555,-0.06211341172456741,-0.18754403293132782,-0.7911513447761536,-0.10125011950731277,-0.25383058190345764,-0.9588940739631653,-0.12685513496398926,0.024444345384836197,-0.7402561902999878,-0.061346180737018585,0.2459949254989624,-0.8030469417572021,-0.09849367290735245,0.22556917369365692,-0.6712537407875061,-0.10835307836532593,0.15634360909461975,-0.601730227470398,-0.11138413101434708,0.12419827282428741,-0.6414350271224976,-0.07937243580818176,0.3128070533275604,-0.6629383563995361,-0.0993228480219841,0.2787872552871704,-0.5410760045051575,-0.09757527709007263,0.21595832705497742,-0.4973562955856323,-0.10370303690433502,0.22414331138134003,-0.5132426619529724,-0.09834439307451248,0.390780508518219,-0.5520009994506836,-0.12973612546920776,0.35734981298446655,-0.4434797465801239,-0.10952112078666687,0.2938404381275177,-0.3975505232810974,-0.0958905890583992,0.3257271349430084,-0.3782835900783539,-0.11680198460817337,0.4861896336078644,-0.5336271524429321,-0.13528741896152496,0.5915991067886353,-0.6081988215446472,-0.11815882474184036,0.6773541569709778,-0.6905809640884399,-0.10308749973773956
Left,A,0.0,0.0,0.0,-0.11166118830442429,-0.2668835520744324,-0.0177875105291605,-0.1660975068807602,-0.5530297756195068,-0.05012558400630951,-0.20935386419296265,-0.7880441546440125,-0.08414465934038162,-0.27653437852859497,-0.9552050232887268,-0.10541392862796783,0.003650553058832884,-0.7451818585395813,-0.0407324843108654,0.21235047280788422,-0.8090710043907166,-0.06893907487392426,0.19631782174110413,-0.6831063032150269,-0.07665874063968658,0.1312636137008667,-0.607050895690918,-0.07879400253295898,0.11059043556451797,-0.6555992960929871,-0.05909205973148346,0.28687745332717896,-0.6838815212249756,-0.07088079303503036,0.2589251399040222,-0.5682332515716553,-0.0704713836312294,0.19996337592601776,-0.5152402520179749,-0.07754036784172058,0.21565833687782288,-0.5351704955101013,-0.07806476950645447,0.36814430356025696,-0.584734320640564,-0.10020256787538528,0.3406292796134949,-0.47869956493377686,-0.0803181529045105,0.2827566862106323,-0.42492052912712097,-0.06813707202672958,0.3194024860858917,-0.4043491780757904,-0.09650291502475739,0.46083003282546997,-0.5673015713691711,-0.10765553265810013,0.5529482364654541,-0.6406038403511047,-0.08726164698600769,0.6277478337287903,-0.7168286442756653,-0.0703582912683487
Left,A,0.0,0.0,0.0,0.19985054433345795,-0.03632449731230736,-0.02151898853480816,0.360199511051178,-0.15364503860473633,-0.011635752394795418,0.44233185052871704,-0.2821029722690582,-0.011385808698832989,0.47927770018577576,-0.365840345621109,-0.0011190017685294151,0.2328013926744461,-0.4238792359828949,0.03755105659365654,0.30638808012008667,-0.57651287317276,-0.010101286694407463,0.27859729528427124,-0.4295508861541748,-0.025158759206533432,0.2340480536222458,-0.3091391324996948,-0.013901129364967346,0.14950455725193024,-0.46307510137557983,0.026701124384999275,0.21976789832115173,-0.5817476511001587,-0.05234483629465103,0.18211375176906586,-0.39167481660842896,-0.08248589187860489,0.1351289004087448,-0.27426573634147644,-0.07341979444026947,0.059698354452848434,-0.49526044726371765,0.0053862654604017735,0.1275155395269394,-0.6192145943641663,-0.07743801176548004,0.10613417625427246,-0.4194892346858978,-0.0802888497710228,0.0692211389541626,-0.28824564814567566,-0.04769052937626839,-0.044685542583465576,-0.5206252336502075,-0.016855090856552124,-0.022143367677927017,-0.7412845492362976,-0.060081847012043,0.022775793448090553,-0.8648000359535217,-0.06557375192642212,0.0729660764336586,-0.9958750605583191,-0.05393369868397713
Left,A,0.0,0.0,0.0,0.2111768126487732,-0.04396461695432663,-0.04613969847559929,0.38892853260040283,-0.24274525046348572,-0.0411042794585228,0.44044259190559387,-0.42363348603248596,-0.04629223793745041,0.4304666817188263,-0.5359944701194763,-0.039679162204265594,0.2781675457954407,-0.5325214862823486,0.025921355932950974,0.36719581484794617,-0.6521979570388794,-0.05824267119169235,0.3221159875392914,-0.46833735704421997,-0.09319699555635452,0.2758389115333557,-0.3124881684780121,-0.08603535592556,0.16664080321788788,-0.5654913783073425,0.019816869869828224,0.25665026903152466,-0.6572728753089905,-0.09846895188093185,0.20504511892795563,-0.4128957986831665,-0.13165603578090668,0.1610894799232483,-0.23425909876823425,-0.10935381054878235,0.04849305748939514,-0.5831388235092163,-0.003913030959665775,0.12865643203258514,-0.6445586681365967,-0.12173012644052505,0.09101387858390808,-0.40009474754333496,-0.12516304850578308,0.05497569590806961,-0.2231042981147766,-0.07616961747407913,-0.07785091549158096,-0.5945776104927063,-0.030809644609689713,0.0031034955754876137,-0.797885537147522,-0.08035635203123093,0.08235548436641693,-0.8994991183280945,-0.07886511087417603,0.16368721425533295,-0.9849834442138672,-0.05490138754248619
Left,A,0.0,0.0,0.0,0.1930541694164276,-0.07060490548610687,-0.037406567484140396,0.37389320135116577,-0.20124390721321106,-0.0477435328066349,0.4731845259666443,-0.3038437068462372,-0.06974546611309052,0.5206742286682129,-0.3927974998950958,-0.0800599679350853,0.23306593298912048,-0.5152469873428345,0.005634943023324013,0.32114365696907043,-0.6478680372238159,-0.08112406730651855,0.28360241651535034,-0.48095080256462097,-0.1193084865808487,0.24566173553466797,-0.35100632905960083,-0.11760593205690384,0.12223988026380539,-0.533195436000824,-0.009727459400892258,0.21436807513237,-0.64124596118927,-0.12939468026161194,0.17878372967243195,-0.412600040435791,-0.16458722949028015,0.14638160169124603,-0.24915660917758942,-0.14847275614738464,0.011057456955313683,-0.5374573469161987,-0.039501819759607315,0.0858413353562355,-0.6073718667030334,-0.1573651283979416,0.08026855438947678,-0.3747853636741638,-0.16219115257263184,0.06792996823787689,-0.21350519359111786,-0.11776719242334366,-0.09872134029865265,-0.5336472988128662,-0.07164575904607773,-0.0763021856546402,-0.751168429851532,-0.12513111531734467,-0.034565068781375885,-0.8758508563041687,-0.1276240348815918,0.01487472653388977,-0.9939839839935303,-0.10851060599088669
Left,A,0.0,0.0,0.0,-0.0638415738940239,-0.2959907054901123,-0.0037950475234538317,-0.08385637402534485,-0.5789584517478943,-0.037731487303972244,-0.11483188718557358,-0.8084210157394409,-0.07649718225002289,-0.17751909792423248,-0.9781638383865356,-0.10808606445789337,0.15814612805843353,-0.7165125012397766,-0.018833594396710396,0.31087571382522583,-0.7004172801971436,-0.03506167232990265,0.28597021102905273,-0.5812438726425171,-0.051936592906713486,0.21910609304904938,-0.5108140110969543,-0.059950411319732666,0.24459008872509003,-0.6080963611602783,-0.039085496217012405,0.36756545305252075,-0.5608887076377869,-0.029479971155524254,0.3240997791290283,-0.45212894678115845,-0.04023279622197151,0.2525322437286377,-0.4039487838745117,-0.05872487276792526,0.32041192054748535,-0.4603756368160248,-0.05636658892035484,0.4183773696422577,-0.43756988644599915,-0.059601277112960815,0.3664659857749939,-0.3368024528026581,-0.0522630549967289,0.2946915924549103,-0.29647207260131836,-0.0509597584605217,0.39386826753616333,-0.29924580454826355,-0.07124688476324081,0.5417935252189636,-0.43899598717689514,-0.06560208648443222,0.6322152614593506,-0.5196233987808228,-0.04002103954553604,0.6995052099227905,-0.6082825064659119,-0.02137681469321251
Left,A,0.0,0.0,0.0,-0.12600024044513702,-0.20963191986083984,0.008855525404214859,-0.20757173001766205,-0.4231657385826111,-0.004492425825446844,-0.2511991560459137,-0.5984570980072021,-0.0212634839117527,-0.3095300793647766,-0.7202672958374023,-0.033279091119766235,-0.012479891069233418,-0.6991592049598694,-0.004390371963381767,0.06684867292642593,-0.6877191066741943,0.008683559484779835,0.05671889707446098,-0.5664121508598328,0.011820527724921703,0.017312316223978996,-0.48266980051994324,0.013160181231796741,0.10832846164703369,-0.6688911318778992,-0.025688771158456802,0.16577498614788055,-0.6107004284858704,0.007970194332301617,0.13917559385299683,-0.49100008606910706,0.0024983615148812532,0.09890630096197128,-0.4174835681915283,-0.014593618921935558,0.21589607000350952,-0.5827934741973877,-0.040103744715452194,0.25344204902648926,-0.5549083948135376,-0.030614273622632027,0.2228209525346756,-0.43036866188049316,-0.027738364413380623,0.17818224430084229,-0.3577757477760315,-0.029962176457047462,0.31487134099006653,-0.4671056270599365,-0.050847139209508896,0.3845105469226837,-0.6774501800537109,-0.04513304680585861,0.4327099919319153,-0.7872936725616455,-0.019428974017500877,0.4679900109767914,-0.8837332725524902,0.0009370035259053111
Left,A,0.0,0.0,0.0,0.15447209775447845,-0.1314486265182495,-0.026132918894290924,0.27021926641464233,-0.34246641397476196,-0.02819996327161789,0.33476531505584717,-0.48408904671669006,-0.0395577996969223,0.3945935368537903,-0.58330237865448,-0.04165533557534218,0.11002244055271149,-0.5390879511833191,0.001500059268437326,0.18784622848033905,-0.6506019830703735,-0.0594235323369503,0.18430626392364502,-0.47951987385749817,-0.07800521701574326,0.1668400913476944,-0.35906851291656494,-0.06861039251089096,0.014292590320110321,-0.5350469946861267,-0.01168742310255766,0.09265948832035065,-0.6167213320732117,-0.1012684777379036,0.10366028547286987,-0.4049987494945526,-0.11962207406759262,0.09438186883926392,-0.2593749761581421,-0.10071314126253128,-0.07958889752626419,-0.5145795345306396,-0.0360649973154068,-0.008821459487080574,-0.5992522835731506,-0.1295533925294876,0.039734840393066406,-0.40353894233703613,-0.13303060829639435,0.058028142899274826,-0.2557825446128845,-0.09716339409351349,-0.17213745415210724,-0.4858062267303467,-0.06084771081805229,-0.17873457074165344,-0.7127788662910461,-0.11022776365280151,-0.16393160820007324,-0.8551464676856995,-0.11882228404283524,-0.1427377313375473,-0.9839360117912292,-0.10721804201602936
Left,A,0.0,0.0,0.0,0.011021509766578674,-0.2970641553401947,-0.01706288568675518,0.07058340311050415,-0.5805394649505615,-0.05731026828289032,0.09245195239782333,-0.8059915900230408,-0.0985739529132843,0.0663486123085022,-0.9896349310874939,-0.12735962867736816,0.2686808407306671,-0.5831594467163086,-0.07147841900587082,0.4728027284145355,-0.5489231944084167,-0.10934239625930786,0.4100706875324249,-0.4705492854118347,-0.12145132571458817,0.32759252190589905,-0.4528473913669586,-0.12757107615470886,0.307483434677124,-0.41865864396095276,-0.09112381190061569,0.47818803787231445,-0.3949800729751587,-0.11184953898191452,0.4196226894855499,-0.32735565304756165,-0.10537241399288177,0.3542279303073883,-0.3086874485015869,-0.10974065214395523,0.3380604088306427,-0.24214400351047516,-0.11035686731338501,0.5075138211250305,-0.2574573755264282,-0.13482306897640228,0.4646385610103607,-0.19834193587303162,-0.10690953582525253,0.4019022583961487,-0.17442230880260468,-0.0914996862411499,0.36500126123428345,-0.07253740727901459,-0.12911593914031982,0.5642152428627014,-0.1137033998966217,-0.1449870616197586,0.6826018691062927,-0.12883087992668152,-0.1293104887008667,0.7827425599098206,-0.16436514258384705,-0.11892953515052795
Left,A,0.0,0.0,0.0,0.04346754774451256,-0.288638710975647,-0.045603036880493164,0.1383039653301239,-0.539465069770813,-0.08758816123008728,0.1910829395055771,-0.7692441940307617,-0.12722527980804443,0.1916198432445526,-0.9690985083580017,-0.15533803403377533,0.3942217230796814,-0.39093151688575745,-0.04048066958785057,0.6016647219657898,-0.41348347067832947,-0.06531700491905212,0.5180343985557556,-0.41772809624671936,-0.0853310227394104,0.4199024736881256,-0.4027673304080963,-0.0946444645524025,0.4237494170665741,-0.19997736811637878,-0.033374473452568054,0.5939868688583374,-0.244106262922287,-0.0274940375238657,0.5244530439376831,-0.2621792256832123,-0.02458077482879162,0.44698530435562134,-0.24102050065994263,-0.029348833486437798,0.41955995559692383,-0.03931963071227074,-0.030225664377212524,0.5685109496116638,-0.0903022363781929,-0.014591122046113014,0.5195102095603943,-0.10655107349157333,0.006737048737704754,0.44886794686317444,-0.0893443301320076,0.01209650281816721,0.4053550362586975,0.08610551059246063,-0.031184270977973938,0.5336633920669556,0.03298664093017578,-0.008808458223938942,0.4965061545372009,0.017590010538697243,0.02766144461929798,0.43847939372062683,0.03940076753497124,0.0511026531457901
Left,A,0.0,0.0,0.0,0.05120057985186577,-0.25117620825767517,-0.04717794805765152,0.11631686240434647,-0.5673348307609558,-0.08105958998203278,0.12655648589134216,-0.8036407232284546,-0.10957903414964676,0.07482222467660904,-0.9887648224830627,-0.12940581142902374,0.09198877215385437,-0.6979166269302368,-0.0959693118929863,0.4049961268901825,-0.639575183391571,-0.17018409073352814,0.3556790053844452,-0.4931558668613434,-0.20396585762500763,0.264638215303421,-0.4786622226238251,-0.22496069967746735,0.06990791857242584,-0.5533394813537598,-0.10908497124910355,0.4024333655834198,-0.48043113946914673,-0.17355844378471375,0.3438689410686493,-0.36082571744918823,-0.17959164083003998,0.27303269505500793,-0.34053459763526917,-0.18689656257629395,0.0754806324839592,-0.38979700207710266,-0.12663137912750244,0.3968976140022278,-0.34895750880241394,-0.19059015810489655,0.35051417350769043,-0.2483227699995041,-0.1718038022518158,0.2827601432800293,-0.21703708171844482,-0.15602286159992218,0.10414354503154755,-0.2275976687669754,-0.1477033495903015,0.3226085901260376,-0.2599356770515442,-0.195463627576828,0.4219697415828705,-0.28168177604675293,-0.1937420815229416,0.5091454386711121,-0.32296597957611084,-0.1875847429037094
Left,A,0.0,0.0,0.0,0.20095032453536987,-0.044639602303504944,-0.049711622297763824,0.35841265320777893,-0.20891299843788147,-0.0631369948387146,0.455222487449646,-0.34224167466163635,-0.08054332435131073,0.5367262363433838,-0.4154665172100067,-0.08649162948131561,0.26117855310440063,-0.5719980597496033,-0.026126479730010033,0.32249385118484497,-0.5226967930793762,-0.09950000792741776,0.2897162437438965,-0.34666913747787476,-0.13552121818065643,0.255344033241272,-0.24386252462863922,-0.1402166187763214,0.14510378241539001,-0.600213885307312,-0.032128140330314636,0.19946524500846863,-0.5094908475875854,-0.1250251829624176,0.18566621840000153,-0.309869647026062,-0.1548161804676056,0.16938205063343048,-0.19646285474300385,-0.15038473904132843,0.03246470168232918,-0.571372389793396,-0.04995742440223694,0.08216362446546555,-0.4963567852973938,-0.16050802171230316,0.08011498302221298,-0.2948019206523895,-0.17578549683094025,0.06658393144607544,-0.17066282033920288,-0.1481086015701294,-0.07217886298894882,-0.5243340134620667,-0.06925145536661148,-0.061194270849227905,-0.7178033590316772,-0.139182910323143,-0.05076044797897339,-0.8581220507621765,-0.15566782653331757,-0.03617667779326439,-0.9885637760162354,-0.14640018343925476
Left,A,0.0,0.0,0.0,0.15221275389194489,-0.15105167031288147,0.09059284627437592,0.21103346347808838,-0.3490658700466156,0.1235562190413475,0.23898445069789886,-0.4889572262763977,0.12931476533412933,0.249893456697464,-0.6070976853370667,0.1346350759267807,0.14364862442016602,-0.5646909475326538,0.06310480833053589,0.3314816355705261,-0.624403178691864,0.008409728296101093,0.3969039022922516,-0.48705121874809265,-0.016877612099051476,0.4176083505153656,-0.35880711674690247,-0.018572231754660606,0.11663853377103806,-0.5549131631851196,-0.005729620810598135,0.3694448471069336,-0.5619137287139893,-0.07869779318571091,0.4158063530921936,-0.35754111409187317,-0.08680537343025208,0.40325695276260376,-0.20549553632736206,-0.07173840701580048,0.1066185012459755,-0.5132361650466919,-0.07660090178251266,0.34858208894729614,-0.5279561877250671,-0.14135614037513733,0.41259652376174927,-0.34784996509552,-0.1346336007118225,0.41776564717292786,-0.21101918816566467,-0.11027159541845322,0.11449546366930008,-0.4564089775085449,-0.14050741493701935,0.22578094899654388,-0.6513228416442871,-0.1937861293554306,0.3050746023654938,-0.7857696413993835,-0.216542050242424,0.3758922219276428,-0.8989499807357788,-0.22493068873882294
Left,A,0.0,0.0,0.0,-0.08480161428451538,-0.3145156800746918,-0.0018566821236163378,-0.10446541011333466,-0.5832695960998535,-0.020975705236196518,-0.11299601942300797,-0.8092792630195618,-0.038543395698070526,-0.1472930759191513,-0.9878184199333191,-0.05019545555114746,0.18837274610996246,-0.7216038107872009,0.008803267031908035,0.20724332332611084,-0.6516627073287964,0.04040450230240822,0.15361174941062927,-0.5302861928939819,0.03932236135005951,0.09867677837610245,-0.47462016344070435,0.03171268478035927,0.2963983118534088,-0.6146551370620728,0.001913541811518371,0.2832934260368347,-0.5251473188400269,0.05111679062247276,0.20988768339157104,-0.41828033328056335,0.0292965117841959,0.15828582644462585,-0.3669339716434479,-0.006701830308884382,0.36890336871147156,-0.46897566318511963,0.0049868253991007805,0.34957247972488403,-0.4211551249027252,0.03348677232861519,0.26666104793548584,-0.3237822949886322,0.026682479307055473,0.20320264995098114,-0.27143096923828125,0.009548043832182884,0.41865336894989014,-0.3117327392101288,0.012636054307222366,0.5629459023475647,-0.42865899205207825,0.03830000385642052,0.6584488749504089,-0.4900631010532379,0.06757234036922455,0.734803318977356,-0.5557552576065063,0.08428876101970673
Left,A,0.0,0.0,0.0,-0.07596970349550247,-0.3117319643497467,0.005345930345356464,-0.09014071524143219,-0.5854377746582031,-0.010494289919734001,-0.09782600402832031,-0.8127079010009766,-0.026916736736893654,-0.13680683076381683,-0.989861786365509,-0.038177717477083206,0.18675349652767181,-0.7258774638175964,0.01780683919787407,0.22480100393295288,-0.6536466479301453,0.04616716504096985,0.1687878668308258,-0.5362967848777771,0.040803004056215286,0.10920601338148117,-0.4883524179458618,0.029887190088629723,0.29292574524879456,-0.6260208487510681,0.0058801621198654175,0.3012775182723999,-0.5282304286956787,0.055817726999521255,0.227089524269104,-0.4213842749595642,0.03519177436828613,0.171577587723732,-0.3774052560329437,-0.0001277653209399432,0.3680950403213501,-0.48172539472579956,0.0031769380439072847,0.3660334050655365,-0.42437615990638733,0.03099909797310829,0.28291115164756775,-0.32490211725234985,0.025078710168600082,0.21592864394187927,-0.27966973185539246,0.00865220744162798,0.423791766166687,-0.3226129412651062,0.0053148516453802586,0.5681979060173035,-0.44751307368278503,0.028774388134479523,0.6636035442352295,-0.5080492496490479,0.057947248220443726,0.7402719855308533,-0.573384702205658,0.07495581358671188
Left,A,0.0,0.0,0.0,-0.08315370976924896,-0.31484565138816833,0.003176047233864665,-0.10099086910486221,-0.5845291614532471,-0.014368560165166855,-0.11000187695026398,-0.8122865557670593,-0.03224111348390579,-0.1481475681066513,-0.9879679679870605,-0.04440343379974365,0.17651218175888062,-0.7173202633857727,0.010836715810000896,0.21812857687473297,-0.6669295430183411,0.04122740775346756,0.16651685535907745,-0.5516934990882874,0.041170645505189896,0.10885308682918549,-0.4982359707355499,0.03304958716034889,0.28350213170051575,-0.6156919002532959,0.0002953251532744616,0.2900059223175049,-0.5347455143928528,0.05044373869895935,0.2230735421180725,-0.43512797355651855,0.033561479300260544,0.17281073331832886,-0.38578781485557556,-0.0006228217389434576,0.3577999770641327,-0.470174103975296,-0.0010206146398559213,0.35296177864074707,-0.4325788915157318,0.02579079009592533,0.2767430543899536,-0.3415174186229706,0.022009368985891342,0.21597620844841003,-0.29039499163627625,0.0060050515457987785,0.41199296712875366,-0.312416136264801,0.002351317787542939,0.5629955530166626,-0.438365638256073,0.021103912964463234,0.6581422090530396,-0.5045008659362793,0.046958643943071365,0.7343384027481079,-0.5733423829078674,0.061220478266477585
Left,A,0.0,0.0,0.0,0.1654074490070343,-0.16280461847782135,-0.04163837060332298,0.2776406407356262,-0.3815820515155792,-0.05675748363137245,0.34155312180519104,-0.5395609736442566,-0.07895004749298096,0.38433900475502014,-0.6507856845855713,-0.09182543307542801,0.09295938163995743,-0.5915313363075256,-0.02955881506204605,0.14634987711906433,-0.6714325547218323,-0.09269894659519196,0.1541144698858261,-0.5073024034500122,-0.11753705143928528,0.14354263246059418,-0.3921501040458679,-0.11646320670843124,-0.01979108154773712,-0.5675997138023376,-0.04113473743200302,0.03912918642163277,-0.6216354370117188,-0.1298372745513916,0.07693883776664734,-0.43112266063690186,-0.15944039821624756,0.08398070931434631,-0.29799729585647583,-0.15673333406448364,-0.12686485052108765,-0.5192208290100098,-0.062317050993442535,-0.09254833310842514,-0.5887919664382935,-0.1590876579284668,-0.016919473186135292,-0.41979071497917175,-0.17800597846508026,0.021259266883134842,-0.28882738947868347,-0.16051262617111206,-0.2273651659488678,-0.45974233746528625,-0.08461246639490128,-0.31423500180244446,-0.6500594615936279,-0.13621990382671356,-0.36210310459136963,-0.7768862247467041,-0.15076327323913574,-0.404041588306427,-0.9024803638458252,-0.1492636650800705
Left,A,0.0,0.0,0.0,-0.1206415668129921,-0.3014041781425476,-0.02336893044412136,-0.16989536583423615,-0.5645946264266968,-0.0580727756023407,-0.18200638890266418,-0.7901540398597717,-0.0871899276971817,-0.20407532155513763,-0.9729439616203308,-0.10832032561302185,0.15351425111293793,-0.7239096760749817,-0.033414311707019806,0.14711147546768188,-0.7128401398658752,-0.013381559401750565,0.10951343178749084,-0.6069557070732117,-0.012107586488127708,0.06744169443845749,-0.524432361125946,-0.014588876627385616,0.28481969237327576,-0.6137639880180359,-0.03638501837849617,0.24104705452919006,-0.5951327681541443,-0.0012875436805188656,0.18608075380325317,-0.5126596093177795,-0.019963180646300316,0.14560844004154205,-0.432268887758255,-0.05182701721787453,0.37081506848335266,-0.4643426537513733,-0.031043557450175285,0.3276430666446686,-0.4874422252178192,-0.022531656548380852,0.2564719021320343,-0.40327760577201843,-0.029693545773625374,0.20938269793987274,-0.3239246606826782,-0.042961012572050095,0.42770877480506897,-0.3049200177192688,-0.022349195554852486,0.5653002262115479,-0.4700812101364136,-0.018755527213215828,0.6505331993103027,-0.5751173496246338,0.0003891321539413184,0.7185547351837158,-0.6694464683532715,0.012379358522593975
Left,A,0.0,0.0,0.0,-0.14247404038906097,-0.2038360834121704,0.002489159582182765,-0.23509064316749573,-0.40971168875694275,-0.014322296716272831,-0.2819031774997711,-0.5970580577850342,-0.030790694057941437,-0.3222496509552002,-0.7486444711685181,-0.040303587913513184,-0.04370112344622612,-0.6906164288520813,-0.015289240516722202,0.027635984122753143,-0.6900869011878967,0.0053552668541669846,0.024878276512026787,-0.5721843242645264,0.01311414036899805,-0.005651609972119331,-0.4861419200897217,0.01473055500537157,0.0713239461183548,-0.6651309132575989,-0.029696756973862648,0.1251845806837082,-0.6314359903335571,0.014365296810865402,0.10341467708349228,-0.5183324217796326,0.016583342105150223,0.0716407299041748,-0.4381827712059021,-0.0006298843072727323,0.1734265834093094,-0.5816431641578674,-0.03720062971115112,0.20852895081043243,-0.5912336707115173,-0.017688818275928497,0.1839398592710495,-0.4784587323665619,-0.009170731529593468,0.15034893155097961,-0.39727699756622314,-0.014678610488772392,0.26707354187965393,-0.47026386857032776,-0.04128515347838402,0.35770440101623535,-0.6738537549972534,-0.03451865166425705,0.41404080390930176,-0.7861635684967041,-0.013105299323797226,0.4528176486492157,-0.8916031122207642,0.00012791295011993498
Left,A,0.0,0.0,0.0,0.1315692961215973,-0.28217166662216187,0.012093200348317623,0.27697938680648804,-0.4816565215587616,-0.020083561539649963,0.38439708948135376,-0.6622084975242615,-0.05972667038440704,0.4432859718799591,-0.8479773998260498,-0.09402185678482056,0.539404571056366,-0.3521803617477417,-0.038037654012441635,0.6345543265342712,-0.11247468739748001,-0.05239351466298103,0.5453028678894043,-0.051088597625494,-0.06451793015003204,0.4551074802875519,-0.07700448483228683,-0.07445885241031647,0.5445907115936279,-0.18327747285366058,-0.0739106610417366,0.5969306230545044,0.051971010863780975,-0.06621570140123367,0.49468398094177246,0.0738857313990593,-0.076217882335186,0.4125261902809143,0.02981054224073887,-0.09926967322826385,0.5102574825286865,0.005531391594558954,-0.10318102687597275,0.5624127388000488,0.20272468030452728,-0.10395993292331696,0.4580244719982147,0.2085322141647339,-0.08861202746629715,0.3807331323623657,0.15551671385765076,-0.08883867412805557,0.4559172987937927,0.19560027122497559,-0.12966111302375793,0.6394403576850891,0.3422034680843353,-0.13091884553432465,0.7579203248023987,0.4349053204059601,-0.1067025288939476,0.8661503195762634,0.4912727177143097,-0.09184156358242035
Left,A,0.0,0.0,0.0,0.1277458816766739,-0.2640443742275238,-0.01794600673019886,0.30059221386909485,-0.4883609414100647,-0.06114141643047333,0.41330021619796753,-0.6860268712043762,-0.10471946746110916,0.46261826157569885,-0.8763303756713867,-0.13427338004112244,0.4912917912006378,-0.3963055908679962,-0.08672907203435898,0.6772881150245667,-0.20119798183441162,-0.12645915150642395,0.5886371731758118,-0.15989166498184204,-0.13560955226421356,0.500583827495575,-0.19528934359550476,-0.14150334894657135,0.47648289799690247,-0.21322955191135406,-0.1088557094335556,0.6274097561836243,-0.041927024722099304,-0.12963896989822388,0.5403058528900146,-0.02049570530653,-0.1194440945982933,0.4682622253894806,-0.04813587665557861,-0.12405417114496231,0.443498432636261,-0.015759503468871117,-0.12968562543392181,0.6086487174034119,0.12163268774747849,-0.15874117612838745,0.5351905822753906,0.13582612574100494,-0.1275763213634491,0.4594604969024658,0.10734311491250992,-0.11176228523254395,0.40233972668647766,0.17125174403190613,-0.14979910850524902,0.5945702791213989,0.2783125340938568,-0.17753322422504425,0.7051292061805725,0.3652755618095398,-0.16591712832450867,0.8072465658187866,0.42596200108528137,-0.1570287048816681
Left,A,0.0,0.0,0.0,0.06208045035600662,-0.2936033308506012,-0.023603687062859535,0.18437683582305908,-0.5522180199623108,-0.062219563871622086,0.2635380029678345,-0.7624664902687073,-0.10014300793409348,0.2811011075973511,-0.9516718983650208,-0.12370394170284271,0.39295268058776855,-0.5130966305732727,-0.06384120136499405,0.5942262411117554,-0.3809133470058441,-0.0971233993768692,0.5140479207038879,-0.3198116719722748,-0.10811695456504822,0.4270239472389221,-0.33541595935821533,-0.11418622732162476,0.4156547784805298,-0.34283027052879333,-0.07945524156093597,0.5808826088905334,-0.2234673947095871,-0.09318768978118896,0.5015020966529846,-0.1793874204158783,-0.08805783092975616,0.4276385009288788,-0.19713762402534485,-0.0946342721581459,0.417724072933197,-0.15752333402633667,-0.0954694002866745,0.5852720141410828,-0.07310862094163895,-0.11650218069553375,0.5145651698112488,-0.03618140146136284,-0.09098775684833527,0.4363996088504791,-0.05122794210910797,-0.07752761989831924,0.4139772653579712,0.023661211133003235,-0.11186854541301727,0.621576726436615,0.061362337321043015,-0.12599635124206543,0.7466074824333191,0.09507504105567932,-0.11135443300008774,0.8549094200134277,0.10701820254325867,-0.10122805833816528
Left,A,0.0,0.0,0.0,-0.07318256795406342,-0.2339532971382141,0.023226656019687653,-0.09791510552167892,-0.4948045313358307,0.016021832823753357,-0.09954267740249634,-0.6939988136291504,-0.002114743459969759,-0.1277257204055786,-0.8448845148086548,-0.01449945755302906,0.1047414019703865,-0.7063928246498108,0.02773728221654892,0.2898973226547241,-0.6991368532180786,0.022114310413599014,0.2735835313796997,-0.5695762038230896,0.007655713707208633,0.2103862464427948,-0.49825143814086914,-0.0017612559022381902,0.1871257871389389,-0.6460461020469666,-0.00626950990408659,0.351990669965744,-0.5797744393348694,0.0037776066455990076,0.31997475028038025,-0.4429585039615631,-0.008162835612893105,0.2572194039821625,-0.38359442353248596,-0.022864723578095436,0.2685863673686981,-0.5374674797058105,-0.037925008684396744,0.41825777292251587,-0.4919795095920563,-0.03788243979215622,0.3787129819393158,-0.3672756552696228,-0.029878128319978714,0.3101317882537842,-0.31470081210136414,-0.026099350303411484,0.34917277097702026,-0.4045717716217041,-0.06685419380664825,0.5019515156745911,-0.557873547077179,-0.06653639674186707,0.6008011698722839,-0.6450300812721252,-0.0478103831410408,0.6792697906494141,-0.733207643032074,-0.03160935267806053
Left,A,0.0,0.0,0.0,0.1556522697210312,-0.09627868980169296,-0.03222418949007988,0.2828150689601898,-0.2656514346599579,-0.05084899812936783,0.35939648747444153,-0.39759016036987305,-0.07505158334970474,0.4249379336833954,-0.49663910269737244,-0.08859799802303314,0.20652291178703308,-0.5078834891319275,-0.03197833150625229,0.2894061207771301,-0.5942950248718262,-0.09793508052825928,0.2883208394050598,-0.43059098720550537,-0.1236247792840004,0.2737399935722351,-0.3097131848335266,-0.12209965288639069,0.10833793878555298,-0.5229165554046631,-0.04544113203883171,0.19269925355911255,-0.56465744972229,-0.13740167021751404,0.2082628458738327,-0.36898764967918396,-0.16866259276866913,0.2008563131093979,-0.23269495368003845,-0.1664011925458908,0.0029837866313755512,-0.5212558507919312,-0.06748885661363602,0.06871243566274643,-0.6101846098899841,-0.15315353870391846,0.11922525614500046,-0.4530758857727051,-0.17259003221988678,0.13729426264762878,-0.32728490233421326,-0.16035780310630798,-0.09962505102157593,-0.5029705762863159,-0.08990880101919174,-0.13168741762638092,-0.712332010269165,-0.13501913845539093,-0.1414390504360199,-0.8491201996803284,-0.15268047153949738,-0.14596490561962128,-0.9770434498786926,-0.1551784723997116
Left,A,0.0,0.0,0.0,-0.06370122730731964,-0.30020570755004883,0.007734136655926704,-0.0789690613746643,-0.5845333337783813,-0.01194841880351305,-0.08149939775466919,-0.8191850185394287,-0.03563616797327995,-0.1276961714029312,-0.990480899810791,-0.05139339715242386,0.19125841557979584,-0.7472091317176819,0.0009724421543069184,0.304512083530426,-0.7154015302658081,0.007871754467487335,0.26096269488334656,-0.5944980978965759,0.001869474770501256,0.1881616711616516,-0.5267665982246399,-0.004855670966207981,0.2957911193370819,-0.6459988355636597,-0.019970113411545753,0.37618130445480347,-0.5886836051940918,0.010712606832385063,0.3202977180480957,-0.4820998013019562,0.0038890207652002573,0.2540421485900879,-0.4303688108921051,-0.017839400097727776,0.37397071719169617,-0.49933093786239624,-0.03556671738624573,0.44819191098213196,-0.486089825630188,-0.02375173382461071,0.3907322585582733,-0.3938930630683899,-0.01604878157377243,0.3228158950805664,-0.3489733636379242,-0.020747758448123932,0.43884092569351196,-0.33497288823127747,-0.04764942824840546,0.6018790602684021,-0.4740392565727234,-0.04012475535273552,0.7026506066322327,-0.5404146909713745,-0.016672620549798012,0.7831298112869263,-0.61409991979599,-0.0018706604605540633
Left,A,0.0,0.0,0.0,-0.11301981657743454,-0.16517430543899536,-0.0014581246068701148,-0.18992002308368683,-0.3950466215610504,-0.013690275140106678,-0.2067297101020813,-0.5883267521858215,-0.029692914336919785,-0.25615864992141724,-0.7216973304748535,-0.04074522852897644,-0.0519045814871788,-0.6504552364349365,-0.019684867933392525,0.10228584706783295,-0.6775124073028564,-0.0372302383184433,0.10278712213039398,-0.5662683844566345,-0.05314582958817482,0.05290059372782707,-0.484351247549057,-0.06386300921440125,0.044215038418769836,-0.6244415044784546,-0.04183099791407585,0.18610239028930664,-0.6233102679252625,-0.0470283143222332,0.1725793182849884,-0.5011035799980164,-0.05667244270443916,0.12132666260004044,-0.4229137897491455,-0.06949999183416367,0.14371219277381897,-0.5478699207305908,-0.06282563507556915,0.26411184668540955,-0.5622553825378418,-0.08132484555244446,0.2396782636642456,-0.4394173324108124,-0.0741063803434372,0.18382513523101807,-0.3626459836959839,-0.06879149377346039,0.24558837711811066,-0.4422506093978882,-0.08240542560815811,0.3516213297843933,-0.644459068775177,-0.10330317914485931,0.4254591166973114,-0.7609943151473999,-0.09522642940282822,0.4824795722961426,-0.87167888879776,-0.08596167713403702
Left,A,0.0,0.0,0.0,0.047335073351860046,-0.31933388113975525,-0.0034040266182273626,0.13800615072250366,-0.5715048909187317,-0.0294619370251894,0.20459941029548645,-0.7861616015434265,-0.05910959839820862,0.21800170838832855,-0.9728782773017883,-0.0773502066731453,0.39373141527175903,-0.5292337536811829,-0.013796783983707428,0.55485999584198,-0.44465360045433044,-0.018084494397044182,0.4879921078681946,-0.37716421484947205,-0.017535636201500893,0.40059101581573486,-0.3686119318008423,-0.01716330647468567,0.4344996213912964,-0.3628219962120056,-0.031059587374329567,0.5527602434158325,-0.2867322862148285,-0.017565928399562836,0.4819525182247162,-0.2394942194223404,-0.01644451543688774,0.4052284061908722,-0.2383909523487091,-0.029290152713656425,0.44998183846473694,-0.18313710391521454,-0.04621598869562149,0.5622084736824036,-0.14729911088943481,-0.0461483858525753,0.4993267357349396,-0.10541477054357529,-0.030878033488988876,0.42795613408088684,-0.09813567250967026,-0.028453007340431213,0.45407626032829285,-0.00679562846198678,-0.059553761035203934,0.6466178894042969,0.014457428827881813,-0.0599498376250267,0.7595841288566589,0.03968934714794159,-0.04208937659859657,0.8565236926078796,0.041110724210739136,-0.031086347997188568
Left,A,0.0,0.0,0.0,0.04622678831219673,-0.31378453969955444,-0.009317821823060513,0.13341505825519562,-0.5696141719818115,-0.040738217532634735,0.19422294199466705,-0.7874936461448669,-0.07422322034835815,0.20217765867710114,-0.9747143387794495,-0.09516333788633347,0.38285917043685913,-0.5405745506286621,-0.0321025550365448,0.5548139214515686,-0.4480166733264923,-0.045128233730793,0.4841081202030182,-0.37544894218444824,-0.04817213490605354,0.3962266743183136,-0.36650219559669495,-0.051256220787763596,0.42182981967926025,-0.38064906001091003,-0.05027060955762863,0.5511220097541809,-0.2892167866230011,-0.0463872104883194,0.4792541563510895,-0.2389972060918808,-0.0443803071975708,0.40626633167266846,-0.24155540764331818,-0.05673258379101753,0.4370397925376892,-0.20279046893119812,-0.06689569354057312,0.570919930934906,-0.15086738765239716,-0.07496050000190735,0.5068495273590088,-0.10897933691740036,-0.05585421621799469,0.4348740875720978,-0.10695567727088928,-0.05089189484715462,0.439236581325531,-0.02482355572283268,-0.08248348534107208,0.6342901587486267,-7.055751484585926e-05,-0.09140213578939438,0.7503217458724976,0.026056423783302307,-0.07594948261976242,0.8528801798820496,0.029867587611079216,-0.06633194535970688
Left,A,0.0,0.0,0.0,0.16889828443527222,-0.08361657708883286,-0.026786264032125473,0.30969586968421936,-0.2330297827720642,-0.044993747025728226,0.3980488181114197,-0.3575534224510193,-0.07179738581180573,0.46116337180137634,-0.44731977581977844,-0.08846770972013474,0.21277029812335968,-0.4797385334968567,-0.011412830092012882,0.2798366844654083,-0.6472148299217224,-0.07968632876873016,0.2830617129802704,-0.508230447769165,-0.11482089757919312,0.27206236124038696,-0.379575252532959,-0.12050308287143707,0.1126229539513588,-0.5025380253791809,-0.026306992396712303,0.17251203954219818,-0.6231899261474609,-0.11925633251667023,0.19124765694141388,-0.4392077326774597,-0.15465718507766724,0.18912069499492645,-0.2945074141025543,-0.15410549938678741,0.005924535449594259,-0.5199711918830872,-0.05086049064993858,0.04483669251203537,-0.7017439007759094,-0.12284602969884872,0.10186419636011124,-0.5740258097648621,-0.1350347250699997,0.1344909518957138,-0.4521195590496063,-0.12211905419826508,-0.10308580845594406,-0.5239987969398499,-0.07775557786226273,-0.11988428235054016,-0.7281469702720642,-0.10996226221323013,-0.12081333994865417,-0.8584690690040588,-0.12023251503705978,-0.12040074169635773,-0.9854264855384827,-0.12015919387340546
Left,A,0.0,0.0,0.0,0.15274648368358612,-0.08716659247875214,-0.021304341033101082,0.26137739419937134,-0.2237817943096161,-0.04472479596734047,0.33799445629119873,-0.33762046694755554,-0.07701197266578674,0.3928327262401581,-0.4232589602470398,-0.09769061952829361,0.15707837045192719,-0.506786584854126,0.010190506465733051,0.21785804629325867,-0.7035241723060608,-0.06076199933886528,0.24766169488430023,-0.5785595774650574,-0.11581568419933319,0.24883252382278442,-0.4262913167476654,-0.13343100249767303,0.05758015066385269,-0.5299270153045654,-0.005441911518573761,0.12172280997037888,-0.6595251560211182,-0.09009505808353424,0.15923692286014557,-0.5035277605056763,-0.14394019544124603,0.1668500155210495,-0.360378235578537,-0.1575830578804016,-0.05157305300235748,-0.5408636331558228,-0.03084147348999977,-0.020600024610757828,-0.7378215789794922,-0.08072145283222198,0.06157805025577545,-0.691039502620697,-0.10510443896055222,0.12147399038076401,-0.6235377788543701,-0.1080063059926033,-0.16795654594898224,-0.5324110388755798,-0.058541856706142426,-0.22191451489925385,-0.7267485857009888,-0.06481704860925674,-0.23802819848060608,-0.8493751287460327,-0.06437631696462631,-0.2391308844089508,-0.9690499901771545,-0.061306800693273544
Left,A,0.0,0.0,0.0,-0.02228819578886032,-0.3169294595718384,-0.004460555966943502,0.003984268754720688,-0.5797560811042786,-0.035598818212747574,0.031202495098114014,-0.8099803924560547,-0.07087424397468567,0.02049485221505165,-0.99540776014328,-0.09350573271512985,0.25746095180511475,-0.630867063999176,-0.024978045374155045,0.4418266713619232,-0.6216793060302734,-0.03629416599869728,0.3906227648258209,-0.532606840133667,-0.034855883568525314,0.30802398920059204,-0.4875493347644806,-0.032689690589904785,0.32660049200057983,-0.4851565957069397,-0.045128535479307175,0.47233274579048157,-0.47095319628715515,-0.039683084934949875,0.4155963063240051,-0.3992463946342468,-0.034632567316293716,0.3457247316837311,-0.36489608883857727,-0.04420201852917671,0.3783349394798279,-0.31877341866493225,-0.06394670158624649,0.5197598934173584,-0.3345210552215576,-0.07093627005815506,0.4672681391239166,-0.27202361822128296,-0.04999471828341484,0.4007318913936615,-0.23662394285202026,-0.04306352511048317,0.4204214811325073,-0.14915810525417328,-0.08121487498283386,0.6199487447738647,-0.20194411277770996,-0.08813430368900299,0.7385537624359131,-0.2196958214044571,-0.07191190123558044,0.8397923111915588,-0.25435253977775574,-0.06171193718910217
Left,A,0.0,0.0,0.0,0.027968991547822952,-0.3161337375640869,-0.024484815075993538,0.12251318991184235,-0.5681446194648743,-0.05567856505513191,0.22137171030044556,-0.773978590965271,-0.07967380434274673,0.26346224546432495,-0.9602615833282471,-0.09211623668670654,0.4125217795372009,-0.5365399718284607,-0.048716384917497635,0.4800528585910797,-0.481584757566452,-0.032244741916656494,0.4068891406059265,-0.42487311363220215,-0.023455556482076645,0.3351537585258484,-0.4056427478790283,-0.02452457696199417,0.4637988209724426,-0.3623676002025604,-0.0517750158905983,0.459419310092926,-0.30909135937690735,-0.016650697216391563,0.3847399950027466,-0.2740064859390259,-0.01980939321219921,0.3205677270889282,-0.2571556568145752,-0.04479270800948143,0.4688642919063568,-0.17974835634231567,-0.048370420932769775,0.47363919019699097,-0.16612820327281952,-0.035698290914297104,0.3947765827178955,-0.1443529576063156,-0.02950616553425789,0.3211170732975006,-0.13353103399276733,-0.040939148515462875,0.4546647369861603,-0.009010758250951767,-0.04348193109035492,0.6117375493049622,0.0005537075339816511,-0.04850265383720398,0.7173933982849121,0.020651275292038918,-0.03765018284320831,0.8027496933937073,0.027019772678613663,-0.03328593447804451
Left,A,0.0,0.0,0.0,0.025122635066509247,-0.3453018367290497,-0.018965288996696472,0.11851628869771957,-0.5972771048545837,-0.03621022775769234,0.2188454568386078,-0.7908734083175659,-0.04831526800990105,0.2851940989494324,-0.9570898413658142,-0.051413845270872116,0.3982544243335724,-0.4882453382015228,-0.009830927476286888,0.37922075390815735,-0.41874000430107117,0.023784201592206955,0.31099528074264526,-0.3693655729293823,0.03814809396862984,0.24771268665790558,-0.35375604033470154,0.03959665074944496,0.4533519148826599,-0.3238448202610016,-0.013292655348777771,0.3800004720687866,-0.25604331493377686,0.03025694377720356,0.3093274235725403,-0.23337718844413757,0.013731982558965683,0.2458101212978363,-0.22520391643047333,-0.020458374172449112,0.4608878791332245,-0.1480821669101715,-0.009481334127485752,0.41136619448661804,-0.12607324123382568,0.008801684714853764,0.33256226778030396,-0.10791449248790741,0.0032045126426965,0.26856982707977295,-0.10343798249959946,-0.016079863533377647,0.431924432516098,0.02378908544778824,-0.0038257583510130644,0.5601630210876465,0.056471969932317734,0.00030290844733826816,0.6533770561218262,0.0808601900935173,0.014479034580290318,0.7285839319229126,0.08353241533041,0.020283794030547142
Left,A,0.0,0.0,0.0,0.0885220393538475,-0.3058471977710724,0.009362381882965565,0.21430447697639465,-0.5482572913169861,-0.013912750408053398,0.30540183186531067,-0.7564176917076111,-0.04146778583526611,0.34552669525146484,-0.9366372227668762,-0.05763714015483856,0.44993042945861816,-0.4990229308605194,-0.023615555837750435,0.6078649163246155,-0.37360692024230957,-0.02203924022614956,0.5605518221855164,-0.29395559430122375,-0.012769177556037903,0.47980499267578125,-0.2743573784828186,-0.008772121742367744,0.4842972159385681,-0.33608150482177734,-0.04890385642647743,0.6021057963371277,-0.20081862807273865,-0.02846045047044754,0.5394275784492493,-0.1465761363506317,-0.019880665466189384,0.4670902490615845,-0.1498538702726364,-0.031704843044281006,0.48902836441993713,-0.1494135558605194,-0.0693897008895874,0.6155432462692261,-0.05143650248646736,-0.06307240575551987,0.5524803996086121,-0.012330828234553337,-0.04024209827184677,0.479850172996521,-0.018429437652230263,-0.03779129311442375,0.4767979681491852,0.037766218185424805,-0.08719415962696075,0.6756056547164917,0.0998629480600357,-0.08899275958538055,0.7962422966957092,0.15145978331565857,-0.07086427509784698,0.8968338966369629,0.17723603546619415,-0.06114095821976662
Left,A,0.0,0.0,0.0,0.16638028621673584,-0.04715757071971893,-0.04272549971938133,0.3195473253726959,-0.1694701761007309,-0.06333575397729874,0.4196469485759735,-0.285602331161499,-0.08885703235864639,0.4974517822265625,-0.38504502177238464,-0.10465792566537857,0.2541904151439667,-0.4197673201560974,-0.02226979471743107,0.3332326114177704,-0.5142969489097595,-0.08698932081460953,0.32021909952163696,-0.37525320053100586,-0.11842889338731766,0.29304397106170654,-0.25764960050582886,-0.12117696553468704,0.16306328773498535,-0.45955994725227356,-0.030195094645023346,0.23408609628677368,-0.5182502865791321,-0.11453965306282043,0.2346082180738449,-0.3467731177806854,-0.15067730844020844,0.2160671204328537,-0.22375987470149994,-0.15477406978607178,0.06530378013849258,-0.489827424287796,-0.04883915185928345,0.12725427746772766,-0.5933493375778198,-0.12838512659072876,0.1588263362646103,-0.44459250569343567,-0.14947861433029175,0.16430647671222687,-0.3225243389606476,-0.14079730212688446,-0.034959983080625534,-0.5080652236938477,-0.0698060467839241,-0.03763503208756447,-0.7205631732940674,-0.11214376240968704,-0.030622782185673714,-0.8596383333206177,-0.12979649007320404,-0.02082609012722969,-0.9908256530761719,-0.1335320919752121
Left,A,0.0,0.0,0.0,0.16956853866577148,-0.06115681678056717,-0.043513473123311996,0.3234701454639435,-0.2000443935394287,-0.06251667439937592,0.42097410559654236,-0.32227078080177307,-0.08613493293523788,0.4986943006515503,-0.42229828238487244,-0.09960278123617172,0.24192620813846588,-0.44736045598983765,-0.02655661664903164,0.31544408202171326,-0.5296481251716614,-0.08711784332990646,0.29666072130203247,-0.3818926215171814,-0.11144916713237762,0.26892757415771484,-0.26983699202537537,-0.10968202352523804,0.1457727998495102,-0.4810326397418976,-0.03403889015316963,0.2159697562456131,-0.5277162790298462,-0.11542361229658127,0.21394793689250946,-0.34897077083587646,-0.14513610303401947,0.19552724063396454,-0.2264930158853531,-0.14491231739521027,0.04377920925617218,-0.5011347532272339,-0.05193692073225975,0.09993255138397217,-0.5909239649772644,-0.13218770921230316,0.1342632919549942,-0.4370655417442322,-0.15108947455883026,0.1431187242269516,-0.31411808729171753,-0.14023087918758392,-0.05923151224851608,-0.5090610384941101,-0.07177507877349854,-0.06825248897075653,-0.7219024300575256,-0.11409840732812881,-0.06902404129505157,-0.8598234057426453,-0.1300249844789505,-0.06866692006587982,-0.9888142347335815,-0.13240574300289154
Left,A,0.0,0.0,0.0,-0.05000179260969162,-0.3045976161956787,0.014812516048550606,-0.04557047784328461,-0.5810044407844543,-0.002899784594774246,-0.03386423736810684,-0.8152270913124084,-0.026647299528121948,-0.06428396701812744,-0.9971010684967041,-0.04070733115077019,0.2283366322517395,-0.708904504776001,0.003308788873255253,0.37373247742652893,-0.6643105149269104,0.017705123871564865,0.32592421770095825,-0.5489440560340881,0.027686426416039467,0.24408459663391113,-0.4848020672798157,0.031066423282027245,0.32192039489746094,-0.5951216220855713,-0.022626494988799095,0.4285508394241333,-0.5283882021903992,0.009327583946287632,0.3636277914047241,-0.4278312921524048,0.013131624087691307,0.291824609041214,-0.3821425139904022,-0.001924829208292067,0.3914131224155426,-0.4379993975162506,-0.043110109865665436,0.4990878403186798,-0.42079758644104004,-0.03175636753439903,0.4358963370323181,-0.32947179675102234,-0.015675585716962814,0.3646748661994934,-0.2877640426158905,-0.016731897369027138,0.44723889231681824,-0.26176777482032776,-0.05955921858549118,0.6310285925865173,-0.35318461060523987,-0.056578654795885086,0.7430492639541626,-0.39415159821510315,-0.03526366874575615,0.8369948863983154,-0.45221540331840515,-0.022845670580863953
Left,B,0.0,0.0,0.0,0.29425299167633057,-0.020310550928115845,-0.06392297893762589,0.5901373028755188,-0.23025201261043549,-0.07381613552570343,0.719061553478241,-0.5094752311706543,-0.09685872495174408,0.6730815172195435,-0.7297873497009277,-0.11988179385662079,0.4987794756889343,-0.6096110343933105,0.07045929878950119,0.6303515434265137,-0.7262113690376282,-0.06285925954580307,0.6000241637229919,-0.5971612334251404,-0.1588694304227829,0.5397392511367798,-0.4225906729698181,-0.19206859171390533,0.35218533873558044,-0.7016019821166992,0.053254954516887665,0.523158848285675,-0.8419349789619446,-0.1238492950797081,0.4050085246562958,-0.5691928267478943,-0.19157569110393524,0.2840203046798706,-0.2938384413719177,-0.17307507991790771,0.1880938559770584,-0.7739945650100708,0.011203749105334282,0.34464704990386963,-0.8357399106025696,-0.1911541074514389,0.2227395921945572,-0.5135126709938049,-0.19857987761497498,0.1201649084687233,-0.25188156962394714,-0.12611599266529083,-0.0010496207978576422,-0.8234756588935852,-0.032401591539382935,0.1513146609067917,-0.8599446415901184,-0.17318958044052124,0.09043113142251968,-0.5921650528907776,-0.15611182153224945,0.024562951177358627,-0.3769571781158447,-0.0928240641951561
Left,B,0.0,0.0,0.0,-0.26767697930336,-0.2475961148738861,0.022014275193214417,-0.3362450897693634,-0.5569208860397339,0.01983846351504326,-0.21559464931488037,-0.7822677493095398,0.019001102074980736,-0.050177134573459625,-0.8304334282875061,0.021223897114396095,-0.19974660873413086,-0.9698544144630432,-0.0283218864351511,-0.14618618786334991,-0.9890630841255188,-0.01959097571671009,-0.12249510735273361,-0.8274857401847839,-0.016417112201452255,-0.14003920555114746,-0.7108551263809204,-0.021284883841872215,0.016481194645166397,-0.957884669303894,-0.052443597465753555,0.0562453530728817,-0.9416096806526184,-0.014097022823989391,0.05248333513736725,-0.7927067279815674,-0.005088957957923412,0.028869958594441414,-0.6714583039283752,-0.012999680824577808,0.21067498624324799,-0.8692188262939453,-0.06642567366361618,0.2191435545682907,-0.8059413433074951,-0.04217357188463211,0.19517932832241058,-0.6751183271408081,-0.024899210780858994,0.1624608337879181,-0.5569620132446289,-0.02435809001326561,0.3730542063713074,-0.735969066619873,-0.07818727195262909,0.36953628063201904,-0.7016404271125793,-0.0537177249789238,0.3422428369522095,-0.5891767740249634,-0.015473861247301102,0.3115054965019226,-0.4947131872177124,0.013151337392628193
Left,B,0.0,0.0,0.0,-0.15820318460464478,-0.29371896386146545,0.06494101136922836,-0.1993561089038849,-0.5834668278694153,0.07309437543153763,-0.1222802996635437,-0.7859076857566833,0.06586684286594391,-0.013177970424294472,-0.8600388169288635,0.06376082450151443,-0.1153402328491211,-0.9266108274459839,0.036810945719480515,0.03967951238155365,-0.9982377886772156,0.04412287846207619,0.055821239948272705,-0.8583226203918457,0.045857809484004974,0.016049133613705635,-0.7485347986221313,0.0434810034930706,0.04337465763092041,-0.9098227024078369,-0.01177500281482935,0.1611398309469223,-0.9230824708938599,0.02433662675321102,0.15748216211795807,-0.7839105129241943,0.03566903993487358,0.11249956488609314,-0.6654582619667053,0.034466419368982315,0.20112650096416473,-0.8275902271270752,-0.05202276632189751,0.2684134840965271,-0.7869744300842285,-0.014317735098302364,0.2558048367500305,-0.6635331511497498,0.007143995724618435,0.2102896273136139,-0.5584132075309753,0.009214607998728752,0.3419525623321533,-0.7043409943580627,-0.08949755877256393,0.3962029814720154,-0.652238130569458,-0.05092591792345047,0.37635838985443115,-0.5401479601860046,-0.013973861001431942,0.3351268172264099,-0.45300543308258057,0.011983497999608517
Left,B,0.0,0.0,0.0,0.23732580244541168,-0.01406483631581068,-0.07644134014844894,0.47289109230041504,-0.23630322515964508,-0.09273336827754974,0.5295829176902771,-0.5058231949806213,-0.11459511518478394,0.5356391072273254,-0.706054151058197,-0.12321694940328598,0.4586310386657715,-0.5608429312705994,-0.003028899198397994,0.6290021538734436,-0.7647378444671631,-0.13975763320922852,0.6025680303573608,-0.6210654377937317,-0.21584081649780273,0.5334339141845703,-0.43140989542007446,-0.23165245354175568,0.3257593810558319,-0.646312415599823,-0.005501740612089634,0.48139500617980957,-0.7492416501045227,-0.1669008731842041,0.38529977202415466,-0.4979366958141327,-0.20522326231002808,0.2901895046234131,-0.2789722979068756,-0.17612390220165253,0.18917736411094666,-0.7027826309204102,-0.032026052474975586,0.3128587305545807,-0.6691359877586365,-0.19759367406368256,0.2027401477098465,-0.39002862572669983,-0.18954229354858398,0.11314275860786438,-0.19647344946861267,-0.1238551214337349,0.042982205748558044,-0.7379410862922668,-0.06478750705718994,0.15623466670513153,-0.6622387170791626,-0.17276521027088165,0.09050221741199493,-0.4272788166999817,-0.15728066861629486,0.032384488731622696,-0.2735538184642792,-0.10520811378955841
Left,B,0.0,0.0,0.0,0.02860979363322258,-0.32624754309654236,0.08860714733600616,0.17532625794410706,-0.6065704226493835,0.0827539712190628,0.38651004433631897,-0.7356293201446533,0.04777209460735321,0.5530735850334167,-0.7796261310577393,0.022447185590863228,0.023143168538808823,-0.9846726655960083,0.10759077966213226,0.3365395665168762,-0.9384626150131226,0.07764662057161331,0.3171355426311493,-0.7292556166648865,0.027495568618178368,0.21860015392303467,-0.6475383043289185,-0.0193362757563591,0.11175327003002167,-0.9794513583183289,0.021200265735387802,0.4321974515914917,-0.8828606605529785,0.009744607843458652,0.3933591842651367,-0.6829819083213806,-0.02214723266661167,0.29319822788238525,-0.6000674366950989,-0.05370710790157318,0.2251768559217453,-0.9104734063148499,-0.061964698135852814,0.5181270837783813,-0.7965419888496399,-0.050868671387434006,0.4656773805618286,-0.5980590581893921,-0.035100020468235016,0.3601458668708801,-0.5291799902915955,-0.04001602903008461,0.35435885190963745,-0.8025597333908081,-0.1454697549343109,0.5615379810333252,-0.6588412523269653,-0.11063066124916077,0.49548786878585815,-0.4878808856010437,-0.07552646845579147,0.3966239094734192,-0.4374138116836548,-0.060985859483480453
Left,B,0.0,0.0,0.0,0.27258074283599854,-0.0760524570941925,-0.07134182751178741,0.5561952590942383,-0.2989312410354614,-0.09789077937602997,0.662489116191864,-0.5895828008651733,-0.13164345920085907,0.5708668231964111,-0.8049514293670654,-0.16175392270088196,0.44461554288864136,-0.7553321719169617,0.03522947430610657,0.5740875601768494,-0.7921122908592224,-0.10257118940353394,0.521967351436615,-0.5899284482002258,-0.2051006555557251,0.44334450364112854,-0.39015647768974304,-0.24254758656024933,0.29874956607818604,-0.8490248322486877,0.02611714042723179,0.4351753890514374,-0.8447451591491699,-0.11839774250984192,0.3324597179889679,-0.5419025421142578,-0.17172424495220184,0.23717348277568817,-0.2829223573207855,-0.1592487096786499,0.13619862496852875,-0.8972170948982239,-0.006857351399958134,0.2756815552711487,-0.8358450531959534,-0.16651330888271332,0.17622075974941254,-0.5140957236289978,-0.1620962917804718,0.0933246910572052,-0.26883751153945923,-0.09942542016506195,-0.045998476445674896,-0.9013208150863647,-0.04491595923900604,0.10175089538097382,-0.8415026068687439,-0.1538265496492386,0.0663382038474083,-0.574650764465332,-0.13075925409793854,0.019691096618771553,-0.38177356123924255,-0.07087773829698563
Left,B,0.0,0.0,0.0,0.2769264280796051,-0.0837186947464943,0.0020858831703662872,0.5531913042068481,-0.2671371102333069,-0.001819907920435071,0.6871299743652344,-0.5229700207710266,-0.037693239748477936,0.62027508020401,-0.7615097165107727,-0.07057690620422363,0.3819524347782135,-0.7702391743659973,0.1500125676393509,0.5480570793151855,-0.8357594609260559,0.03375859186053276,0.5667991042137146,-0.6068198680877686,-0.05647779628634453,0.5362164378166199,-0.38022443652153015,-0.08644716441631317,0.27491459250450134,-0.8626999855041504,0.0982268825173378,0.4831298291683197,-0.8542707562446594,-0.03675907477736473,0.429672509431839,-0.5235678553581238,-0.09488235414028168,0.3361590504646301,-0.24803321063518524,-0.08518568426370621,0.14454132318496704,-0.9392768144607544,0.02240966074168682,0.38099971413612366,-0.8571633696556091,-0.13433583080768585,0.2837746739387512,-0.5091756582260132,-0.13402198255062103,0.16269560158252716,-0.2565491795539856,-0.07255236804485321,-0.013109837658703327,-0.9847280979156494,-0.054634351283311844,0.23976491391658783,-0.9084616899490356,-0.1546790450811386,0.1891632378101349,-0.6332157254219055,-0.12965917587280273,0.08225032687187195,-0.43269702792167664,-0.07035759836435318
Left,B,0.0,0.0,0.0,-0.2512511909008026,-0.21786358952522278,0.008437779732048512,-0.3275330364704132,-0.5144463181495667,-0.005677936132997274,-0.21811839938163757,-0.7254979014396667,-0.018635394051671028,-0.06585561484098434,-0.7765034437179565,-0.02703181840479374,-0.1859520673751831,-0.9806475639343262,-0.03031529299914837,-0.1534673571586609,-0.9873698353767395,-0.039352599531412125,-0.12380880117416382,-0.8235093951225281,-0.05781670659780502,-0.13110603392124176,-0.708050012588501,-0.07643119245767593,0.021483799442648888,-0.9723339080810547,-0.055938560515642166,0.056266747415065765,-0.9359837770462036,-0.0310352873057127,0.05430189147591591,-0.7848153114318848,-0.03403491526842117,0.02689513750374317,-0.6646959781646729,-0.04864100366830826,0.20836105942726135,-0.8832041621208191,-0.07461576908826828,0.21649986505508423,-0.7943395972251892,-0.05899656563997269,0.19304423034191132,-0.6632468104362488,-0.04777200520038605,0.15779027342796326,-0.550418496131897,-0.05036390572786331,0.3643004894256592,-0.7489657402038574,-0.09412625432014465,0.362106591463089,-0.6897712349891663,-0.07896612584590912,0.33307430148124695,-0.5744006037712097,-0.046696219593286514,0.30125027894973755,-0.4802117347717285,-0.020947139710187912
Left,B,0.0,0.0,0.0,0.2791925370693207,-0.09220229834318161,-0.061078544706106186,0.5375274419784546,-0.3688391149044037,-0.06897301226854324,0.6302867531776428,-0.6760245561599731,-0.08776719868183136,0.5108130574226379,-0.8528059124946594,-0.10859154909849167,0.3900884985923767,-0.6943081021308899,0.059434279799461365,0.5021504163742065,-0.8176493048667908,-0.0654919371008873,0.49952757358551025,-0.7060651183128357,-0.1598963588476181,0.47079816460609436,-0.5499231219291687,-0.1963120698928833,0.24258074164390564,-0.7552401423454285,0.04603990912437439,0.37814509868621826,-0.8893054723739624,-0.11496459692716599,0.307229608297348,-0.5957091450691223,-0.1742580682039261,0.23599280416965485,-0.3147769868373871,-0.15865004062652588,0.0794689878821373,-0.7928725481033325,0.009488830342888832,0.22303646802902222,-0.8652737736701965,-0.16772447526454926,0.1506965458393097,-0.5354415774345398,-0.16595743596553802,0.08387920260429382,-0.27205729484558105,-0.09868124127388,-0.10538167506456375,-0.8044057488441467,-0.03041042760014534,0.0564211942255497,-0.8553481101989746,-0.14800399541854858,0.032442979514598846,-0.6033671498298645,-0.12537921965122223,-0.009377676993608475,-0.4046051502227783,-0.06653349846601486
Left,B,0.0,0.0,0.0,0.30130091309547424,-0.05463743582367897,-0.03458316996693611,0.6071929931640625,-0.21940737962722778,-0.041060492396354675,0.7664623856544495,-0.4743710458278656,-0.07089487463235855,0.6956090927124023,-0.6959508657455444,-0.10185403376817703,0.4880654513835907,-0.6546833515167236,0.11389333009719849,0.6170651316642761,-0.7351112365722656,-0.01382207591086626,0.6109344959259033,-0.5596790313720703,-0.11047451198101044,0.579595148563385,-0.3580317497253418,-0.14400990307331085,0.36287665367126465,-0.7569200396537781,0.08077656477689743,0.5508700609207153,-0.8302626013755798,-0.08488928526639938,0.4264512360095978,-0.5318059325218201,-0.14607840776443481,0.29829636216163635,-0.2543863356113434,-0.12532277405261993,0.21795371174812317,-0.8488221764564514,0.021508479490876198,0.4049583673477173,-0.8492554426193237,-0.16479763388633728,0.27086925506591797,-0.5323224067687988,-0.16866280138492584,0.15098996460437775,-0.2742902338504791,-0.09659945219755173,0.04554819315671921,-0.9215396642684937,-0.03968711197376251,0.24014653265476227,-0.9140706062316895,-0.16076497733592987,0.17204417288303375,-0.6545223593711853,-0.13808391988277435,0.08213917911052704,-0.44430556893348694,-0.07360033690929413
Left,B,0.0,0.0,0.0,-0.27805468440055847,-0.19614951312541962,-0.020140070468187332,-0.36428213119506836,-0.5105624794960022,-0.036424458026885986,-0.22942915558815002,-0.7124539613723755,-0.04516998678445816,-0.059873294085264206,-0.7319347262382507,-0.051512185484170914,-0.15225690603256226,-0.9874168038368225,-0.04273064434528351,-0.134786918759346,-0.9267956018447876,-0.05525784194469452,-0.12256409227848053,-0.7715119123458862,-0.08555498719215393,-0.1323130875825882,-0.6712573766708374,-0.1156001165509224,0.06801502406597137,-0.9490165710449219,-0.053253691643476486,0.06238226592540741,-0.8882994651794434,-0.03448508307337761,0.049031224101781845,-0.7343307137489319,-0.04423915594816208,0.0324823223054409,-0.6214242577552795,-0.06442064791917801,0.2454083114862442,-0.8347766995429993,-0.05975474789738655,0.22162461280822754,-0.7518243789672852,-0.052506476640701294,0.1933528035879135,-0.6253882646560669,-0.040314916521310806,0.17414671182632446,-0.5197147727012634,-0.0414104126393795,0.3881286382675171,-0.6798012256622314,-0.06952697038650513,0.36248818039894104,-0.6401705741882324,-0.06493047624826431,0.3314887583255768,-0.5339463353157043,-0.033250823616981506,0.30976027250289917,-0.44967514276504517,-0.007556386757642031
Left,B,0.0,0.0,0.0,-0.045071691274642944,-0.40839293599128723,0.01851028762757778,0.06550013273954391,-0.6932967901229858,0.018668755888938904,0.2287670522928238,-0.8147402405738831,0.01707516424357891,0.3649018406867981,-0.7840045690536499,0.022016756236553192,0.32764309644699097,-0.8531624674797058,-0.008407596498727798,0.42221659421920776,-0.9064062237739563,0.012681819498538971,0.3569088876247406,-0.8072811365127563,0.02371794916689396,0.2875570058822632,-0.7482978105545044,0.02606510929763317,0.45559677481651306,-0.6567692160606384,-0.026508374139666557,0.47705021500587463,-0.6923285722732544,0.023115133866667747,0.40442731976509094,-0.6198450922966003,0.03705565258860588,0.33299294114112854,-0.5524483919143677,0.03245508298277855,0.5318742394447327,-0.4392598271369934,-0.03652526065707207,0.4964399039745331,-0.4911850392818451,0.004560434725135565,0.42866379022598267,-0.43556728959083557,0.024704013019800186,0.35998204350471497,-0.36504867672920227,0.024564972147345543,0.5672914981842041,-0.24480457603931427,-0.04529739171266556,0.5496582984924316,-0.3276478350162506,-0.005800184328109026,0.48735886812210083,-0.2915889024734497,0.036763355135917664,0.4259738028049469,-0.23175425827503204,0.06520529091358185
Left,B,0.0,0.0,0.0,0.3138442039489746,-0.008696479722857475,-0.04219997674226761,0.5663564205169678,-0.07016095519065857,-0.10377468168735504,0.7328493595123291,-0.0723738819360733,-0.17527072131633759,0.8589392900466919,-0.026091542094945908,-0.23115074634552002,0.6105265617370605,-0.789054274559021,-0.06819533556699753,0.7825907468795776,-0.2895609736442566,-0.19655871391296387,0.6522160172462463,-0.13151250779628754,-0.28266051411628723,0.571265459060669,-0.1926550716161728,-0.34491539001464844,0.4451524019241333,-0.7933641672134399,-0.11808297783136368,0.6300610303878784,-0.18347911536693573,-0.23163557052612305,0.5060625672340393,-0.09104606509208679,-0.2662736177444458,0.4324376583099365,-0.18048490583896637,-0.2955174446105957,0.2732953429222107,-0.6900607347488403,-0.18027478456497192,0.4446006715297699,-0.10924438387155533,-0.27789145708084106,0.35392165184020996,-0.03168090060353279,-0.2692386209964752,0.2946065068244934,-0.12169039994478226,-0.2624073326587677,0.11133837699890137,-0.5202446579933167,-0.25275635719299316,0.27854806184768677,-0.06989140808582306,-0.3116190433502197,0.23019172251224518,-0.00617824075743556,-0.309330552816391,0.17680737376213074,-0.08372839540243149,-0.3040236830711365
Left,B,0.0,0.0,0.0,0.2842124104499817,0.18554094433784485,-0.09311037510633469,0.5448489189147949,0.36051416397094727,-0.17977914214134216,0.6734640598297119,0.5377757549285889,-0.2637477219104767,0.6944801211357117,0.6368726491928101,-0.33479931950569153,0.7711660265922546,-0.18644428253173828,-0.16830343008041382,0.6875612139701843,0.42656055092811584,-0.3091161847114563,0.5685763359069824,0.3998040556907654,-0.4022016227245331,0.5654857754707336,0.2369542419910431,-0.47348636388778687,0.5851291418075562,-0.2641614079475403,-0.20257745683193207,0.497627317905426,0.42949241399765015,-0.33260348439216614,0.40562522411346436,0.31961482763290405,-0.36964812874794006,0.42160603404045105,0.14660188555717468,-0.40654775500297546,0.369830459356308,-0.2535533905029297,-0.24972134828567505,0.29183679819107056,0.39997756481170654,-0.3512416183948517,0.22538655996322632,0.27261966466903687,-0.3397616446018219,0.2529833912849426,0.10460644960403442,-0.3360633850097656,0.15671029686927795,-0.19481247663497925,-0.31269383430480957,0.130308136343956,0.31908220052719116,-0.38403987884521484,0.09977053105831146,0.2228931039571762,-0.39248716831207275,0.11073300987482071,0.05805349722504616,-0.3989924490451813
Left,B,0.0,0.0,0.0,0.3016873896121979,0.16120584309101105,-0.10061749815940857,0.5689370632171631,0.2694863975048065,-0.19010679423809052,0.7001516222953796,0.402815580368042,-0.2780521810054779,0.75880366563797,0.5497144460678101,-0.3493293523788452,0.8041046261787415,-0.4000982940196991,-0.15759138762950897,0.7819523215293884,0.25860708951950073,-0.3245350122451782,0.6205764412879944,0.3138076663017273,-0.43037647008895874,0.583135724067688,0.16642659902572632,-0.5052758455276489,0.6098373532295227,-0.4959815442562103,-0.18940435349941254,0.5710318684577942,0.2807593047618866,-0.34114307165145874,0.43599802255630493,0.2521746754646301,-0.3828306794166565,0.42581164836883545,0.0925716757774353,-0.41777902841567993,0.38286423683166504,-0.4773458242416382,-0.23829162120819092,0.348757266998291,0.2566903531551361,-0.366552472114563,0.24694576859474182,0.20261290669441223,-0.3605000376701355,0.2446719855070114,0.043501853942871094,-0.35267868638038635,0.15855750441551208,-0.39476943016052246,-0.30291810631752014,0.1635442078113556,0.18126702308654785,-0.39162755012512207,0.10917077958583832,0.12834928929805756,-0.40655484795570374,0.0982307642698288,-0.034658294171094894,-0.4116867780685425
Left,B,0.0,0.0,0.0,0.2796318531036377,0.17870773375034332,-0.11057780683040619,0.5406796932220459,0.3132001757621765,-0.20695194602012634,0.6814922094345093,0.4495174288749695,-0.29971879720687866,0.7424302697181702,0.5540711879730225,-0.37656646966934204,0.7847223281860352,-0.3451388478279114,-0.16476617753505707,0.761096179485321,0.30140483379364014,-0.32847508788108826,0.6043107509613037,0.3237462639808655,-0.4365678131580353,0.567703127861023,0.16794000566005707,-0.516344428062439,0.5958935618400574,-0.4351348280906677,-0.19529271125793457,0.5651621222496033,0.3000844419002533,-0.3463049829006195,0.4337466359138489,0.23671962320804596,-0.393427312374115,0.4248410761356354,0.076072558760643,-0.43482086062431335,0.3713158667087555,-0.41618019342422485,-0.24304895102977753,0.3403105139732361,0.27371200919151306,-0.36397233605384827,0.23474062979221344,0.1920395940542221,-0.3558078110218048,0.23122380673885345,0.03364865481853485,-0.35131892561912537,0.15034902095794678,-0.3296641707420349,-0.30851873755455017,0.1530093103647232,0.2032819390296936,-0.39374348521232605,0.09490789473056793,0.12701426446437836,-0.40943270921707153,0.08102624863386154,-0.04230353608727455,-0.41883426904678345
Left,B,0.0,0.0,0.0,0.2940693795681,0.1828904151916504,-0.10179852694272995,0.5762019753456116,0.3342965841293335,-0.19480064511299133,0.7290909886360168,0.4781704246997833,-0.28437963128089905,0.7461329102516174,0.5617135763168335,-0.35744014382362366,0.8026853799819946,-0.35639646649360657,-0.1645209640264511,0.7899544835090637,0.3001319169998169,-0.3236931264400482,0.6300596594810486,0.32576707005500793,-0.42537921667099,0.5963115096092224,0.1710687130689621,-0.49990248680114746,0.614996612071991,-0.4459601044654846,-0.19906097650527954,0.5986431241035461,0.3109583854675293,-0.34450021386146545,0.462186723947525,0.2408898025751114,-0.3845202326774597,0.45264601707458496,0.08143793791532516,-0.42006024718284607,0.3936786353588104,-0.4218035638332367,-0.24939294159412384,0.3798772394657135,0.2950526177883148,-0.3657749593257904,0.27035605907440186,0.19371122121810913,-0.35630205273628235,0.26694369316101074,0.03158699721097946,-0.34992489218711853,0.17536725103855133,-0.33391594886779785,-0.31660765409469604,0.19717824459075928,0.2186933159828186,-0.3951467275619507,0.13491971790790558,0.12640637159347534,-0.40810802578926086,0.11869977414608002,-0.04646540805697441,-0.4157126545906067
Left,B,0.0,0.0,0.0,0.2929554581642151,0.12468622624874115,-0.12433557212352753,0.6008548736572266,0.16709642112255096,-0.21424691379070282,0.7992457151412964,0.04186560586094856,-0.3005327880382538,0.720443844795227,-0.16013774275779724,-0.37686872482299805,0.7693030834197998,-0.6159008741378784,-0.08324328064918518,0.8088293075561523,-0.3550327718257904,-0.25482693314552307,0.650157630443573,-0.14603519439697266,-0.37815216183662415,0.5322984457015991,-0.05585482344031334,-0.4356606900691986,0.6257051229476929,-0.7750934958457947,-0.08788160234689713,0.6535958647727966,-0.3995823264122009,-0.24855577945709229,0.45942291617393494,-0.15889844298362732,-0.3107146620750427,0.3116636872291565,-0.02597622573375702,-0.3161559998989105,0.4447559118270874,-0.8581002950668335,-0.1154753789305687,0.4490259885787964,-0.4294498562812805,-0.2698991298675537,0.2699908912181854,-0.21286414563655853,-0.27990224957466125,0.14510111510753632,-0.09569638222455978,-0.24091582000255585,0.25062450766563416,-0.8748536109924316,-0.15608972311019897,0.27524736523628235,-0.5434811115264893,-0.24756720662117004,0.1468285173177719,-0.33669573068618774,-0.24074719846248627,0.049908846616744995,-0.23321960866451263,-0.20246653258800507
Left,B,0.0,0.0,0.0,0.28044846653938293,-0.04077000170946121,-0.042501285672187805,0.6026200652122498,0.040712155401706696,-0.10735279321670532,0.8051960468292236,0.2591986358165741,-0.17224040627479553,0.8689538240432739,0.4336611330509186,-0.22409020364284515,0.828147292137146,-0.2610580325126648,-0.14313526451587677,0.9176918268203735,0.31254610419273376,-0.24526876211166382,0.7984533309936523,0.3715345859527588,-0.2904640734195709,0.7415065765380859,0.26840847730636597,-0.3225385546684265,0.694768488407135,-0.20658589899539948,-0.18358248472213745,0.7497422695159912,0.41657209396362305,-0.274362713098526,0.6165814995765686,0.39645564556121826,-0.27761510014533997,0.5671768188476562,0.24991485476493835,-0.28635984659194946,0.5381929278373718,-0.09370008856058121,-0.2282194346189499,0.5900413990020752,0.4849432408809662,-0.30333465337753296,0.4571676552295685,0.4406021535396576,-0.271767258644104,0.4128361940383911,0.30294883251190186,-0.25145792961120605,0.37668102979660034,0.05352213978767395,-0.27893704175949097,0.45378029346466064,0.4971019923686981,-0.3116552531719208,0.35769975185394287,0.4689858853816986,-0.2824070453643799,0.3159816861152649,0.3594845235347748,-0.2619749903678894
Left,B,0.0,0.0,0.0,0.29200103878974915,0.0029571952763944864,0.03177608549594879,0.5147417187690735,0.21035224199295044,0.009941160678863525,0.5961377024650574,0.4658909738063812,-0.02267199195921421,0.5746492743492126,0.6645200252532959,-0.0431755930185318,0.7434344291687012,0.346210241317749,-0.011115544475615025,0.6868097186088562,0.725184440612793,-0.04898839071393013,0.5785826444625854,0.6844401359558105,-0.07345529645681381,0.5378472208976746,0.557084321975708,-0.09122224897146225,0.6263514757156372,0.4900093376636505,-0.06244688481092453,0.5457423329353333,0.8180996179580688,-0.06899020820856094,0.45789098739624023,0.7504495978355408,-0.06652487814426422,0.4253460168838501,0.6305492520332336,-0.07318664342164993,0.4712614417076111,0.6180219650268555,-0.11142369359731674,0.3957694470882416,0.8772246241569519,-0.10257365554571152,0.31895777583122253,0.7892249822616577,-0.06829909980297089,0.2953264117240906,0.6630420684814453,-0.05600106343626976,0.3028203547000885,0.7169784903526306,-0.16189557313919067,0.24835807085037231,0.9045161008834839,-0.13028380274772644,0.18279263377189636,0.8111253380775452,-0.08397992700338364,0.16854225099086761,0.7025383114814758,-0.055297449231147766
Left,B,0.0,0.0,0.0,0.20903542637825012,0.30357447266578674,-0.09100134670734406,0.37390708923339844,0.5458332300186157,-0.1923617124557495,0.4182175099849701,0.7586767077445984,-0.2933844029903412,0.37271931767463684,0.8473358154296875,-0.37828871607780457,0.7748143076896667,0.17762833833694458,-0.1476057916879654,0.532891035079956,0.6674580574035645,-0.2781357169151306,0.4216192662715912,0.6147932410240173,-0.3611927032470703,0.4398750364780426,0.49833187460899353,-0.4228082597255707,0.6615562438964844,0.012627381831407547,-0.17935284972190857,0.3839209973812103,0.5630666613578796,-0.29644423723220825,0.3152335286140442,0.44458645582199097,-0.31758826971054077,0.3643357455730438,0.30992937088012695,-0.337740033864975,0.49140065908432007,-0.10007752478122711,-0.22519199550151825,0.23462703824043274,0.4263322651386261,-0.31925541162490845,0.19796991348266602,0.31186866760253906,-0.29777273535728455,0.25842490792274475,0.19352909922599792,-0.2827197313308716,0.29828983545303345,-0.1718209832906723,-0.286662757396698,0.1254873126745224,0.25252848863601685,-0.3481932580471039,0.1076681837439537,0.1867096871137619,-0.34580010175704956,0.1506233811378479,0.07018908858299255,-0.3406331539154053
Left,B,0.0,0.0,0.0,0.2953389585018158,0.14260247349739075,-0.09003626555204391,0.6722424626350403,0.10763495415449142,-0.12007585912942886,0.9032876491546631,-0.12674641609191895,-0.15392768383026123,0.8797838091850281,-0.4246799945831299,-0.18228508532047272,0.7666585445404053,-0.4672423005104065,0.017429355531930923,0.8854585289955139,-0.4190359115600586,-0.13560199737548828,0.7274736166000366,-0.23569044470787048,-0.2433777004480362,0.5681829452514648,-0.09034428745508194,-0.2797694206237793,0.6604633331298828,-0.6617261171340942,0.018370049074292183,0.7565735578536987,-0.5738136172294617,-0.1388307511806488,0.5382145643234253,-0.3270363509654999,-0.19252093136310577,0.35801348090171814,-0.12102977186441422,-0.17407266795635223,0.5173755884170532,-0.8167985081672668,-0.00695504667237401,0.5690305233001709,-0.6375663876533508,-0.1742628812789917,0.35075512528419495,-0.37824925780296326,-0.1714574098587036,0.1864517480134964,-0.18695150315761566,-0.10512027889490128,0.34631913900375366,-0.9372785687446594,-0.03964662551879883,0.4020251929759979,-0.769278883934021,-0.14566603302955627,0.256477415561676,-0.5365251302719116,-0.12596313655376434,0.14461058378219604,-0.38227972388267517,-0.06619095057249069
Left,B,0.0,0.0,0.0,-0.10054522752761841,-0.38217926025390625,0.10721737146377563,-0.044420257210731506,-0.6729810833930969,0.10546842962503433,0.12050995975732803,-0.7990533113479614,0.06968708336353302,0.2887221574783325,-0.7815783023834229,0.036171283572912216,-0.07552555203437805,-0.9862741827964783,0.08453679084777832,0.1896621286869049,-0.9797914624214172,0.06353745609521866,0.19754041731357574,-0.7691364288330078,0.028932014480233192,0.12453353404998779,-0.6523575782775879,-0.0013533206656575203,0.07855116575956345,-0.990224301815033,-0.0030217550229281187,0.34711581468582153,-0.8752472996711731,0.013289803639054298,0.3308148682117462,-0.691845715045929,-0.008676587603986263,0.2503635883331299,-0.6027843952178955,-0.03793235123157501,0.2510291039943695,-0.9085797667503357,-0.08135239779949188,0.4973694682121277,-0.7555115222930908,-0.05581573024392128,0.4552657902240753,-0.5681701898574829,-0.04249799996614456,0.3679400086402893,-0.4935412108898163,-0.050320133566856384,0.41969794034957886,-0.7753553986549377,-0.1557973176240921,0.6135313510894775,-0.6370311379432678,-0.11596754193305969,0.591050386428833,-0.47769200801849365,-0.07573693245649338,0.536553680896759,-0.4089161455631256,-0.05340256169438362
Left,B,0.0,0.0,0.0,-0.2529144585132599,-0.23795944452285767,-0.0018696649931371212,-0.3313820958137512,-0.5452404618263245,-0.012196779251098633,-0.2089802473783493,-0.7453739047050476,-0.02027650736272335,-0.03987310826778412,-0.7621816396713257,-0.025251397863030434,-0.12137560546398163,-0.9631698727607727,-0.020652079954743385,-0.09977936744689941,-0.9947566986083984,-0.02243185229599476,-0.08865374326705933,-0.8507629632949829,-0.03529098257422447,-0.1040394976735115,-0.7357779741287231,-0.04819002375006676,0.09432004392147064,-0.9210595488548279,-0.03560924530029297,0.10463660210371017,-0.9288254380226135,-0.011729322373867035,0.08558385074138641,-0.7796090841293335,-0.015564215369522572,0.055027399212121964,-0.644725501537323,-0.025288289412856102,0.27481892704963684,-0.8120019435882568,-0.04471993073821068,0.24891436100006104,-0.7753684520721436,-0.03114706091582775,0.21345283091068268,-0.6451864242553711,-0.023382432758808136,0.1807144433259964,-0.5176994800567627,-0.02270418219268322,0.41858482360839844,-0.6654535531997681,-0.054155949503183365,0.3881615400314331,-0.6655084490776062,-0.039160989224910736,0.3496154844760895,-0.5550374388694763,-0.004484843462705612,0.3232073485851288,-0.4445532560348511,0.02610042877495289
Left,B,0.0,0.0,0.0,-0.20231993496418,-0.2661290466785431,-0.03655405342578888,-0.22908620536327362,-0.5432018637657166,-0.07761780917644501,-0.07825995236635208,-0.6700491905212402,-0.110196553170681,0.08218653500080109,-0.6337833404541016,-0.13681045174598694,0.04730300232768059,-0.9948928356170654,-0.08916579931974411,0.12380874902009964,-0.9473182559013367,-0.11107734590768814,0.10217158496379852,-0.8019710183143616,-0.1329629123210907,0.044499721378088,-0.7231355309486389,-0.15594179928302765,0.24459168314933777,-0.8715876936912537,-0.10774896293878555,0.30822911858558655,-0.8660597801208496,-0.1103183850646019,0.2696925103664398,-0.7413535714149475,-0.11697907000780106,0.20625436305999756,-0.6328829526901245,-0.12910839915275574,0.39388182759284973,-0.6890338659286499,-0.12232102453708649,0.41973891854286194,-0.6534449458122253,-0.1264646053314209,0.36988601088523865,-0.5470348000526428,-0.11364471912384033,0.303270161151886,-0.45355188846588135,-0.11184593290090561,0.4929070770740509,-0.47286906838417053,-0.14183636009693146,0.5095117092132568,-0.4486386477947235,-0.14359384775161743,0.4533896744251251,-0.3544151484966278,-0.11389342695474625,0.39086031913757324,-0.27803993225097656,-0.08898390084505081
Left,B,0.0,0.0,0.0,0.29743069410324097,-0.06685645133256912,-0.06791513413190842,0.5568569898605347,-0.17200137674808502,-0.13256922364234924,0.7140954732894897,-0.3304726183414459,-0.20405827462673187,0.6450960040092468,-0.4647757112979889,-0.2620986998081207,0.41211703419685364,-0.9103655219078064,-0.037339236587285995,0.653200089931488,-0.6518474221229553,-0.18331021070480347,0.5668676495552063,-0.38219794631004333,-0.2827588617801666,0.4747947156429291,-0.28816813230514526,-0.3322935998439789,0.2859136760234833,-0.9463347792625427,-0.06308772414922714,0.5491027235984802,-0.5913445353507996,-0.20633432269096375,0.43020743131637573,-0.30072471499443054,-0.24680745601654053,0.3290233314037323,-0.16142582893371582,-0.24331408739089966,0.16357441246509552,-0.9075769186019897,-0.10738755017518997,0.4064142107963562,-0.5085416436195374,-0.23357094824314117,0.2748156189918518,-0.26410868763923645,-0.22665591537952423,0.16844111680984497,-0.16103829443454742,-0.1869734823703766,0.05376717075705528,-0.7961835861206055,-0.16207152605056763,0.25996437668800354,-0.4896727204322815,-0.22333569824695587,0.1739639937877655,-0.29690301418304443,-0.20959049463272095,0.07585511356592178,-0.2124895602464676,-0.1766948252916336
Left,B,0.0,0.0,0.0,0.3001576066017151,-0.10314064472913742,-0.0495869517326355,0.5826382637023926,-0.3128088414669037,-0.06075088679790497,0.6886433959007263,-0.5988734364509583,-0.0901622325181961,0.5816639065742493,-0.8046244382858276,-0.11935905367136002,0.43661561608314514,-0.6566031575202942,0.09836185723543167,0.5475883483886719,-0.7780340909957886,-0.037943556904792786,0.5115635395050049,-0.629939615726471,-0.14072713255882263,0.4513583183288574,-0.43774640560150146,-0.17460034787654877,0.28926512598991394,-0.7337404489517212,0.07654807716608047,0.43664637207984924,-0.8713353872299194,-0.09253770858049393,0.3367280662059784,-0.5843653678894043,-0.1631089150905609,0.2402649074792862,-0.2868024706840515,-0.14816482365131378,0.1295120120048523,-0.7933686375617981,0.02872074581682682,0.28184691071510315,-0.8529176712036133,-0.15468770265579224,0.17967422306537628,-0.5350168943405151,-0.16443389654159546,0.0923955887556076,-0.2614600658416748,-0.09710253775119781,-0.05132666602730751,-0.8307811617851257,-0.021682145074009895,0.1133679449558258,-0.8742843866348267,-0.1362917721271515,0.06993784010410309,-0.6227719783782959,-0.11499429494142532,0.010683063417673111,-0.40982863306999207,-0.05251610651612282
Left,B,0.0,0.0,0.0,0.28051817417144775,-0.26081612706184387,0.10076175630092621,0.40798550844192505,-0.49887701869010925,0.11467630416154861,0.4972749650478363,-0.6934242248535156,0.08827986568212509,0.47190356254577637,-0.8689645528793335,0.07262329012155533,-0.047860510647296906,-0.9586889743804932,0.18102246522903442,0.3435875475406647,-0.897250235080719,0.10126735270023346,0.3692082464694977,-0.6205539107322693,0.009045155718922615,0.2984679639339447,-0.44181501865386963,-0.04886753112077713,-0.08120854943990707,-0.992953896522522,0.08630070835351944,0.3618357479572296,-0.9234861731529236,0.005727394949644804,0.3671634793281555,-0.609279453754425,-0.04811212420463562,0.29812386631965637,-0.39399462938308716,-0.06476203352212906,-0.060707222670316696,-0.9857786893844604,-0.01510558184236288,0.36775925755500793,-0.8819491267204285,-0.08114064484834671,0.3549416959285736,-0.584587037563324,-0.08329298347234726,0.2713538408279419,-0.39962238073349,-0.06358681619167328,-0.0010005891090258956,-0.9433240294456482,-0.11450868099927902,0.33558976650238037,-0.815769612789154,-0.13107536733150482,0.3179365396499634,-0.5820503234863281,-0.1095278188586235,0.23255151510238647,-0.4372137188911438,-0.08384089916944504
Left,B,0.0,0.0,0.0,-0.2644639015197754,-0.2543397545814514,0.027622874826192856,-0.33177492022514343,-0.5592889189720154,0.02826235629618168,-0.23766261339187622,-0.7878084182739258,0.026689568534493446,-0.09453883022069931,-0.8520424365997314,0.028195079416036606,-0.2148142009973526,-0.9409798979759216,-0.009732103906571865,-0.1892838031053543,-0.9819158315658569,0.0035845173988491297,-0.1715840995311737,-0.8399357795715332,0.006887872703373432,-0.17707160115242004,-0.7415031790733337,0.0021754747722297907,-0.01135275885462761,-0.926372766494751,-0.036951612681150436,0.002671230351552367,-0.9177694916725159,0.006187349557876587,-0.005284658633172512,-0.7792790532112122,0.017218148335814476,-0.015700435265898705,-0.6668650507926941,0.010457820259034634,0.17251001298427582,-0.837118923664093,-0.05464283749461174,0.15592770278453827,-0.7957025766372681,-0.02398068644106388,0.1292053461074829,-0.6758963465690613,-0.0028913130518049,0.10911696404218674,-0.565589964389801,-0.0007642818964086473,0.325133353471756,-0.7133206129074097,-0.07045657187700272,0.30083414912223816,-0.7092459797859192,-0.03501029312610626,0.2669483721256256,-0.6063100695610046,0.010760011151432991,0.24256299436092377,-0.517066478729248,0.042597316205501556
Left,B,0.0,0.0,0.0,-0.12457726895809174,-0.3187996447086334,0.01249596569687128,-0.10355696827173233,-0.6268419623374939,-0.002122066682204604,-0.009540628641843796,-0.8810482025146484,-0.01743396185338497,0.09511320292949677,-0.9952563643455505,-0.020451361313462257,-0.037279289215803146,-0.6398885846138,-0.06275991350412369,0.13589024543762207,-0.9351447820663452,-0.10376402735710144,0.11578167974948883,-0.8447360396385193,-0.10680064558982849,0.06855926662683487,-0.7327064871788025,-0.09574823826551437,0.11155615001916885,-0.5222976803779602,-0.08251222223043442,0.24152888357639313,-0.8010035753250122,-0.084772028028965,0.21506831049919128,-0.7300593852996826,-0.05666045472025871,0.17198269069194794,-0.6329811811447144,-0.04107140749692917,0.24683144688606262,-0.40390893816947937,-0.09865586459636688,0.32117515802383423,-0.6562235355377197,-0.09092997759580612,0.29657405614852905,-0.5932998061180115,-0.04229269176721573,0.2624847888946533,-0.5052631497383118,-0.016948137432336807,0.3610718548297882,-0.29591813683509827,-0.11281932890415192,0.38938114047050476,-0.5263367891311646,-0.09134607017040253,0.3625834584236145,-0.46607843041419983,-0.0398431196808815,0.34508538246154785,-0.3788962662220001,-0.00630821892991662
Left,B,0.0,0.0,0.0,0.17854741215705872,-0.38492587208747864,0.030451700091362,0.45683667063713074,-0.5531398057937622,0.01318590808659792,0.6927341222763062,-0.5609546899795532,-0.011709973216056824,0.8369272947311401,-0.4604393243789673,-0.024873416870832443,0.6084849834442139,-0.6597281694412231,-0.040136974304914474,0.860274076461792,-0.505452036857605,-0.06668422371149063,0.7847674489021301,-0.4089047610759735,-0.07298304885625839,0.6752693057060242,-0.418995201587677,-0.07291006296873093,0.6192828416824341,-0.3926502466201782,-0.08433566987514496,0.8174158930778503,-0.2517765760421753,-0.0787319615483284,0.7312024831771851,-0.19641715288162231,-0.06701193004846573,0.6145461201667786,-0.22451654076576233,-0.06843332201242447,0.6088042259216309,-0.11309743672609329,-0.1215042695403099,0.757113516330719,-0.03988151252269745,-0.10012472420930862,0.6662002205848694,-0.0007209813338704407,-0.054301485419273376,0.5574737191200256,-0.0188413318246603,-0.037024203687906265,0.5773831605911255,0.13930082321166992,-0.157494455575943,0.6947008371353149,0.15021012723445892,-0.11664195358753204,0.6054319739341736,0.17070557177066803,-0.051074735820293427,0.5128257870674133,0.1677231639623642,-0.009398605674505234
Left,B,0.0,0.0,0.0,0.28393813967704773,0.03624371811747551,-0.08377818763256073,0.5374577641487122,0.005196582525968552,-0.16667741537094116,0.7080926299095154,-0.050537388771772385,-0.2528233826160431,0.7406566739082336,-0.0832005962729454,-0.3259374797344208,0.6082378625869751,-0.7878523468971252,-0.09661902487277985,0.6898137331008911,-0.3551948070526123,-0.24754595756530762,0.5623643398284912,-0.16099853813648224,-0.3532297611236572,0.49576863646507263,-0.16313347220420837,-0.42119958996772766,0.4178161025047302,-0.8615179061889648,-0.13027656078338623,0.5188571214675903,-0.3275664150714874,-0.26935330033302307,0.40237775444984436,-0.14987348020076752,-0.31999796628952026,0.33613458275794983,-0.13943181931972504,-0.3449903130531311,0.2195616513490677,-0.8263381719589233,-0.1797492355108261,0.3269532024860382,-0.2804979085922241,-0.2986331880092621,0.2388828545808792,-0.1292993426322937,-0.30282914638519287,0.18442551791667938,-0.15281441807746887,-0.29173675179481506,0.036162395030260086,-0.710288405418396,-0.24181987345218658,0.153702512383461,-0.2757187485694885,-0.3066936135292053,0.10767967998981476,-0.15545380115509033,-0.3063802421092987,0.0681232437491417,-0.1927369236946106,-0.2947438657283783
Left,B,0.0,0.0,0.0,0.2704416513442993,-0.1574586182832718,-0.02433927357196808,0.5039217472076416,-0.4011356830596924,-0.028760802000761032,0.5971893668174744,-0.6469211578369141,-0.055620357394218445,0.5530493259429932,-0.829069197177887,-0.08234505355358124,0.35915759205818176,-0.6908044219017029,0.09021558612585068,0.44271552562713623,-0.8484656810760498,-0.02895049750804901,0.46395576000213623,-0.7200794816017151,-0.1173659935593605,0.4675399661064148,-0.5428125262260437,-0.14882516860961914,0.22674988210201263,-0.7272085547447205,0.056282591074705124,0.3598332703113556,-0.8657750487327576,-0.09463013708591461,0.30504438281059265,-0.587310254573822,-0.14991751313209534,0.24311478435993195,-0.3190721571445465,-0.13606911897659302,0.08013933897018433,-0.7515183687210083,-2.266066803713329e-05,0.23380063474178314,-0.8458046913146973,-0.1646675318479538,0.1790614128112793,-0.5345356464385986,-0.16141846776008606,0.12173672020435333,-0.27191460132598877,-0.09689230471849442,-0.08256810158491135,-0.7538096904754639,-0.058299578726291656,0.07627043128013611,-0.825999915599823,-0.16858835518360138,0.061872728168964386,-0.59153813123703,-0.1473071575164795,0.021037498489022255,-0.3900272846221924,-0.09076757729053497
Left,B,0.0,0.0,0.0,0.2471589595079422,-0.25206419825553894,0.05691361427307129,0.3606076240539551,-0.4874792993068695,0.047773540019989014,0.4555058479309082,-0.6860257387161255,0.008740680292248726,0.4843233525753021,-0.8566651940345764,-0.015751119703054428,-0.08289123326539993,-0.946035623550415,0.11316333711147308,0.3207021653652191,-0.9225879907608032,0.029570991173386574,0.3576087951660156,-0.6571317315101624,-0.06063899025321007,0.27902936935424805,-0.48713526129722595,-0.12043147534132004,-0.08506138622760773,-0.9632869958877563,0.03924620896577835,0.35121452808380127,-0.9350688457489014,-0.04790252074599266,0.3741888701915741,-0.6447198390960693,-0.1099662110209465,0.30243176221847534,-0.4555702805519104,-0.13625651597976685,-0.029731759801506996,-0.9483105540275574,-0.039438799023628235,0.3969151973724365,-0.8775838613510132,-0.11152947694063187,0.4065239727497101,-0.5946035385131836,-0.11652030050754547,0.3257278501987457,-0.4184088408946991,-0.10005985200405121,0.05698493868112564,-0.9112729430198669,-0.11795463413000107,0.3885490894317627,-0.8128563165664673,-0.13711372017860413,0.3914574086666107,-0.601507306098938,-0.11308695375919342,0.32477015256881714,-0.47515249252319336,-0.08559632301330566
Left,B,0.0,0.0,0.0,-0.21742981672286987,-0.2590743899345398,0.06100086495280266,-0.26125001907348633,-0.5440646409988403,0.06837733089923859,-0.14732232689857483,-0.7327241897583008,0.06580156087875366,0.0036058577243238688,-0.7716095447540283,0.06491992622613907,-0.14813874661922455,-0.9886301755905151,0.025792866945266724,-0.07155422866344452,-0.9859719276428223,0.042883116751909256,-0.05543303117156029,-0.8155750632286072,0.04526104778051376,-0.0863942801952362,-0.7043983936309814,0.03966260701417923,0.04898950830101967,-0.9800442457199097,-0.019606003537774086,0.11385154724121094,-0.9482739567756653,0.03177012503147125,0.10463118553161621,-0.7896220088005066,0.04621761664748192,0.07025668770074844,-0.6630194187164307,0.04130307585000992,0.2325250506401062,-0.8896698355674744,-0.05438373610377312,0.2609378695487976,-0.8161988258361816,-0.014238356612622738,0.23130562901496887,-0.6759947538375854,0.005776883102953434,0.18790645897388458,-0.5585900545120239,0.00472680339589715,0.38697728514671326,-0.7521625757217407,-0.0857468768954277,0.40781790018081665,-0.7022563815116882,-0.046926453709602356,0.37579435110092163,-0.5697572231292725,-0.005244084168225527,0.33490923047065735,-0.4633609652519226,0.023140206933021545
Left,B,0.0,0.0,0.0,-0.22735124826431274,-0.22725820541381836,0.042740609496831894,-0.2808299958705902,-0.5312051773071289,0.04550755396485329,-0.16613632440567017,-0.7451263666152954,0.042343318462371826,-0.008811025880277157,-0.7871500253677368,0.04149867594242096,-0.15490534901618958,-0.9763413667678833,0.005591216031461954,-0.10560981184244156,-0.9943897128105164,0.0059790234081447124,-0.08471821248531342,-0.8184135556221008,-0.004407142288982868,-0.10330626368522644,-0.6992407441139221,-0.016597071662545204,0.04650317505002022,-0.9677677750587463,-0.03179291635751724,0.09413963556289673,-0.9624331593513489,0.0058406321331858635,0.08861207962036133,-0.803133487701416,0.017697779461741447,0.06187873333692551,-0.6732189655303955,0.013753090985119343,0.2318718284368515,-0.8774467706680298,-0.060967184603214264,0.24956351518630981,-0.8195509314537048,-0.036254722625017166,0.21968711912631989,-0.6811248660087585,-0.015728216618299484,0.1827302724123001,-0.5568323135375977,-0.012316517531871796,0.3901110589504242,-0.7443633079528809,-0.08809810876846313,0.39602458477020264,-0.6915416121482849,-0.05939604341983795,0.36427414417266846,-0.5591607689857483,-0.018850145861506462,0.33378341794013977,-0.45212462544441223,0.010844993405044079
Left,B,0.0,0.0,0.0,-0.07275740802288055,-0.3637511432170868,0.10803727060556412,0.0023400946520268917,-0.6618509292602539,0.10841987282037735,0.1589386910200119,-0.7831498980522156,0.07501149922609329,0.31610456109046936,-0.7640320062637329,0.04460420459508896,-0.029643211513757706,-0.9957129955291748,0.08761780709028244,0.29022037982940674,-0.9372333884239197,0.040190037339925766,0.3219664990901947,-0.7004595994949341,-0.007551944814622402,0.2562210261821747,-0.5599023699760437,-0.042180053889751434,0.08600974082946777,-0.9879022836685181,-0.0050144256092607975,0.40971869230270386,-0.8561676144599915,-0.033007461577653885,0.4027802348136902,-0.6257361173629761,-0.062333013862371445,0.31749361753463745,-0.494957834482193,-0.08077145367860794,0.2217485010623932,-0.9114990830421448,-0.0910370871424675,0.52550208568573,-0.7397624254226685,-0.10657673329114914,0.49193888902664185,-0.5059122443199158,-0.09237965196371078,0.39672157168388367,-0.39187636971473694,-0.08138077706098557,0.3601600229740143,-0.7835544347763062,-0.1725141555070877,0.577813446521759,-0.5995557904243469,-0.16123449802398682,0.5387364029884338,-0.4090644419193268,-0.1266355663537979,0.45687800645828247,-0.3236682116985321,-0.09727658331394196
Left,B,0.0,0.0,0.0,0.24664531648159027,-0.12488127499818802,-0.003309119725599885,0.4741709232330322,-0.3440815210342407,-0.011354751884937286,0.5924084782600403,-0.5778701901435852,-0.044693052768707275,0.5509363412857056,-0.781254768371582,-0.07333280891180038,0.3024332821369171,-0.8376680612564087,0.09183230251073837,0.49176859855651855,-0.870474636554718,-0.02091585285961628,0.5406015515327454,-0.6562854051589966,-0.10432371497154236,0.5395340919494629,-0.4615693688392639,-0.13364073634147644,0.1993866264820099,-0.9089635014533997,0.05185279995203018,0.4276275038719177,-0.8225086331367493,-0.07721034437417984,0.3709268867969513,-0.4929099380970001,-0.12122485786676407,0.2854172885417938,-0.23732821643352509,-0.1061868742108345,0.0862552598118782,-0.9439784288406372,-0.007464088033884764,0.33154553174972534,-0.796348512172699,-0.14457114040851593,0.24704870581626892,-0.4811253249645233,-0.1416344940662384,0.14999952912330627,-0.25230252742767334,-0.08581254631280899,-0.03703012689948082,-0.937094509601593,-0.06937562674283981,0.2023109346628189,-0.8015691041946411,-0.15112408995628357,0.16724993288516998,-0.5530101656913757,-0.1324072927236557,0.08919428288936615,-0.3710755407810211,-0.08199366927146912
Left,B,0.0,0.0,0.0,0.265132874250412,-0.1117943674325943,-0.054348547011613846,0.5367258787155151,-0.33261093497276306,-0.07649300992488861,0.6432816982269287,-0.6153515577316284,-0.11345250904560089,0.5440792441368103,-0.8259708285331726,-0.14747880399227142,0.365296870470047,-0.770399808883667,0.0627412348985672,0.5057780146598816,-0.8522154688835144,-0.07649306207895279,0.5077750086784363,-0.6493939757347107,-0.17837262153625488,0.48297056555747986,-0.43740522861480713,-0.21341679990291595,0.22787517309188843,-0.8428657054901123,0.04276500642299652,0.4012829065322876,-0.8655356764793396,-0.11528563499450684,0.3295711278915405,-0.5501077175140381,-0.17264749109745026,0.25425687432289124,-0.2740088999271393,-0.15701843798160553,0.0778622031211853,-0.885183572769165,-0.002186077181249857,0.2658683955669403,-0.8373668789863586,-0.1700369268655777,0.17994780838489532,-0.5148341059684753,-0.16989775002002716,0.09731853753328323,-0.26805001497268677,-0.10526464879512787,-0.08861204981803894,-0.893284022808075,-0.051853012293577194,0.10904047638177872,-0.8511111736297607,-0.15792149305343628,0.07274006307125092,-0.5930435657501221,-0.1355818212032318,0.00551921920850873,-0.39714327454566956,-0.075712189078331
Left,B,0.0,0.0,0.0,0.23561976850032806,-0.049883883446455,-0.1370989978313446,0.4361886978149414,-0.11329513043165207,-0.25254032015800476,0.5640538930892944,-0.17523272335529327,-0.3592469096183777,0.5085846781730652,-0.19945058226585388,-0.4513414800167084,0.4048894941806793,-0.8991367220878601,-0.16618581116199493,0.4738682806491852,-0.5155650973320007,-0.3484678566455841,0.4045458734035492,-0.27306732535362244,-0.4721542000770569,0.3464408814907074,-0.20852039754390717,-0.5424697399139404,0.19701404869556427,-0.9224900007247925,-0.17584235966205597,0.29093608260154724,-0.43947353959083557,-0.3315370976924896,0.23110266029834747,-0.19219543039798737,-0.37996354699134827,0.17942941188812256,-0.13604581356048584,-0.39775270223617554,-0.0033231854904443026,-0.839119017124176,-0.20641396939754486,0.1108185425400734,-0.3271791934967041,-0.33809369802474976,0.0778888612985611,-0.13692724704742432,-0.33569690585136414,0.04130135476589203,-0.13484764099121094,-0.31413543224334717,-0.1745103895664215,-0.6897874474525452,-0.254508376121521,-0.06441565603017807,-0.3094313442707062,-0.3269168734550476,-0.061504364013671875,-0.1562897264957428,-0.3218495845794678,-0.07889584451913834,-0.1681927591562271,-0.30214473605155945
Left,B,0.0,0.0,0.0,0.25575605034828186,-0.00705938832834363,-0.14295589923858643,0.47811686992645264,-0.05389318987727165,-0.2579456567764282,0.5973395109176636,-0.13364893198013306,-0.3619775176048279,0.5245419144630432,-0.20128220319747925,-0.449126660823822,0.4517571032047272,-0.875071108341217,-0.17368368804454803,0.5227218270301819,-0.4448159337043762,-0.3485683798789978,0.422562837600708,-0.22210222482681274,-0.4685091972351074,0.3528187572956085,-0.21049587428569794,-0.5442003011703491,0.24305006861686707,-0.9119086861610413,-0.18267950415611267,0.3539718985557556,-0.38404762744903564,-0.33371609449386597,0.26796194911003113,-0.18349899351596832,-0.38799506425857544,0.20454314351081848,-0.19181710481643677,-0.41816627979278564,0.043102625757455826,-0.8260745406150818,-0.2111513614654541,0.16197390854358673,-0.30033668875694275,-0.3340376615524292,0.11878447979688644,-0.16050954163074493,-0.334500253200531,0.0758613646030426,-0.2133447825908661,-0.32520315051078796,-0.13181844353675842,-0.6666719317436218,-0.2581319808959961,-0.01828560046851635,-0.2724505662918091,-0.33396732807159424,-0.0220749843865633,-0.17527897655963898,-0.3419889509677887,-0.04893808811903,-0.24280956387519836,-0.3376180827617645
Left,B,0.0,0.0,0.0,0.2620358169078827,-0.006350783631205559,-0.14045993983745575,0.5008326768875122,-0.06559829413890839,-0.25832295417785645,0.6384421586990356,-0.16929766535758972,-0.36887192726135254,0.5925158858299255,-0.20324882864952087,-0.4651730954647064,0.5339756011962891,-0.8315639495849609,-0.15287715196609497,0.5946941375732422,-0.4481097459793091,-0.3464718163013458,0.49457046389579773,-0.2164316028356552,-0.47723233699798584,0.426510214805603,-0.1618344634771347,-0.5516958832740784,0.34009379148483276,-0.8922630548477173,-0.16491807997226715,0.42427611351013184,-0.4074632525444031,-0.34438687562942505,0.308084100484848,-0.17141957581043243,-0.4065954089164734,0.2228051871061325,-0.12050607055425644,-0.42607536911964417,0.1428094357252121,-0.8533293604850769,-0.1991894394159317,0.23669926822185516,-0.34318530559539795,-0.35404908657073975,0.14709599316120148,-0.14627864956855774,-0.357927531003952,0.0840788260102272,-0.13358613848686218,-0.3324986398220062,-0.039193425327539444,-0.7427414655685425,-0.24997635185718536,0.058246172964572906,-0.3503172993659973,-0.3345326781272888,0.020867135375738144,-0.18949773907661438,-0.33232972025871277,-0.015251405537128448,-0.19639691710472107,-0.31053897738456726
Left,B,0.0,0.0,0.0,0.25230589509010315,-0.0129868658259511,-0.1487240493297577,0.4763840138912201,-0.09010288864374161,-0.2687816619873047,0.6031178832054138,-0.1973438560962677,-0.3793810307979584,0.5788583755493164,-0.2228410243988037,-0.4733413755893707,0.4966267943382263,-0.8548576831817627,-0.1502673476934433,0.5618566870689392,-0.4813315272331238,-0.337890088558197,0.46898573637008667,-0.2469717264175415,-0.46448537707328796,0.40876108407974243,-0.205085888504982,-0.5387651920318604,0.30355939269065857,-0.9088464379310608,-0.15737873315811157,0.39926907420158386,-0.4441019892692566,-0.33089113235473633,0.2984832227230072,-0.20666858553886414,-0.39117515087127686,0.22599905729293823,-0.1745464950799942,-0.4120362102985382,0.11192144453525543,-0.8634270429611206,-0.18772949278354645,0.21831505000591278,-0.3713558316230774,-0.33678385615348816,0.14399705827236176,-0.17651553452014923,-0.34047818183898926,0.08725239336490631,-0.1810750514268875,-0.3185615837574005,-0.059891555458307266,-0.7462853789329529,-0.2357107251882553,0.04951673373579979,-0.3641318678855896,-0.3186171352863312,0.015133216045796871,-0.2116800844669342,-0.3194220960140228,-0.02818489260971546,-0.23672044277191162,-0.30210113525390625
Left,B,0.0,0.0,0.0,0.006202667485922575,-0.39855843782424927,0.04836982488632202,0.144076868891716,-0.682395339012146,0.030418170616030693,0.3578382134437561,-0.7497292160987854,-0.007143266964703798,0.5194305181503296,-0.6751469373703003,-0.03483576327562332,0.10981874912977219,-0.9868184924125671,0.03554016351699829,0.4284631907939911,-0.9035527110099792,-0.0034093677531927824,0.41443803906440735,-0.7294430136680603,-0.033486172556877136,0.32955917716026306,-0.6525869369506836,-0.05702787637710571,0.19895076751708984,-0.9180818200111389,-0.025447942316532135,0.5007397532463074,-0.7648943662643433,-0.05427651107311249,0.44925734400749207,-0.5996096730232239,-0.0728764459490776,0.3440771698951721,-0.5346032977104187,-0.0847870334982872,0.30226877331733704,-0.7893010973930359,-0.08396323770284653,0.566636323928833,-0.6364753246307373,-0.09086195379495621,0.5031497478485107,-0.487144410610199,-0.07123750448226929,0.404106080532074,-0.4394705891609192,-0.05970487743616104,0.4065801501274109,-0.6206892728805542,-0.14332237839698792,0.594490647315979,-0.500906765460968,-0.12281657010316849,0.5406867265701294,-0.3727479577064514,-0.08498942106962204,0.46624693274497986,-0.332189679145813,-0.056845180690288544
Left,B,0.0,0.0,0.0,-0.21048609912395477,-0.31057554483413696,0.04129370301961899,-0.22132621705532074,-0.6209886074066162,0.04198750853538513,-0.08614189922809601,-0.7943112850189209,0.035443007946014404,0.07571550458669662,-0.8044772744178772,0.03098911978304386,-0.13720859587192535,-0.9904149770736694,0.01587419956922531,-0.07122570276260376,-0.9929295182228088,0.022793428972363472,-0.06431321799755096,-0.8353137373924255,0.01235282327979803,-0.08951298147439957,-0.7328156232833862,-0.0022494292352348566,0.05933208763599396,-0.9469442367553711,-0.020051483064889908,0.08923260122537613,-0.8972437977790833,0.024608232080936432,0.07108905166387558,-0.7578893303871155,0.028368063271045685,0.04781715199351311,-0.6526924967765808,0.01468150969594717,0.23703402280807495,-0.8334963321685791,-0.04762867093086243,0.22975368797779083,-0.7690740823745728,-0.011509566567838192,0.19860124588012695,-0.6424356698989868,0.004738721530884504,0.16783058643341064,-0.5379047989845276,0.001867871731519699,0.38500967621803284,-0.6903729438781738,-0.0734158456325531,0.3674542009830475,-0.6540200710296631,-0.031762752681970596,0.33109015226364136,-0.541093111038208,0.011526399292051792,0.30267074704170227,-0.45579400658607483,0.03996066749095917
Left,B,0.0,0.0,0.0,0.24813015758991241,-0.23551227152347565,0.02751104347407818,0.39630287885665894,-0.4591948390007019,-0.0018531357636675239,0.49751976132392883,-0.6475664377212524,-0.054510436952114105,0.49131155014038086,-0.8662301301956177,-0.09087563306093216,-0.007343327160924673,-0.9319823384284973,0.06388919800519943,0.35932135581970215,-0.8696882724761963,-0.04812964051961899,0.3652338981628418,-0.5748516321182251,-0.14533567428588867,0.28425168991088867,-0.38548213243484497,-0.20073001086711884,-0.049726955592632294,-0.964785635471344,0.0023600158747285604,0.36412328481674194,-0.8633143901824951,-0.0968639925122261,0.3525269329547882,-0.5474194288253784,-0.13375771045684814,0.279793918132782,-0.35443928837776184,-0.140430748462677,-0.0489024817943573,-0.9516956806182861,-0.07013945281505585,0.3536398410797119,-0.8267063498497009,-0.14854606986045837,0.32989442348480225,-0.5400582551956177,-0.12802009284496307,0.24930258095264435,-0.36597639322280884,-0.09444939345121384,-0.009430586360394955,-0.8931497931480408,-0.14707091450691223,0.3097589313983917,-0.7688536643981934,-0.17600305378437042,0.28907641768455505,-0.5412762761116028,-0.14679694175720215,0.2050328403711319,-0.3983726501464844,-0.11352309584617615
Left,B,0.0,0.0,0.0,0.2579486668109894,-0.10543373972177505,-0.07960999011993408,0.5158950090408325,-0.33324748277664185,-0.12650181353092194,0.5970890522003174,-0.602316677570343,-0.1726199835538864,0.4833994209766388,-0.7729249000549316,-0.21138682961463928,0.35868561267852783,-0.9166191220283508,-0.03851456567645073,0.48331496119499207,-0.8347876667976379,-0.17733143270015717,0.438249796628952,-0.5742563009262085,-0.2761387825012207,0.3757110834121704,-0.36393508315086365,-0.31377777457237244,0.19468475878238678,-0.9799257516860962,-0.04293350875377655,0.3321240246295929,-0.8181540369987488,-0.16349272429943085,0.26419374346733093,-0.5038037896156311,-0.1992255300283432,0.20797282457351685,-0.2638312876224518,-0.18778960406780243,0.026657279580831528,-0.9659804105758667,-0.06626196205615997,0.1633511185646057,-0.7477174401283264,-0.1835242211818695,0.10263095051050186,-0.4499068260192871,-0.16827021539211273,0.05819333717226982,-0.2347942441701889,-0.11583591997623444,-0.14026062190532684,-0.8929547667503357,-0.09870290011167526,-0.010947288013994694,-0.7340871691703796,-0.1672859638929367,-0.02680525928735733,-0.48816514015197754,-0.13994675874710083,-0.051419295370578766,-0.3201805353164673,-0.08721139281988144
Left,B,0.0,0.0,0.0,0.27990928292274475,-0.0359499454498291,-0.1617298126220703,0.5557704567909241,-0.03866015747189522,-0.28843724727630615,0.7480013966560364,0.015894124284386635,-0.40646687150001526,0.8420277833938599,0.11351075023412704,-0.5153309106826782,0.4860003888607025,-0.8364425897598267,-0.2533129155635834,0.6724305152893066,-0.10341938585042953,-0.43607500195503235,0.5556285381317139,-0.13138534128665924,-0.5687310099601746,0.4821711778640747,-0.31922516226768494,-0.6760847568511963,0.1978805810213089,-0.803402304649353,-0.2755366265773773,0.42029646039009094,0.04864487424492836,-0.42323002219200134,0.3181014060974121,-0.08706720173358917,-0.4698469042778015,0.26230311393737793,-0.32860279083251953,-0.526461124420166,-0.06253903359174728,-0.6256258487701416,-0.3162667751312256,0.15945124626159668,0.17575787007808685,-0.43514856696128845,0.06690416485071182,0.058894082903862,-0.4057409167289734,0.015086492523550987,-0.16807116568088531,-0.39444518089294434,-0.2833181321620941,-0.3858758211135864,-0.3857676386833191,-0.07668205350637436,0.22615684568881989,-0.49493008852005005,-0.12296232581138611,0.13458693027496338,-0.5132895708084106,-0.1883089244365692,-0.06116810068488121,-0.5220332145690918
Left,B,0.0,0.0,0.0,-0.27543848752975464,-0.20742933452129364,0.02387092262506485,-0.36306232213974,-0.5012487173080444,0.031758375465869904,-0.2503397762775421,-0.7176178693771362,0.039511751383543015,-0.09059702605009079,-0.7528101205825806,0.049215178936719894,-0.19482430815696716,-0.9807766675949097,0.010983605869114399,-0.1330188661813736,-0.9599262475967407,0.03629259020090103,-0.11933855712413788,-0.7952821254730225,0.041219793260097504,-0.1460292786359787,-0.6825174689292908,0.035837892442941666,0.019691476598381996,-0.9714542627334595,-0.009113095700740814,0.05854938179254532,-0.9310473799705505,0.04286622256040573,0.047613248229026794,-0.7752256393432617,0.050078365951776505,0.01967538334429264,-0.6493092179298401,0.04097362980246544,0.207445427775383,-0.8782342672348022,-0.02072352170944214,0.2054024189710617,-0.801041841506958,0.014748685993254185,0.1801091581583023,-0.6644467711448669,0.025314174592494965,0.15228067338466644,-0.5447195172309875,0.021036118268966675,0.36314383149147034,-0.7403419017791748,-0.03084862045943737,0.3530619144439697,-0.7108345031738281,0.003972642123699188,0.3237030506134033,-0.5941049456596375,0.04057822376489639,0.2973354756832123,-0.49187347292900085,0.06641792505979538
Left,B,0.0,0.0,0.0,-0.22741301357746124,-0.3010503947734833,0.05112931504845619,-0.24241775274276733,-0.6128581762313843,0.04765333980321884,-0.1026303842663765,-0.7980786561965942,0.03447263315320015,0.07284299284219742,-0.8111217021942139,0.022121921181678772,-0.1785256266593933,-0.983934223651886,0.0014193153474479914,-0.07680574804544449,-0.9682592153549194,-0.016561279073357582,-0.056439198553562164,-0.771217942237854,-0.04426867142319679,-0.08702797442674637,-0.6467871069908142,-0.07098978757858276,0.02553766593337059,-0.9940183758735657,-0.048832640051841736,0.10236240923404694,-0.9281893372535706,-0.025882955640554428,0.09757482260465622,-0.7544947266578674,-0.03118489496409893,0.07105100899934769,-0.6367354393005371,-0.04910427704453468,0.2238198071718216,-0.914122462272644,-0.08998489379882812,0.2720734179019928,-0.8017732501029968,-0.07116524875164032,0.24089007079601288,-0.6435813307762146,-0.056097839027643204,0.1970876306295395,-0.5351515412330627,-0.058886878192424774,0.405741810798645,-0.7795645594596863,-0.12902264297008514,0.43671706318855286,-0.6768491268157959,-0.09973423928022385,0.40420982241630554,-0.5317623615264893,-0.060388125479221344,0.3651471436023712,-0.4414537250995636,-0.03393583372235298
Right,Natural,0.0,0.0,0.0,-0.2710338532924652,-0.11031470447778702,-0.05580122396349907,-0.527320146560669,-0.35334494709968567,-0.09901256114244461,-0.592327892780304,-0.6345877051353455,-0.15252353250980377,-0.427923321723938,-0.7898497581481934,-0.19593721628189087,-0.36155930161476135,-0.877040445804596,0.017346516251564026,-0.46953102946281433,-0.8750114440917969,-0.11788015812635422,-0.4271675646305084,-0.6205043792724609,-0.21024636924266815,-0.38392114639282227,-0.3837287724018097,-0.2466360330581665,-0.18078173696994781,-0.9346771836280823,-0.009873046539723873,-0.3119693100452423,-0.9324207305908203,-0.15233440697193146,-0.263649582862854,-0.5880692601203918,-0.2037477046251297,-0.2076435387134552,-0.30690526962280273,-0.19445376098155975,0.008774484507739544,-0.9328768849372864,-0.05668969824910164,-0.13956740498542786,-0.8821092247962952,-0.20614489912986755,-0.09882552176713943,-0.5390633344650269,-0.19109311699867249,-0.05339545011520386,-0.2796913683414459,-0.12915077805519104,0.19798612594604492,-0.873445987701416,-0.10782483220100403,0.044288456439971924,-0.8637791872024536,-0.2011943757534027,0.04209725931286812,-0.6073470115661621,-0.16444814205169678,0.07064654678106308,-0.4136785566806793,-0.10112017393112183
Right,Natural,0.0,0.0,0.0,0.2609405219554901,-0.23544716835021973,0.017455732449889183,0.30180659890174866,-0.5376703143119812,0.022938627749681473,0.16904471814632416,-0.7144699096679688,0.02507181279361248,0.02224610559642315,-0.7429595589637756,0.02416715770959854,0.107024185359478,-0.9934582710266113,0.03983164578676224,0.09514740854501724,-0.962831437587738,0.047454871237277985,0.10495922714471817,-0.8034026622772217,0.019001035019755363,0.11745160073041916,-0.6879863142967224,-0.009011085145175457,-0.12222003936767578,-0.952246367931366,0.01983053982257843,-0.09255747497081757,-0.9397540092468262,0.07068326324224472,-0.06626836955547333,-0.7908835411071777,0.07053452730178833,-0.05268434062600136,-0.6603123545646667,0.05218091607093811,-0.3064497113227844,-0.8001264929771423,0.0036104207392781973,-0.2808753252029419,-0.8638563752174377,0.027870429679751396,-0.23956900835037231,-0.7354243993759155,0.03801644593477249,-0.21020735800266266,-0.6024495959281921,0.031264398247003555,-0.44833552837371826,-0.5997710227966309,-0.009593738242983818,-0.43435776233673096,-0.6730791330337524,-0.0026016731280833483,-0.3862132132053375,-0.5642167925834656,0.030995571985840797,-0.3599197566509247,-0.4495179057121277,0.05795274302363396
Right,Natural,0.0,0.0,0.0,-0.2684035897254944,-0.036038171499967575,-0.04287506267428398,-0.5655211210250854,-0.2998156249523163,-0.0630861222743988,-0.6755960583686829,-0.6086454391479492,-0.09682567417621613,-0.5404676795005798,-0.8178113698959351,-0.12893730401992798,-0.40561676025390625,-0.7303851246833801,0.06656821072101593,-0.5139822363853455,-0.8393416404724121,-0.05117422342300415,-0.5740733742713928,-0.800758957862854,-0.14126825332641602,-0.6019918322563171,-0.7298542261123657,-0.1884566843509674,-0.2517043948173523,-0.8029077053070068,0.033527374267578125,-0.41246628761291504,-0.9014753699302673,-0.13120143115520477,-0.34877681732177734,-0.5782254338264465,-0.1890396922826767,-0.2577555775642395,-0.3134889006614685,-0.1732882410287857,-0.07787569612264633,-0.8301426768302917,-0.01972116343677044,-0.2549012303352356,-0.8599688410758972,-0.19526399672031403,-0.18050003051757812,-0.5153276920318604,-0.18068760633468628,-0.09347619116306305,-0.2661464214324951,-0.10785335302352905,0.10932567715644836,-0.8184481263160706,-0.0753062292933464,-0.07626359909772873,-0.8454363942146301,-0.1914336234331131,-0.04561327025294304,-0.5907538533210754,-0.16393768787384033,0.023989131674170494,-0.4072447419166565,-0.10483872145414352
Right,Natural,0.0,0.0,0.0,-0.23538795113563538,-0.06469167768955231,-0.05092572420835495,-0.4327391982078552,-0.3078291714191437,-0.07788876444101334,-0.4901536703109741,-0.5288928151130676,-0.11446090042591095,-0.5089500546455383,-0.7075548768043518,-0.13734331727027893,-0.4087280333042145,-0.746554434299469,0.037420984357595444,-0.5470935702323914,-0.7773151993751526,-0.10603529214859009,-0.45175960659980774,-0.5187729001045227,-0.20191578567028046,-0.3549976050853729,-0.3499286472797394,-0.2402215600013733,-0.264340341091156,-0.8206163048744202,0.005708417389541864,-0.43042171001434326,-0.8922427892684937,-0.13652856647968292,-0.336111843585968,-0.5882405042648315,-0.1758459061384201,-0.24319355189800262,-0.4010743200778961,-0.15806762874126434,-0.10082197934389114,-0.8373885750770569,-0.050067465752363205,-0.26382309198379517,-0.866710364818573,-0.19204328954219818,-0.1836070418357849,-0.5516524910926819,-0.16150185465812683,-0.10744793713092804,-0.37470245361328125,-0.09511391818523407,0.07500176131725311,-0.802129328250885,-0.11231889575719833,-0.07753586769104004,-0.7664093971252441,-0.2080041915178299,-0.05287748575210571,-0.5220553278923035,-0.1758202314376831,0.0010766942286863923,-0.38549256324768066,-0.11844568699598312
Right,Natural,0.0,0.0,0.0,-0.26326656341552734,-0.06916044652462006,-0.1853952556848526,-0.5160830616950989,-0.1050298810005188,-0.3288322687149048,-0.6871253848075867,-0.013491364195942879,-0.4513534903526306,-0.7543718814849854,0.10868878662586212,-0.5502740144729614,-0.5374869704246521,-0.7991653680801392,-0.26915135979652405,-0.6313264966011047,-0.13274072110652924,-0.48492857813835144,-0.5301340818405151,0.16402862966060638,-0.6177042722702026,-0.43746086955070496,0.19040122628211975,-0.6872502565383911,-0.2483428716659546,-0.8222842812538147,-0.2713164687156677,-0.3696931302547455,-0.058059368282556534,-0.4306453466415405,-0.30276036262512207,0.12988673150539398,-0.4583708345890045,-0.2539761960506439,0.02841663360595703,-0.4655072093009949,0.032085902988910675,-0.7254080772399902,-0.2967069447040558,-0.0851675271987915,-0.028829852119088173,-0.4289061725139618,-0.05680031701922417,0.03991711139678955,-0.3761904537677765,-0.037274111062288284,-0.12919741868972778,-0.3230922222137451,0.28532519936561584,-0.5898577570915222,-0.34524914622306824,0.17107246816158295,-0.08613931387662888,-0.4098425507545471,0.1641402393579483,-0.03691351041197777,-0.3605702221393585,0.17676690220832825,-0.17742379009723663,-0.30581149458885193
Right,Natural,0.0,0.0,0.0,-0.26518213748931885,-0.10583788901567459,-0.014902091585099697,-0.4328121840953827,-0.3283451795578003,-0.028247494250535965,-0.4372778832912445,-0.5575293898582458,-0.0648050606250763,-0.37843894958496094,-0.7261731028556824,-0.0985172837972641,-0.3758668601512909,-0.5927349328994751,0.06888295710086823,-0.4750618040561676,-0.7752000093460083,-0.04529736936092377,-0.43684643507003784,-0.6077412366867065,-0.13032621145248413,-0.361588716506958,-0.4348866939544678,-0.1653786301612854,-0.2552188038825989,-0.6699650287628174,0.024878041818737984,-0.3547196388244629,-0.9302902221679688,-0.09345613420009613,-0.32766884565353394,-0.7256003022193909,-0.1506805419921875,-0.26500993967056274,-0.5171434283256531,-0.14946651458740234,-0.1098247542977333,-0.7000330090522766,-0.03598015755414963,-0.21764148771762848,-0.9163290858268738,-0.1502242386341095,-0.18692323565483093,-0.6674802303314209,-0.14408272504806519,-0.1325286626815796,-0.4643521010875702,-0.09860757738351822,0.0540882907807827,-0.6759274005889893,-0.09937253594398499,-0.06244353950023651,-0.8026810884475708,-0.16856688261032104,-0.06216350197792053,-0.6090528964996338,-0.1367391049861908,-0.021634042263031006,-0.44590869545936584,-0.08703052997589111
Right,Natural,0.0,0.0,0.0,0.10493221879005432,-0.28324395418167114,0.04385162144899368,0.12304966151714325,-0.584486722946167,0.04054970294237137,0.022752590477466583,-0.781646192073822,0.021676646545529366,-0.10487616807222366,-0.8583468198776245,0.005914938636124134,0.23764848709106445,-0.8017953634262085,0.04699194058775902,-0.02315731719136238,-0.9955141544342041,0.004453298635780811,-0.07301021367311478,-0.8675588369369507,-0.032616980373859406,-0.037035536020994186,-0.7636008262634277,-0.0559922456741333,0.1684139221906662,-0.8128347992897034,0.0002544295566622168,-0.09541112184524536,-0.9951996207237244,-0.02178250439465046,-0.1325867772102356,-0.8532671928405762,-0.02727888710796833,-0.08973392844200134,-0.753347635269165,-0.033990729600191116,0.06837126612663269,-0.7876031994819641,-0.047326743602752686,-0.17820684611797333,-0.9300052523612976,-0.058252427726984024,-0.20006851851940155,-0.7766275405883789,-0.03770283982157707,-0.14469976723194122,-0.6883496046066284,-0.03172978386282921,-0.04989192634820938,-0.7372404336929321,-0.09567983448505402,-0.23774117231369019,-0.8022353649139404,-0.11271701008081436,-0.24785354733467102,-0.6660261750221252,-0.10039113461971283,-0.203795924782753,-0.5904286503791809,-0.08904126286506653
Right,Natural,0.0,0.0,0.0,0.24104085564613342,-0.2875564396381378,0.01262566540390253,0.264010488986969,-0.5932895541191101,0.018910633400082588,0.12932129204273224,-0.7381146550178528,0.021267104893922806,-0.021505335345864296,-0.745278537273407,0.019048623740673065,0.08927062153816223,-0.995271623134613,0.03827944025397301,0.04726792126893997,-0.8974874019622803,0.029894167557358742,0.05377746745944023,-0.7450259327888489,-0.008940822444856167,0.07456320524215698,-0.643464207649231,-0.04282444715499878,-0.1260206550359726,-0.973666250705719,0.018020933493971825,-0.1381107121706009,-0.8615410327911377,0.05025423318147659,-0.10976585000753403,-0.7084953188896179,0.03800666332244873,-0.07905703037977219,-0.5959982872009277,0.016044117510318756,-0.30861711502075195,-0.8386942744255066,-0.000437522423453629,-0.3013651967048645,-0.7223650813102722,0.007886894047260284,-0.24912166595458984,-0.5859312415122986,-0.0008757189498282969,-0.2045259326696396,-0.485132098197937,-0.016040079295635223,-0.4577964246273041,-0.6620567440986633,-0.017592033371329308,-0.4399426579475403,-0.5525788068771362,-0.02775593288242817,-0.3803621232509613,-0.42011040449142456,-0.01700042001903057,-0.3408493101596832,-0.3281882405281067,-0.0028805655892938375
Right,Natural,0.0,0.0,0.0,-0.23933961987495422,-0.2043919861316681,0.03183095529675484,-0.28274601697921753,-0.4401524066925049,0.022669898346066475,-0.3027571439743042,-0.6105723977088928,-0.0077826534397900105,-0.33062225580215454,-0.7531319260597229,-0.027623003348708153,-0.04216395318508148,-0.8962643146514893,0.08265146613121033,-0.3918900191783905,-0.8883181214332581,-0.023356497287750244,-0.40594127774238586,-0.6599874496459961,-0.1093049943447113,-0.3224767744541168,-0.4978138208389282,-0.14872050285339355,-0.032578784972429276,-0.9075604677200317,0.032583508640527725,-0.4298625588417053,-0.9005268216133118,-0.06534275412559509,-0.4235350787639618,-0.6419354677200317,-0.10670384019613266,-0.3290978968143463,-0.5020371079444885,-0.11101358383893967,-0.05203947797417641,-0.8741157054901123,-0.028298093006014824,-0.44135215878486633,-0.8607476949691772,-0.11260548233985901,-0.4176768660545349,-0.5988504886627197,-0.10470466315746307,-0.3115970194339752,-0.4781142473220825,-0.07723790407180786,-0.08932756632566452,-0.7995978593826294,-0.09155528247356415,-0.39046531915664673,-0.7340871691703796,-0.14933592081069946,-0.37900209426879883,-0.5398185849189758,-0.1447962075471878,-0.29528671503067017,-0.4427676200866699,-0.12022143602371216
Right,Natural,0.0,0.0,0.0,-0.24963915348052979,0.03899331018328667,-0.037049755454063416,-0.5023805499076843,-0.14686597883701324,-0.04845046252012253,-0.5718287229537964,-0.35345837473869324,-0.07237404584884644,-0.5591303706169128,-0.5083200335502625,-0.08728881925344467,-0.5407780408859253,-0.4823817014694214,0.023605497553944588,-0.6823246479034424,-0.6092466711997986,-0.09185851365327835,-0.5712094306945801,-0.4198356568813324,-0.16573329269886017,-0.45394137501716614,-0.26435554027557373,-0.19293105602264404,-0.41638362407684326,-0.6175244450569153,-0.010984026826918125,-0.5859115123748779,-0.8000134229660034,-0.12917472422122955,-0.4699665307998657,-0.5628607869148254,-0.16124390065670013,-0.3566797971725464,-0.3827296197414398,-0.14080820977687836,-0.25421711802482605,-0.701167643070221,-0.0638127401471138,-0.40880709886550903,-0.8759250044822693,-0.1825762689113617,-0.2961578965187073,-0.5938567519187927,-0.15211454033851624,-0.2048231065273285,-0.407990038394928,-0.09024547785520554,-0.06724511831998825,-0.7371394038200378,-0.12041307240724564,-0.18689949810504913,-0.8042398691177368,-0.1995096057653427,-0.1369134485721588,-0.577868640422821,-0.16119852662086487,-0.07948535680770874,-0.4316762685775757,-0.10578934103250504
Right,Natural,0.0,0.0,0.0,-0.17785033583641052,0.22757117450237274,0.04185255989432335,-0.20869514346122742,0.5452095866203308,0.05481867864727974,-0.14754272997379303,0.7490657567977905,0.056956782937049866,-0.029973439872264862,0.8257038593292236,0.05678444355726242,-0.211268812417984,0.8140415549278259,0.023921923711895943,-0.06249402463436127,0.997937023639679,0.014700829982757568,-0.0311347097158432,0.9197185039520264,0.005470782518386841,-0.0527576245367527,0.8217329382896423,-1.7656999261816964e-05,-0.06651940196752548,0.7932609915733337,-0.010091189295053482,0.07500943541526794,0.9595409035682678,-0.0031802637968212366,0.08605505526065826,0.8578185439109802,0.005566099192947149,0.04767238348722458,0.7556600570678711,0.007682356983423233,0.08388062566518784,0.7162179946899414,-0.03974924981594086,0.19500920176506042,0.8689359426498413,-0.03208738565444946,0.1873731017112732,0.762281060218811,-0.005174121353775263,0.1475820243358612,0.6708851456642151,0.005877264309674501,0.22203506529331207,0.5988131761550903,-0.06663976609706879,0.27860355377197266,0.7083050608634949,-0.06006801873445511,0.2577223479747772,0.6113377213478088,-0.026538461446762085,0.2236427217721939,0.5359645485877991,-0.0004352384712547064
Right,Natural,0.0,0.0,0.0,-0.25941768288612366,0.2328624725341797,-0.1797199547290802,-0.4920029938220978,0.39769524335861206,-0.31948545575141907,-0.588624894618988,0.5549508929252625,-0.4368728995323181,-0.5418216586112976,0.6326320767402649,-0.5260698199272156,-0.9436637759208679,-0.11565672606229782,-0.2488640397787094,-0.7101171016693115,0.5393383502960205,-0.45260128378868103,-0.47101137042045593,0.5892428755760193,-0.567104160785675,-0.43014007806777954,0.42558929324150085,-0.6296161413192749,-0.7529749870300293,-0.3804495930671692,-0.25685498118400574,-0.4877239465713501,0.35597172379493713,-0.42094969749450684,-0.2846597135066986,0.39295488595962524,-0.4373708665370941,-0.2791089415550232,0.23418861627578735,-0.43010228872299194,-0.49326953291893005,-0.5456684231758118,-0.28916144371032715,-0.2329881638288498,0.1481701135635376,-0.419955313205719,-0.11900512129068375,0.1703646332025528,-0.34980010986328125,-0.1582106351852417,0.018484462052583694,-0.2833857238292694,-0.2185392826795578,-0.642306923866272,-0.3451707363128662,-0.0480748675763607,-0.10930721461772919,-0.4197837710380554,-0.001529325032606721,-0.09253815561532974,-0.37215229868888855,-0.051756806671619415,-0.23551501333713531,-0.3133549392223358
Right,Natural,0.0,0.0,0.0,-0.26704445481300354,-0.006414656061679125,-0.02844518981873989,-0.4769893288612366,-0.243667870759964,-0.03980018571019173,-0.4801781475543976,-0.5126027464866638,-0.06764297187328339,-0.4244633615016937,-0.7018356919288635,-0.09026939421892166,-0.47855454683303833,-0.5389285683631897,0.03685634583234787,-0.6159356832504272,-0.7156876921653748,-0.0675479844212532,-0.5334139466285706,-0.5464251637458801,-0.13952885568141937,-0.4273042678833008,-0.3844923675060272,-0.16867537796497345,-0.3487881124019623,-0.6465218663215637,-0.0001927556295413524,-0.4924983084201813,-0.8637154698371887,-0.10696284472942352,-0.41330665349960327,-0.6475403308868408,-0.14625518023967743,-0.31864872574806213,-0.44850409030914307,-0.1376420259475708,-0.19133540987968445,-0.7027044892311096,-0.05428346246480942,-0.3284977972507477,-0.904611349105835,-0.16432048380374908,-0.25260064005851746,-0.64190274477005,-0.14541198313236237,-0.17448347806930542,-0.4348715543746948,-0.09697651863098145,-0.013566273264586926,-0.7111892104148865,-0.1121097207069397,-0.14381472766399384,-0.8120278716087341,-0.1904383897781372,-0.10986194014549255,-0.591164767742157,-0.15900562703609467,-0.0518127903342247,-0.42143234610557556,-0.11173305660486221
Right,Natural,0.0,0.0,0.0,-0.221791610121727,-0.24988269805908203,0.013498291373252869,-0.2504170835018158,-0.5029142498970032,-0.006616792641580105,-0.26075056195259094,-0.702233612537384,-0.044590435922145844,-0.26329195499420166,-0.8690115213394165,-0.069176085293293,0.07058878242969513,-0.8358567953109741,0.051292724907398224,-0.24983607232570648,-0.9576781988143921,-0.06110556051135063,-0.3058856427669525,-0.7419970631599426,-0.13608044385910034,-0.2531069219112396,-0.5763080716133118,-0.1689089685678482,0.09426224231719971,-0.8461535573005676,0.005082298535853624,-0.29088491201400757,-0.9503577351570129,-0.11048135906457901,-0.323726624250412,-0.694305419921875,-0.14256148040294647,-0.24342016875743866,-0.5451613068580627,-0.1369941532611847,0.08182751387357712,-0.8114924430847168,-0.05368407443165779,-0.30475151538848877,-0.8681725263595581,-0.15613694489002228,-0.3110406696796417,-0.6066798567771912,-0.13576680421829224,-0.21406914293766022,-0.47872722148895264,-0.09711463749408722,0.03989899531006813,-0.7370488047599792,-0.11600294709205627,-0.27062106132507324,-0.7128470540046692,-0.18924568593502045,-0.2738967537879944,-0.5176532864570618,-0.18477247655391693,-0.19342485070228577,-0.4174598455429077,-0.15946072340011597
Right,Natural,0.0,0.0,0.0,0.1908521205186844,-0.32828372716903687,0.029105177149176598,0.1904405802488327,-0.6310457587242126,0.03545575588941574,0.040428996086120605,-0.7805494666099548,0.0361897274851799,-0.10777510702610016,-0.7996500134468079,0.032453086227178574,0.0862022340297699,-0.948375403881073,0.04001850262284279,-0.051290206611156464,-0.9917522668838501,0.04148457199335098,-0.06053277850151062,-0.847100555896759,0.01947186142206192,-0.02291613072156906,-0.7375001311302185,0.0012850083876401186,-0.1188879907131195,-0.9163209795951843,0.018513329327106476,-0.19646252691745758,-0.9794337749481201,0.04595503211021423,-0.18680225312709808,-0.8335892558097839,0.040605608373880386,-0.14053401350975037,-0.6978367567062378,0.03268597275018692,-0.2924160957336426,-0.7971295118331909,0.002572166733443737,-0.33164775371551514,-0.876090407371521,0.02637401781976223,-0.3039792478084564,-0.751330554485321,0.038255538791418076,-0.25309914350509644,-0.6393606066703796,0.03906692937016487,-0.4292391538619995,-0.6406145691871643,-0.010150175541639328,-0.4214169979095459,-0.6986967325210571,0.005459712352603674,-0.37836918234825134,-0.583291232585907,0.03940626606345177,-0.3375813364982605,-0.4904421269893646,0.06989441066980362
Right,Natural,0.0,0.0,0.0,-0.25692838430404663,-0.08510884642601013,-0.027236362919211388,-0.4518614709377289,-0.30469608306884766,-0.043955571949481964,-0.4609836935997009,-0.5365118384361267,-0.07753362506628036,-0.37593141198158264,-0.6948760747909546,-0.10610923916101456,-0.3918244242668152,-0.618155837059021,0.04104554280638695,-0.5075366497039795,-0.7960345149040222,-0.06439992785453796,-0.4675790071487427,-0.605287492275238,-0.13996154069900513,-0.39616402983665466,-0.430233895778656,-0.17391985654830933,-0.26072338223457336,-0.6895487904548645,0.002759911585599184,-0.3881213366985321,-0.9154345393180847,-0.10649650543928146,-0.3480355441570282,-0.6886076331138611,-0.14930115640163422,-0.27749544382095337,-0.48419153690338135,-0.14404478669166565,-0.1061360239982605,-0.7099809050559998,-0.05217944085597992,-0.23430588841438293,-0.9233037233352661,-0.16535352170467377,-0.1947510987520218,-0.6521732211112976,-0.14648151397705078,-0.13579396903514862,-0.44261813163757324,-0.09694593399763107,0.0663033127784729,-0.6753073334693909,-0.11070152372121811,-0.06201430410146713,-0.7910380363464355,-0.19267211854457855,-0.056205954402685165,-0.5700072050094604,-0.1621202826499939,-0.012220743112266064,-0.39793679118156433,-0.11396040767431259
Right,Natural,0.0,0.0,0.0,-0.3094097971916199,0.05244035646319389,-0.18298420310020447,-0.5490397214889526,0.16986219584941864,-0.3500603139400482,-0.6780285835266113,0.3840242624282837,-0.4968996047973633,-0.5869224071502686,0.5182982683181763,-0.622003972530365,-0.7136639356613159,-0.5637015104293823,-0.2779094874858856,-0.699551522731781,0.21789570152759552,-0.4723334014415741,-0.5726938843727112,0.298175573348999,-0.5916431546211243,-0.5295522809028625,0.11991073191165924,-0.6615463495254517,-0.42875438928604126,-0.6365901231765747,-0.28839144110679626,-0.420450896024704,0.2509579658508301,-0.43583452701568604,-0.34041258692741394,0.24253298342227936,-0.4670430123806,-0.3385223150253296,0.04079818353056908,-0.48468995094299316,-0.13484780490398407,-0.5867688655853271,-0.3198593854904175,-0.15991505980491638,0.22472138702869415,-0.44424498081207275,-0.1279546022415161,0.1671789288520813,-0.406276136636734,-0.14339792728424072,-0.045708462595939636,-0.36684074997901917,0.12523743510246277,-0.4671015441417694,-0.37393811345100403,0.08535514026880264,0.12382206320762634,-0.44311076402664185,0.08171360939741135,0.0858989730477333,-0.41115662455558777,0.063381627202034,-0.09860436618328094,-0.3715895414352417
Right,Natural,0.0,0.0,0.0,-0.2548292279243469,0.1423841267824173,-0.22804659605026245,-0.4925539195537567,0.2991867661476135,-0.4208715856075287,-0.602737307548523,0.4536101818084717,-0.5779277682304382,-0.5235541462898254,0.4753072261810303,-0.7061888575553894,-0.7372260689735413,-0.5831875205039978,-0.341159850358963,-0.6426820755004883,0.08731082081794739,-0.535309374332428,-0.5456212759017944,0.12653128802776337,-0.65604567527771,-0.5424752831459045,-0.06775566935539246,-0.7346461415290833,-0.46902480721473694,-0.722822368144989,-0.32474857568740845,-0.3352929949760437,0.12061674892902374,-0.4749293327331543,-0.28442779183387756,0.06358281522989273,-0.5029714703559875,-0.32087233662605286,-0.1688874512910843,-0.5212939977645874,-0.17433419823646545,-0.738159716129303,-0.32860952615737915,-0.09309633821249008,0.061704766005277634,-0.44110316038131714,-0.07947242259979248,-0.02271658554673195,-0.3725437521934509,-0.12463530898094177,-0.2578670084476471,-0.31779107451438904,0.09993710368871689,-0.6732608079910278,-0.3627033531665802,0.11715131998062134,-0.037855714559555054,-0.4472493529319763,0.11104296147823334,-0.11581997573375702,-0.4179786145687103,0.07937252521514893,-0.34976252913475037,-0.3762790858745575
Right,Natural,0.0,0.0,0.0,-0.3159443140029907,0.2112075835466385,-0.0961088314652443,-0.5652912855148315,0.3194543123245239,-0.18408611416816711,-0.7301183938980103,0.42960888147354126,-0.2655300796031952,-0.8156145215034485,0.4781276285648346,-0.3258328139781952,-0.8586217761039734,-0.37177813053131104,-0.11643007397651672,-0.8841357231140137,0.18837565183639526,-0.26491379737854004,-0.6885907053947449,0.33860254287719727,-0.35113227367401123,-0.5694167017936707,0.2937631905078888,-0.3956957757472992,-0.7094670534133911,-0.4989140033721924,-0.13823875784873962,-0.7242652773857117,0.1596360057592392,-0.2749868631362915,-0.5336050987243652,0.2946806252002716,-0.3011229932308197,-0.44457775354385376,0.24683991074562073,-0.30210942029953003,-0.5269080996513367,-0.5164847373962402,-0.1775999218225479,-0.5378537774085999,0.11416643112897873,-0.2914747893810272,-0.3930858075618744,0.21208816766738892,-0.2543722093105316,-0.33569130301475525,0.14754770696163177,-0.21180854737758636,-0.332979679107666,-0.4625129997730255,-0.22987870872020721,-0.3602067232131958,0.015865297988057137,-0.2977994978427887,-0.27586114406585693,0.08599910140037537,-0.2731555998325348,-0.23575080931186676,0.008447010070085526,-0.23478664457798004
Right,Natural,0.0,0.0,0.0,-0.2949291467666626,-0.11426786333322525,-0.019893348217010498,-0.5458099246025085,-0.37180161476135254,-0.0347544401884079,-0.619838297367096,-0.6858408451080322,-0.07379738986492157,-0.4665667414665222,-0.8772941827774048,-0.11256277561187744,-0.3888057768344879,-0.6722152233123779,0.09247685968875885,-0.48180100321769714,-0.8667260408401489,-0.01828153058886528,-0.48576268553733826,-0.7668068408966064,-0.1102045550942421,-0.4522637128829956,-0.6103096008300781,-0.1529749631881714,-0.2229810506105423,-0.7306163311004639,0.054376352578401566,-0.3138328790664673,-0.9054315686225891,-0.07390470057725906,-0.2724055349826813,-0.6425275206565857,-0.13775645196437836,-0.21700423955917358,-0.3757036626338959,-0.13955466449260712,-0.041257236152887344,-0.7637162208557129,-0.0022912148851901293,-0.16268470883369446,-0.9263152480125427,-0.1370088756084442,-0.1254676729440689,-0.6331508159637451,-0.13129101693630219,-0.07104059308767319,-0.3561115860939026,-0.07730874419212341,0.1558520495891571,-0.7605538368225098,-0.06068919226527214,0.010416523553431034,-0.9231536388397217,-0.1464252769947052,0.006914571858942509,-0.7082240581512451,-0.11520902067422867,0.04333235323429108,-0.48782631754875183,-0.06073543801903725
Right,Natural,0.0,0.0,0.0,-0.32939013838768005,-0.10450103133916855,-0.0444905087351799,-0.564102053642273,-0.36809930205345154,-0.06895501166582108,-0.602319598197937,-0.692191481590271,-0.11504428088665009,-0.4518490731716156,-0.8551136255264282,-0.1537393033504486,-0.49964550137519836,-0.624669075012207,0.08295519649982452,-0.5600940585136414,-0.8270814418792725,-0.047233257442712784,-0.46127936244010925,-0.6867778897285461,-0.1517520248889923,-0.37365269660949707,-0.5147039890289307,-0.1966344714164734,-0.33672210574150085,-0.7134119272232056,0.05692766234278679,-0.36120331287384033,-0.888905942440033,-0.08242033421993256,-0.24998940527439117,-0.630503237247467,-0.1474878042936325,-0.16869495809078217,-0.38480496406555176,-0.14733560383319855,-0.16685490310192108,-0.7676765322685242,0.00670500798150897,-0.20320481061935425,-0.9291027188301086,-0.13549529016017914,-0.11926697939634323,-0.6432377099990845,-0.13525353372097015,-0.05007477104663849,-0.3750775456428528,-0.08079416304826736,0.013013513758778572,-0.7726789116859436,-0.04877148196101189,-0.03580792248249054,-0.9308520555496216,-0.13603267073631287,-0.010539508424699306,-0.7267838716506958,-0.11140070110559464,0.021725812926888466,-0.5155887603759766,-0.05818527191877365
Right,Natural,0.0,0.0,0.0,0.21209333837032318,-0.32939091324806213,0.06202619895339012,0.23321585357189178,-0.6557714343070984,0.09805506467819214,0.14557550847530365,-0.8276853561401367,0.11950316280126572,0.02370363101363182,-0.8627614974975586,0.13548387587070465,0.2118539810180664,-0.9505592584609985,0.12150386720895767,0.053434837609529495,-0.9887237548828125,0.13989277184009552,0.030768023803830147,-0.8412505984306335,0.11087217926979065,0.06498389691114426,-0.7134279012680054,0.08669315278530121,0.017166968435049057,-0.9721816778182983,0.09377159923315048,-0.11222361028194427,-0.9359328150749207,0.1502632200717926,-0.12715859711170197,-0.7935923337936401,0.13019709289073944,-0.08383186161518097,-0.673485517501831,0.10482579469680786,-0.17453594505786896,-0.8931112885475159,0.07106763869524002,-0.273524671792984,-0.86900794506073,0.12220095098018646,-0.27448874711990356,-0.7297530770301819,0.11781764030456543,-0.2243017554283142,-0.6278256177902222,0.09918152540922165,-0.3449968993663788,-0.7706289887428284,0.05266367644071579,-0.42017772793769836,-0.7754576206207275,0.08624161779880524,-0.4090530574321747,-0.6350095868110657,0.11554768681526184,-0.3686204254627228,-0.536126971244812,0.13914622366428375
Right,Natural,0.0,0.0,0.0,0.24514319002628326,-0.33539271354675293,0.07691289484500885,0.2696218490600586,-0.6653910875320435,0.11604509502649307,0.1735677868127823,-0.8204213380813599,0.13520708680152893,0.02302408218383789,-0.8165465593338013,0.14407311379909515,0.25543898344039917,-0.9523594379425049,0.14344021677970886,0.07948333024978638,-0.9802798628807068,0.15797194838523865,0.05779227614402771,-0.8238312005996704,0.11829409748315811,0.09794795513153076,-0.6794357299804688,0.08752714842557907,0.044089850038290024,-0.9934405088424683,0.10550845414400101,-0.10016966611146927,-0.9284690618515015,0.16748449206352234,-0.11371194571256638,-0.7754707336425781,0.13544975221157074,-0.06770388036966324,-0.6457943916320801,0.10095350444316864,-0.16827678680419922,-0.917228102684021,0.07372412085533142,-0.28546854853630066,-0.8582979440689087,0.12873728573322296,-0.2842552959918976,-0.701721727848053,0.1133880540728569,-0.23069292306900024,-0.5916343331336975,0.08644139766693115,-0.3649636507034302,-0.7843590378761292,0.04743717238306999,-0.4574163556098938,-0.7514529228210449,0.08183940500020981,-0.44618573784828186,-0.5902624726295471,0.11021868139505386,-0.4018450379371643,-0.4798928499221802,0.13370110094547272
Right,Natural,0.0,0.0,0.0,-0.29028698801994324,-0.024514270946383476,-0.05529661476612091,-0.5910649299621582,-0.2760162353515625,-0.08606435358524323,-0.6818090677261353,-0.6125327348709106,-0.12984231114387512,-0.5140778422355652,-0.8399221301078796,-0.17393858730793,-0.47297272086143494,-0.6412086486816406,0.040104541927576065,-0.5854798555374146,-0.800404965877533,-0.08232025802135468,-0.5891103744506836,-0.7525523900985718,-0.1764054000377655,-0.5571938157081604,-0.6687522530555725,-0.22522369027137756,-0.30065682530403137,-0.7355767488479614,0.0120312524959445,-0.4132658839225769,-0.8831297159194946,-0.14098338782787323,-0.3347031772136688,-0.5772042274475098,-0.19457943737506866,-0.2504539489746094,-0.31775549054145813,-0.1836213916540146,-0.11181171983480453,-0.7840016484260559,-0.03686444088816643,-0.23511961102485657,-0.9003857374191284,-0.20588627457618713,-0.1540341079235077,-0.5598658919334412,-0.18636351823806763,-0.07392113655805588,-0.2922746539115906,-0.1149674654006958,0.09276227653026581,-0.7898310422897339,-0.08881345391273499,-0.05489526689052582,-0.8973323106765747,-0.2003077268600464,-0.02073470689356327,-0.648095428943634,-0.1651201993227005,0.03974521905183792,-0.4479112923145294,-0.10396422445774078
Right,Natural,0.0,0.0,0.0,-0.23073764145374298,0.0007586147403344512,-0.23735658824443817,-0.4611131548881531,0.02637830376625061,-0.4276488125324249,-0.5344723463058472,0.10010070353746414,-0.5817014575004578,-0.3608664572238922,0.12809740006923676,-0.7076027989387512,-0.4138597249984741,-0.8506982326507568,-0.32408735156059265,-0.47496068477630615,-0.2900848984718323,-0.502744197845459,-0.4230894148349762,-0.12546224892139435,-0.5977997779846191,-0.38939493894577026,-0.2516650855541229,-0.6604033708572388,-0.14453202486038208,-0.870175302028656,-0.29952165484428406,-0.22159446775913239,-0.20412097871303558,-0.4430577754974365,-0.19785812497138977,-0.07908505946397781,-0.4608723223209381,-0.19846132397651672,-0.25506001710891724,-0.4712556302547455,0.10474266111850739,-0.7690969109535217,-0.29855337738990784,-0.0018699371721595526,-0.14330174028873444,-0.41633057594299316,-0.012350005097687244,-0.06027175113558769,-0.36151668429374695,-0.013480386696755886,-0.214161217212677,-0.3176289200782776,0.31121864914894104,-0.615217924118042,-0.3262768089771271,0.18966729938983917,-0.13372491300106049,-0.3963070213794708,0.15359288454055786,-0.05505926162004471,-0.3684535622596741,0.1509934514760971,-0.1525776982307434,-0.33591601252555847
Right,Natural,0.0,0.0,0.0,-0.2972520887851715,-0.047169238328933716,-0.04435698315501213,-0.5672569274902344,-0.2977485656738281,-0.06911388784646988,-0.6437489986419678,-0.6217357516288757,-0.11019604653120041,-0.5226961374282837,-0.8396872282028198,-0.14735719561576843,-0.4924372136592865,-0.5735934376716614,0.0494459867477417,-0.5761018991470337,-0.7552169561386108,-0.08032640814781189,-0.5188551545143127,-0.616113543510437,-0.1828748881816864,-0.4407767057418823,-0.4402153789997101,-0.2298661768436432,-0.32764363288879395,-0.6598110795021057,0.021809160709381104,-0.41274401545524597,-0.8558040857315063,-0.11115356534719467,-0.3210979998111725,-0.591677188873291,-0.16957218945026398,-0.23226827383041382,-0.33902707695961,-0.16962769627571106,-0.14809805154800415,-0.7118083238601685,-0.02620994672179222,-0.2474772185087204,-0.8855416178703308,-0.16423697769641876,-0.16501660645008087,-0.5992385149002075,-0.1487915962934494,-0.08331555128097534,-0.3353184163570404,-0.09076850861310959,0.0434429831802845,-0.7236688733100891,-0.07829632610082626,-0.07117047160863876,-0.8733245730400085,-0.16874593496322632,-0.03856561705470085,-0.6654871702194214,-0.1348077356815338,0.015838775783777237,-0.4653250575065613,-0.07948741316795349
Right,Natural,0.0,0.0,0.0,-0.18541507422924042,-0.06832180172204971,-0.11985746026039124,-0.3620865046977997,-0.19269512593746185,-0.21281859278678894,-0.4474353492259979,-0.2953338027000427,-0.2936864197254181,-0.3909524083137512,-0.33865833282470703,-0.35414648056030273,-0.3094719350337982,-0.9436694979667664,-0.11711075156927109,-0.42773672938346863,-0.6825335025787354,-0.25558170676231384,-0.4038487672805786,-0.4144725799560547,-0.3478619158267975,-0.3607047200202942,-0.3106711208820343,-0.39743536710739136,-0.10568419843912125,-0.9319115281105042,-0.12365025281906128,-0.24467366933822632,-0.5468149185180664,-0.23965391516685486,-0.2228221893310547,-0.24463675916194916,-0.2678981125354767,-0.17938649654388428,-0.14768843352794647,-0.2660181224346161,0.08428968489170074,-0.8160153031349182,-0.14784160256385803,-0.05608227476477623,-0.43084537982940674,-0.23749123513698578,-0.04917050153017044,-0.196866974234581,-0.1976383477449417,-0.01378167700022459,-0.1431684046983719,-0.1524871587753296,0.2582938075065613,-0.6481595635414124,-0.1889621764421463,0.13117629289627075,-0.35842815041542053,-0.22807882726192474,0.12068469822406769,-0.2102690190076828,-0.18683753907680511,0.14961114525794983,-0.1963823288679123,-0.13743408024311066
Right,Natural,0.0,0.0,0.0,-0.2482163906097412,-0.08112893998622894,-0.0805889442563057,-0.5039317011833191,-0.2645154595375061,-0.13651470839977264,-0.6243369579315186,-0.48527729511260986,-0.19268923997879028,-0.5596760511398315,-0.6688655614852905,-0.23585377633571625,-0.426393985748291,-0.8870388269424438,-0.024073360487818718,-0.5317543148994446,-0.7643897533416748,-0.1626870185136795,-0.4563005566596985,-0.4910129904747009,-0.27096372842788696,-0.3905506730079651,-0.273266077041626,-0.32340186834335327,-0.24819843471050262,-0.9681231379508972,-0.033691346645355225,-0.3738248646259308,-0.7778797745704651,-0.16131208837032318,-0.3000871241092682,-0.44519078731536865,-0.21307778358459473,-0.22828370332717896,-0.202527716755867,-0.21403281390666962,-0.06401635706424713,-0.954568088054657,-0.062271762639284134,-0.19861169159412384,-0.713114857673645,-0.18600977957248688,-0.1384955644607544,-0.41072604060173035,-0.17185445129871368,-0.08032668381929398,-0.1880684345960617,-0.1228804811835289,0.11540339887142181,-0.8793172240257263,-0.10017542541027069,-0.020379286259412766,-0.6848585605621338,-0.18631146848201752,-0.002840448636561632,-0.4555310904979706,-0.16430653631687164,0.0401044636964798,-0.2974022328853607,-0.11325858533382416
Right,Natural,0.0,0.0,0.0,-0.2609002888202667,-0.08910726010799408,-0.06477021425962448,-0.5123113989830017,-0.34624597430229187,-0.10694591701030731,-0.5924700498580933,-0.6398554444313049,-0.15453624725341797,-0.4824140667915344,-0.8553475737571716,-0.18883110582828522,-0.3546757996082306,-0.8762940168380737,0.009576897136867046,-0.48390501737594604,-0.8011200428009033,-0.12720076739788055,-0.4179880917072296,-0.5178732872009277,-0.2246779203414917,-0.3487844467163086,-0.288265198469162,-0.26656877994537354,-0.18201497197151184,-0.941460132598877,-0.009820859879255295,-0.33496877551078796,-0.8750210404396057,-0.14172054827213287,-0.27582454681396484,-0.5422787666320801,-0.18726524710655212,-0.20950257778167725,-0.28598299622535706,-0.17926156520843506,-0.00446320092305541,-0.9375281929969788,-0.04985959827899933,-0.16924850642681122,-0.795750617980957,-0.18218344449996948,-0.11341394484043121,-0.47506701946258545,-0.16044163703918457,-0.05607803165912628,-0.24754762649536133,-0.10178394615650177,0.17229466140270233,-0.8748012185096741,-0.09684833139181137,-0.0024932962842285633,-0.757192075252533,-0.18060198426246643,0.015160245820879936,-0.5183346271514893,-0.1480090469121933,0.06609034538269043,-0.3553880751132965,-0.09048066288232803
Right,Natural,0.0,0.0,0.0,-0.28116869926452637,-0.007049605716019869,-0.1631220132112503,-0.507835865020752,0.05081438273191452,-0.3133578896522522,-0.648702085018158,0.24505269527435303,-0.44716697931289673,-0.6340720653533936,0.38582107424736023,-0.5598511695861816,-0.6035906672477722,-0.7575957179069519,-0.2484491467475891,-0.6604698896408081,0.0007154239574447274,-0.4097428619861603,-0.5638428330421448,0.18420933187007904,-0.49964624643325806,-0.5098122954368591,0.06402349472045898,-0.5568904280662537,-0.3172861337661743,-0.7829689979553223,-0.27043893933296204,-0.41701164841651917,0.10725007951259613,-0.39664551615715027,-0.3413700759410858,0.203234001994133,-0.42098861932754517,-0.3076731264591217,0.030683549121022224,-0.4393574297428131,-0.04135451093316078,-0.6824350357055664,-0.3084084391593933,-0.16278375685214996,0.15531732141971588,-0.40843039751052856,-0.1268376111984253,0.2029118686914444,-0.3570951223373413,-0.1193498969078064,0.022258957847952843,-0.32026657462120056,0.207288920879364,-0.5194959044456482,-0.36965474486351013,0.11575973778963089,0.1485481560230255,-0.433366596698761,0.12564325332641602,0.18747198581695557,-0.3978811204433441,0.13546040654182434,0.02950592152774334,-0.35939154028892517
Right,Natural,0.0,0.0,0.0,-0.25301942229270935,-0.08489426970481873,-0.05460129678249359,-0.5083475112915039,-0.3336777091026306,-0.08714860677719116,-0.610773503780365,-0.638649582862854,-0.13170397281646729,-0.494795560836792,-0.8532348871231079,-0.16482584178447723,-0.36972272396087646,-0.7076408863067627,0.04073764383792877,-0.47607964277267456,-0.8234940767288208,-0.09354908019304276,-0.42251056432724,-0.5732828974723816,-0.18000581860542297,-0.35861697793006897,-0.34444358944892883,-0.21169762313365936,-0.2098342776298523,-0.7651534676551819,0.020104462280869484,-0.3451946973800659,-0.8823188543319702,-0.12310962378978729,-0.29231807589530945,-0.5594086647033691,-0.16851888597011566,-0.22815170884132385,-0.2977762520313263,-0.15195153653621674,-0.038194961845874786,-0.7892658114433289,-0.02293604612350464,-0.18168629705905914,-0.8400018811225891,-0.18048343062400818,-0.125223308801651,-0.4964493215084076,-0.16512717306613922,-0.06662199646234512,-0.24421946704387665,-0.09710032492876053,0.14174610376358032,-0.7682713866233826,-0.06897380948066711,-0.014689682982861996,-0.7952291369438171,-0.17673267424106598,0.010968012735247612,-0.54412442445755,-0.15168416500091553,0.06441435217857361,-0.36105090379714966,-0.09384665638208389
Right,Natural,0.0,0.0,0.0,0.18131513893604279,-0.23373374342918396,0.005693049635738134,0.19197432696819305,-0.4889853000640869,0.005008502397686243,0.07963100075721741,-0.6182688474655151,0.0013858038000762463,-0.0408085361123085,-0.6502271890640259,-0.0021445215679705143,0.13897882401943207,-0.8043033480644226,0.03236331418156624,0.06153162196278572,-0.7683163285255432,0.018978634849190712,0.062236689031124115,-0.6369679570198059,-0.013007424771785736,0.0832088440656662,-0.5422375202178955,-0.027647249400615692,-0.03422112762928009,-0.7926905155181885,0.01610775850713253,-0.08197018504142761,-0.7452298402786255,0.027775904163718224,-0.07914531230926514,-0.6016857624053955,0.01066439226269722,-0.057524800300598145,-0.5031223297119141,-0.0005835645133629441,-0.2002420276403427,-0.7074727416038513,0.0012103376211598516,-0.2301524579524994,-0.6763367652893066,-0.00658836355432868,-0.21898822486400604,-0.5465089678764343,-0.010975087992846966,-0.18410782516002655,-0.4523322880268097,-0.005789483897387981,-0.3471459746360779,-0.6000835299491882,-0.011238409206271172,-0.3718065321445465,-0.7710306644439697,-0.0008967327885329723,-0.37381261587142944,-0.861581563949585,0.029240602627396584,-0.3579002022743225,-0.9319284558296204,0.05845236778259277
Right,Natural,0.0,0.0,0.0,0.23727810382843018,-0.3029884994029999,0.007082511205226183,0.26062560081481934,-0.5951123237609863,-0.0038355740252882242,0.13101792335510254,-0.7329588532447815,-0.0185130313038826,-0.025578511878848076,-0.7435489892959595,-0.036148492246866226,0.19812747836112976,-0.9796308875083923,0.03269454091787338,0.11158815771341324,-0.9357949495315552,0.009200663305819035,0.1016823947429657,-0.7727519273757935,-0.03847736865282059,0.12192539870738983,-0.6432760953903198,-0.07306914776563644,-0.031543415039777756,-0.9904420375823975,0.011568146757781506,-0.07770122587680817,-0.9324508309364319,0.029470471665263176,-0.07249204069375992,-0.7610745429992676,0.011320934630930424,-0.046886906027793884,-0.6309298872947693,-0.009427777491509914,-0.24697867035865784,-0.8889143466949463,-0.008713272400200367,-0.27066147327423096,-0.8252142071723938,-0.009054846130311489,-0.2472597062587738,-0.6644439697265625,-0.013056190684437752,-0.2095346450805664,-0.5467978715896606,-0.018533209338784218,-0.4381331205368042,-0.7485597729682922,-0.027440981939435005,-0.4582075774669647,-0.7309088110923767,-0.03347361460328102,-0.4259001612663269,-0.5869055986404419,-0.006226425524801016,-0.3932875990867615,-0.48302584886550903,0.023040467873215675
Right,Natural,0.0,0.0,0.0,0.2193404883146286,-0.3004441559314728,0.003727816278114915,0.23531849682331085,-0.5879392027854919,-0.015933822840452194,0.11225283145904541,-0.7320184111595154,-0.038047999143600464,-0.03891998901963234,-0.7556298971176147,-0.06402713805437088,0.1831131875514984,-0.9830827116966248,0.004233123268932104,0.0811813548207283,-0.9234405159950256,-0.025646917521953583,0.07151258736848831,-0.7571907639503479,-0.07726863026618958,0.10178679972887039,-0.6303828358650208,-0.11440528184175491,-0.04456159844994545,-0.9886127710342407,-0.018581675365567207,-0.11159630864858627,-0.9069530367851257,-0.004812530241906643,-0.10896466672420502,-0.7423607110977173,-0.02407619170844555,-0.07345189154148102,-0.6188812851905823,-0.04633336141705513,-0.25995564460754395,-0.8762189149856567,-0.03820931538939476,-0.3075839579105377,-0.7997667789459229,-0.04144652560353279,-0.2829553782939911,-0.6494097709655762,-0.04460595175623894,-0.23152866959571838,-0.54023677110672,-0.050407540053129196,-0.44855809211730957,-0.722937285900116,-0.05605846270918846,-0.4915352463722229,-0.696455717086792,-0.06893083453178406,-0.46088549494743347,-0.5874625444412231,-0.04381097853183746,-0.42047590017318726,-0.5153582096099854,-0.015011033043265343
Right,Natural,0.0,0.0,0.0,0.2326170802116394,-0.2821844518184662,0.0009049969376064837,0.2498503029346466,-0.5829471349716187,-0.017528638243675232,0.12164352834224701,-0.7262876629829407,-0.036959968507289886,-0.033023539930582047,-0.749623715877533,-0.057923562824726105,0.20950330793857574,-0.9778053760528564,0.0022292360663414,0.12160799652338028,-0.9150266051292419,-0.0293034166097641,0.1133716031908989,-0.7460326552391052,-0.08058574050664902,0.13332290947437286,-0.6240688562393188,-0.11925922334194183,-0.013425558805465698,-0.9853116869926453,-0.020578959956765175,-0.06388983875513077,-0.9075276255607605,-0.01066476572304964,-0.05559472367167473,-0.7434050440788269,-0.02623450569808483,-0.029144061729311943,-0.6169087886810303,-0.04702610522508621,-0.22545276582241058,-0.8794811964035034,-0.04178883507847786,-0.25051724910736084,-0.8075945377349854,-0.04510059952735901,-0.22159869968891144,-0.6578689217567444,-0.041905250400304794,-0.18117250502109528,-0.5443181395530701,-0.04574642330408096,-0.4073955714702606,-0.7333127856254578,-0.06277526170015335,-0.41671687364578247,-0.6988102793693542,-0.07488267868757248,-0.3795076608657837,-0.5608516335487366,-0.0483076348900795,-0.34610438346862793,-0.46242278814315796,-0.020901178941130638
Right,Natural,0.0,0.0,0.0,-0.20634932816028595,-0.00019408737716730684,-0.03982582315802574,-0.4507703185081482,-0.1710076481103897,-0.05480247735977173,-0.5625498294830322,-0.4125554859638214,-0.08004594594240189,-0.47555166482925415,-0.6010143160820007,-0.10751929134130478,-0.3747330904006958,-0.4672040343284607,0.04428600147366524,-0.47187158465385437,-0.6431377530097961,-0.01705855131149292,-0.5155138373374939,-0.7578766345977783,-0.06519285589456558,-0.5308180451393127,-0.841695249080658,-0.0989002138376236,-0.25075921416282654,-0.5382943749427795,0.02209608443081379,-0.3585275411605835,-0.6600553393363953,-0.10409711301326752,-0.2873043119907379,-0.43036577105522156,-0.1420844942331314,-0.21181006729602814,-0.22475169599056244,-0.1253642588853836,-0.10658323019742966,-0.5844045877456665,-0.012822299264371395,-0.22382256388664246,-0.6829026937484741,-0.1537938117980957,-0.1478562355041504,-0.4317431151866913,-0.13728643953800201,-0.07529682666063309,-0.23010966181755066,-0.0763435959815979,0.05237766355276108,-0.6081916689872742,-0.04899473860859871,-0.07673433423042297,-0.6912094950675964,-0.15124718844890594,-0.041223566979169846,-0.5003748536109924,-0.13125595450401306,0.015466059558093548,-0.3430749773979187,-0.08551555871963501
Right,Natural,0.0,0.0,0.0,-0.1919349581003189,-0.04355037584900856,-0.14251358807086945,-0.3645029067993164,-0.10196390748023987,-0.26873141527175903,-0.48942697048187256,-0.1191539466381073,-0.37720629572868347,-0.5150413513183594,-0.12471199780702591,-0.45964083075523376,-0.44757279753685,-0.8766535520553589,-0.17651383578777313,-0.5464714169502258,-0.4050534963607788,-0.32848063111305237,-0.4585973918437958,-0.2268686592578888,-0.4185014069080353,-0.38752657175064087,-0.31954723596572876,-0.47634801268577576,-0.2500093877315521,-0.8905308842658997,-0.185556098818779,-0.36910027265548706,-0.3385251760482788,-0.3171573877334595,-0.28540143370628357,-0.1722956746816635,-0.34283724427223206,-0.22959506511688232,-0.26142174005508423,-0.3519349694252014,-0.05315238609910011,-0.8119455575942993,-0.21282511949539185,-0.17884461581707,-0.29349270462989807,-0.31610724329948425,-0.11782128363847733,-0.1472207009792328,-0.26318445801734924,-0.07383408397436142,-0.2396756410598755,-0.22025281190872192,0.13641348481178284,-0.6806936860084534,-0.2609107792377472,0.024933071807026863,-0.28665438294410706,-0.31608501076698303,0.05998225510120392,-0.19176040589809418,-0.28088295459747314,0.10330300778150558,-0.27619805932044983,-0.24230091273784637
Right,Natural,0.0,0.0,0.0,-0.2907916009426117,-0.12487691640853882,-0.016981467604637146,-0.5286177396774292,-0.3264651894569397,-0.03587836027145386,-0.6286332607269287,-0.6180746555328369,-0.08284996449947357,-0.5267781019210815,-0.8412761092185974,-0.12148786336183548,-0.4302830100059509,-0.6526067852973938,0.12418384104967117,-0.5168768167495728,-0.8310976624488831,0.0060089826583862305,-0.46703070402145386,-0.6207508444786072,-0.08804360777139664,-0.4010639488697052,-0.40929609537124634,-0.1279085874557495,-0.2834315598011017,-0.705159604549408,0.08729512244462967,-0.38867464661598206,-0.8724349737167358,-0.03661706671118736,-0.32442283630371094,-0.6117829084396362,-0.10017090290784836,-0.25749799609184265,-0.3759756088256836,-0.10462988168001175,-0.11955074965953827,-0.7434569001197815,0.027805542573332787,-0.24263112246990204,-0.9002965092658997,-0.10047787427902222,-0.18180672824382782,-0.6177433729171753,-0.09328755736351013,-0.1170012578368187,-0.3695651888847351,-0.041372667998075485,0.06224943324923515,-0.7447178363800049,-0.03439075127243996,-0.07947615534067154,-0.8890971541404724,-0.11451851576566696,-0.05971301347017288,-0.684320867061615,-0.0848088338971138,-0.011793754994869232,-0.49104979634284973,-0.0318591445684433
Right,Natural,0.0,0.0,0.0,-0.2740371823310852,-0.12625369429588318,-0.0787750631570816,-0.5341258645057678,-0.32659509778022766,-0.13554775714874268,-0.6654995083808899,-0.563792884349823,-0.19919857382774353,-0.5889723896980286,-0.7694545984268188,-0.24708512425422668,-0.378512978553772,-0.900557816028595,0.018164368346333504,-0.5295432209968567,-0.8278164863586426,-0.11593231558799744,-0.44430670142173767,-0.5411299467086792,-0.2184378057718277,-0.3554796874523163,-0.3258143365383148,-0.2676053047180176,-0.21079382300376892,-0.9589260220527649,0.0014493110356852412,-0.38346508145332336,-0.8780151009559631,-0.1373971551656723,-0.302636981010437,-0.5437330603599548,-0.19555439054965973,-0.22362904250621796,-0.3019839823246002,-0.19882583618164062,-0.03452729806303978,-0.9517210721969604,-0.03721585497260094,-0.2132396697998047,-0.8549392223358154,-0.18312968313694,-0.1447884440422058,-0.5206338167190552,-0.16682831943035126,-0.07799631357192993,-0.2855052947998047,-0.10982115566730499,0.146025151014328,-0.8852525353431702,-0.08417646586894989,-0.025528045371174812,-0.8178129196166992,-0.18186697363853455,-0.009943021461367607,-0.5725977420806885,-0.15296044945716858,0.03294731676578522,-0.399553507566452,-0.09673435240983963
Right,Natural,0.0,0.0,0.0,0.22689609229564667,-0.27530524134635925,0.020449573174118996,0.2771166265010834,-0.5556861162185669,0.009998367168009281,0.19904862344264984,-0.6910247802734375,-0.009809623472392559,0.08493264019489288,-0.7448240518569946,-0.03350655362010002,0.24343827366828918,-0.9685244560241699,0.03291071206331253,0.10751153528690338,-0.9367168545722961,0.006686470005661249,0.08615543693304062,-0.7728350758552551,-0.04548356682062149,0.12011123448610306,-0.6468602418899536,-0.08614864945411682,0.02750435285270214,-0.9996179938316345,-0.0026965574361383915,-0.08020578324794769,-0.9498521089553833,0.0035511839669197798,-0.08661189675331116,-0.7790616750717163,-0.02092965878546238,-0.04486130177974701,-0.6409726738929749,-0.043927520513534546,-0.19124120473861694,-0.9168829917907715,-0.03551020845770836,-0.2755061686038971,-0.8562749624252319,-0.03962518274784088,-0.2597164213657379,-0.6898220777511597,-0.04308781772851944,-0.20513609051704407,-0.571931779384613,-0.05103907361626625,-0.38593828678131104,-0.7825607061386108,-0.06710433959960938,-0.45128142833709717,-0.7164374589920044,-0.08660589158535004,-0.42351895570755005,-0.5516629815101624,-0.06681869179010391,-0.37276801466941833,-0.445908784866333,-0.04165681451559067
Right,Natural,0.0,0.0,0.0,-0.2922704219818115,-0.14119865000247955,-0.021237989887595177,-0.5108852386474609,-0.3418210446834564,-0.049195364117622375,-0.626239001750946,-0.6214253902435303,-0.10336628556251526,-0.5185831189155579,-0.8354204297065735,-0.14665254950523376,-0.4216017723083496,-0.6368802785873413,0.09379892796278,-0.5039459466934204,-0.8630970120429993,-0.03319566324353218,-0.4629223644733429,-0.6635631918907166,-0.12403994798660278,-0.40451642870903015,-0.4649134874343872,-0.15978513658046722,-0.2747493386268616,-0.6783384680747986,0.05689382553100586,-0.37004807591438293,-0.8718428015708923,-0.07482842355966568,-0.3107598125934601,-0.6239801645278931,-0.1288948506116867,-0.24715515971183777,-0.4034093916416168,-0.12643131613731384,-0.11729927361011505,-0.7085269093513489,-0.0020613018423318863,-0.2326265275478363,-0.8796511888504028,-0.12810534238815308,-0.18293370306491852,-0.6262615919113159,-0.11401074379682541,-0.12338706851005554,-0.40145257115364075,-0.05877923220396042,0.05829454958438873,-0.7114574909210205,-0.06439373642206192,-0.0749463215470314,-0.8607044219970703,-0.12732245028018951,-0.06584198772907257,-0.6770338416099548,-0.09024001657962799,-0.02528584562242031,-0.498976469039917,-0.0361906997859478
Right,Natural,0.0,0.0,0.0,-0.23558878898620605,-0.10070355236530304,-0.08796393126249313,-0.43429961800575256,-0.22334980964660645,-0.1703978329896927,-0.5613381266593933,-0.26759880781173706,-0.24843241274356842,-0.5584170818328857,-0.24181228876113892,-0.309110552072525,-0.40367138385772705,-0.9113519191741943,-0.08054244518280029,-0.5347638726234436,-0.5169922709465027,-0.2063116729259491,-0.46020036935806274,-0.3385778069496155,-0.29213547706604004,-0.39141571521759033,-0.3947458565235138,-0.34542015194892883,-0.21276576817035675,-0.9106844067573547,-0.10369232296943665,-0.3789002299308777,-0.4512025713920593,-0.20379260182380676,-0.31661078333854675,-0.2832290232181549,-0.22829465568065643,-0.26818662881851196,-0.32463380694389343,-0.23653480410575867,-0.031580109149217606,-0.8283805847167969,-0.14306093752384186,-0.20291341841220856,-0.3999254107475281,-0.2268056869506836,-0.15871620178222656,-0.24023942649364471,-0.18849827349185944,-0.11935999244451523,-0.2773127853870392,-0.1520390510559082,0.14144249260425568,-0.705214262008667,-0.19720987975597382,-0.006543423980474472,-0.3803936541080475,-0.23122292757034302,0.010638431645929813,-0.2584514021873474,-0.1919882595539093,0.049718379974365234,-0.28852328658103943,-0.15057037770748138
Right,Natural,0.0,0.0,0.0,-0.27730414271354675,-0.059947215020656586,-0.11575790494680405,-0.49955374002456665,-0.128774031996727,-0.22638407349586487,-0.6438140869140625,-0.08761043846607208,-0.3251008987426758,-0.7214094996452332,0.01625181920826435,-0.4072699546813965,-0.4891197979450226,-0.855117678642273,-0.17185932397842407,-0.6440313458442688,-0.2557256817817688,-0.3216460943222046,-0.5524505376815796,-0.21914270520210266,-0.4319460988044739,-0.46295541524887085,-0.38839927315711975,-0.49867504835128784,-0.22698195278644562,-0.825636088848114,-0.1928904801607132,-0.40201449394226074,-0.1813770830631256,-0.28443729877471924,-0.3232225477695465,-0.21183544397354126,-0.31002524495124817,-0.2697937786579132,-0.40354135632514954,-0.3298080861568451,0.017285676673054695,-0.7017573714256287,-0.22877183556556702,-0.17771460115909576,-0.11766581982374191,-0.2986757755279541,-0.10842693597078323,-0.1460021436214447,-0.25355225801467896,-0.04859249293804169,-0.3347337245941162,-0.21807493269443512,0.23588281869888306,-0.5294688940048218,-0.28460264205932617,0.07657484710216522,-0.09385786950588226,-0.3173339068889618,0.11373497545719147,-0.1092069074511528,-0.27734410762786865,0.1775764375925064,-0.26415538787841797,-0.23694171011447906
Right,Natural,0.0,0.0,0.0,-0.2383335828781128,-0.014042899943888187,-0.1630082130432129,-0.4354568123817444,-0.019433191046118736,-0.30388835072517395,-0.5643811821937561,0.08128635585308075,-0.42595481872558594,-0.5976744294166565,0.22875985503196716,-0.5304777026176453,-0.5477014780044556,-0.8031152486801147,-0.23458240926265717,-0.5996053218841553,-0.1579139530658722,-0.3970947563648224,-0.5029781460762024,0.015658095479011536,-0.506922721862793,-0.4478403627872467,-0.09504035115242004,-0.5767568349838257,-0.26533272862434387,-0.8291885256767273,-0.2438095211982727,-0.33856794238090515,-0.12675659358501434,-0.3601034879684448,-0.2705551087856293,-0.012370159849524498,-0.3952735960483551,-0.2424105852842331,-0.1485014259815216,-0.41976264119148254,0.004000545479357243,-0.7352710962295532,-0.26824766397476196,-0.08884679526090622,-0.09373219311237335,-0.36341339349746704,-0.04407970607280731,-0.02420586161315441,-0.3286590278148651,-0.02187490463256836,-0.17985112965106964,-0.3002575635910034,0.24071499705314636,-0.5863829851150513,-0.31337815523147583,0.17043939232826233,-0.07810759544372559,-0.36134907603263855,0.19015677273273468,-0.032953064888715744,-0.3254195749759674,0.22281382977962494,-0.17345695197582245,-0.2874288856983185
Right,Natural,0.0,0.0,0.0,-0.2761908173561096,-0.05611582100391388,-0.04053041338920593,-0.5437231659889221,-0.296907514333725,-0.06808275729417801,-0.6314936876296997,-0.6209712624549866,-0.11134567856788635,-0.4933250844478607,-0.8563384413719177,-0.15269199013710022,-0.4700140655040741,-0.6122616529464722,0.03977106884121895,-0.5822067260742188,-0.7874550223350525,-0.07859956473112106,-0.5850406289100647,-0.6932724118232727,-0.16846728324890137,-0.5564858913421631,-0.591665506362915,-0.21326442062854767,-0.30310744047164917,-0.6889790892601013,0.008340633474290371,-0.39358124136924744,-0.8753829002380371,-0.13502530753612518,-0.32239973545074463,-0.6010658144950867,-0.18675753474235535,-0.24597513675689697,-0.3677596151828766,-0.17684021592140198,-0.11877646297216415,-0.7253408432006836,-0.0403619185090065,-0.21925365924835205,-0.8905560374259949,-0.18567802011966705,-0.14690500497817993,-0.5841334462165833,-0.163008913397789,-0.07377275824546814,-0.3347539007663727,-0.09662169963121414,0.076085165143013,-0.7227402925491333,-0.09229416400194168,-0.03345414251089096,-0.8716897964477539,-0.18518610298633575,-0.00793817825615406,-0.6475124955177307,-0.1494949907064438,0.039765167981386185,-0.45886877179145813,-0.09150025248527527
Right,Natural,0.0,0.0,0.0,0.27848702669143677,-0.23999880254268646,0.03506370261311531,0.3388078510761261,-0.5600805878639221,0.05183100327849388,0.22684824466705322,-0.73598712682724,0.05978759378194809,0.0568467453122139,-0.778057873249054,0.060202959924936295,0.27464690804481506,-0.9446163177490234,0.0751430094242096,0.2158994823694229,-0.8948177099227905,0.07169989496469498,0.19551998376846313,-0.747965395450592,0.03194618597626686,0.1949768215417862,-0.6237395405769348,-0.00033551844535395503,0.05821054428815842,-0.9971936345100403,0.04707975685596466,0.009400474838912487,-0.9221182465553284,0.08676664531230927,0.00417257659137249,-0.7686328887939453,0.07255571335554123,0.01807292550802231,-0.6346395611763,0.05014512687921524,-0.15486982464790344,-0.9262605309486389,0.021858232095837593,-0.1945270150899887,-0.8719844222068787,0.0486174151301384,-0.17795737087726593,-0.7178464531898499,0.05338598042726517,-0.15277284383773804,-0.597054123878479,0.04364784061908722,-0.34111958742141724,-0.7929258942604065,-0.0006156663876026869,-0.3678092360496521,-0.7613609433174133,0.009145498275756836,-0.33990007638931274,-0.6155678033828735,0.041181374341249466,-0.31318309903144836,-0.5108876824378967,0.0685286596417427
Right,Natural,0.0,0.0,0.0,0.2596500813961029,-0.2870367765426636,0.05950532481074333,0.30194443464279175,-0.5765737295150757,0.08980061113834381,0.18235337734222412,-0.7171449065208435,0.10601923614740372,0.029018182307481766,-0.7416767477989197,0.11635074764490128,0.26046836376190186,-0.9400807619094849,0.1187828779220581,0.17625325918197632,-0.9536057114601135,0.14685730636119843,0.14992409944534302,-0.7964440584182739,0.1282808631658554,0.1686345785856247,-0.6733968257904053,0.10693821310997009,0.04434000700712204,-0.9951186776161194,0.08816318958997726,-0.016659125685691833,-0.9352242946624756,0.15218272805213928,-0.02825520746409893,-0.7726346850395203,0.13851560652256012,0.002842140616849065,-0.6452764868736267,0.11598726361989975,-0.16312654316425323,-0.9244250059127808,0.06360488384962082,-0.21310760080814362,-0.8555349111557007,0.1101449728012085,-0.19879403710365295,-0.7004449367523193,0.10140570998191833,-0.15563417971134186,-0.5884853005409241,0.08172518014907837,-0.34920400381088257,-0.8011201024055481,0.04425014555454254,-0.38507989048957825,-0.7546768188476562,0.0669500082731247,-0.3619886040687561,-0.6066668629646301,0.09044042974710464,-0.3246895968914032,-0.5020599961280823,0.11198350787162781
Right,Natural,0.0,0.0,0.0,-0.2767052948474884,-0.10154341161251068,-0.015724951401352882,-0.5270410180091858,-0.32336485385894775,-0.032310131937265396,-0.6180012822151184,-0.625165581703186,-0.07357713580131531,-0.5052686929702759,-0.8559327721595764,-0.10992089658975601,-0.40147140622138977,-0.6567159295082092,0.08617744594812393,-0.48329418897628784,-0.8492113947868347,-0.025888880714774132,-0.4508185386657715,-0.64826899766922,-0.11416424810886383,-0.39578527212142944,-0.42248469591140747,-0.15281942486763,-0.24839352071285248,-0.7135339379310608,0.048848941922187805,-0.3528237044811249,-0.9038117527961731,-0.06183644384145737,-0.3035613000392914,-0.6450989246368408,-0.11632848531007767,-0.23754285275936127,-0.39156264066696167,-0.11930473148822784,-0.0788336917757988,-0.749535322189331,-0.006853714119642973,-0.203261598944664,-0.9246723055839539,-0.12676122784614563,-0.1533988118171692,-0.6398181915283203,-0.11380953341722488,-0.08812062442302704,-0.3832366466522217,-0.0627020001411438,0.10546481609344482,-0.7475407719612122,-0.06442335247993469,-0.03356963396072388,-0.9084610342979431,-0.145089790225029,-0.02214692160487175,-0.6951579451560974,-0.11314032971858978,0.025264538824558258,-0.4911240041255951,-0.061518341302871704
Right,Natural,0.0,0.0,0.0,-0.2588488459587097,-0.08861321210861206,-0.032034628093242645,-0.5099794864654541,-0.31884336471557617,-0.05473322421312332,-0.598260223865509,-0.6179962158203125,-0.09746713936328888,-0.4922269880771637,-0.8602889776229858,-0.13272325694561005,-0.36764058470726013,-0.6668072938919067,0.06709309667348862,-0.44921043515205383,-0.8448209762573242,-0.05243425816297531,-0.42579206824302673,-0.6301563382148743,-0.13963310420513153,-0.3812761902809143,-0.39695507287979126,-0.17540901899337769,-0.2122313231229782,-0.7173469662666321,0.03657565265893936,-0.3234381377696991,-0.9023224115371704,-0.08448490500450134,-0.27983540296554565,-0.6185864806175232,-0.13803237676620483,-0.21762894093990326,-0.357970654964447,-0.13599203526973724,-0.035949964076280594,-0.7446354031562805,-0.013410490937530994,-0.17017501592636108,-0.9224439859390259,-0.1456529200077057,-0.12723876535892487,-0.6083046793937683,-0.13169293105602264,-0.06531573832035065,-0.3417719900608063,-0.07503601163625717,0.15799328684806824,-0.7339602708816528,-0.06538044661283493,0.011382403783500195,-0.8850917816162109,-0.15767724812030792,0.012025991454720497,-0.6618059873580933,-0.12862657010555267,0.05321880802512169,-0.4554515779018402,-0.07523519545793533
Right,Natural,0.0,0.0,0.0,0.2910890281200409,-0.22467650473117828,0.0007124080439098179,0.4188438057899475,-0.5256458520889282,-0.004547973163425922,0.3040145933628082,-0.7059942483901978,-0.010741332545876503,0.142351433634758,-0.7259728908538818,-0.01753859408199787,0.21453164517879486,-0.9763994812965393,0.024902112782001495,0.20589420199394226,-0.9197824597358704,0.013378229923546314,0.21235567331314087,-0.7579926252365112,-0.03281674534082413,0.2119077742099762,-0.6482146978378296,-0.06944942474365234,0.003105828072875738,-0.987908661365509,0.01110296230763197,0.01846340484917164,-0.8995608687400818,0.04540436714887619,0.03822401538491249,-0.7470457553863525,0.0245539341121912,0.04409843683242798,-0.6295193433761597,-0.004877310246229172,-0.18161465227603912,-0.8991784453392029,3.3334399631712586e-05,-0.15609486401081085,-0.8205999732017517,0.024657785892486572,-0.12260031700134277,-0.6855262517929077,0.020132891833782196,-0.10578739643096924,-0.5691924095153809,0.004313476849347353,-0.3386557400226593,-0.7749885320663452,-0.011142413131892681,-0.30962151288986206,-0.733989417552948,0.006883078254759312,-0.2734045386314392,-0.6059943437576294,0.03393402323126793,-0.2597675025463104,-0.5044180750846863,0.05544116720557213
Right,Natural,0.0,0.0,0.0,-0.2681478261947632,-0.08803937584161758,-0.014939043670892715,-0.4941364824771881,-0.32154905796051025,-0.02640758827328682,-0.5845814943313599,-0.5700505375862122,-0.055303432047367096,-0.6120366454124451,-0.7715785503387451,-0.07628416270017624,-0.39453259110450745,-0.6934477090835571,0.0424429327249527,-0.48004600405693054,-0.8753445148468018,-0.057686660438776016,-0.45298337936401367,-0.6601408123970032,-0.12675894796848297,-0.4035157263278961,-0.4468163549900055,-0.15188954770565033,-0.23947040736675262,-0.7311903238296509,0.009702268987894058,-0.3336947560310364,-0.8665035963058472,-0.09617694467306137,-0.2972136437892914,-0.5989492535591125,-0.13357971608638763,-0.25054025650024414,-0.3553871512413025,-0.12445063143968582,-0.07574216276407242,-0.7453052401542664,-0.03759907931089401,-0.19086182117462158,-0.8340941071510315,-0.14310666918754578,-0.15608054399490356,-0.5547057390213013,-0.12539371848106384,-0.1102931797504425,-0.31668993830680847,-0.07642900198698044,0.09900414198637009,-0.7285049557685852,-0.08607683330774307,-0.03194449841976166,-0.8033007383346558,-0.16004416346549988,-0.02884930931031704,-0.5860334038734436,-0.1302400678396225,0.005261253099888563,-0.3981212377548218,-0.0797751322388649
Right,Natural,0.0,0.0,0.0,-0.22320884466171265,-0.08469610661268234,-0.014819618314504623,-0.4163820743560791,-0.3340247869491577,-0.026118716225028038,-0.48804256319999695,-0.5603809952735901,-0.054944369941949844,-0.5193449854850769,-0.7401143312454224,-0.07754871994256973,-0.3677598834037781,-0.6968784332275391,0.04942363128066063,-0.48413726687431335,-0.808010458946228,-0.06277523934841156,-0.43547549843788147,-0.5786531567573547,-0.13780036568641663,-0.3653619885444641,-0.39079201221466064,-0.1673215925693512,-0.24322135746479034,-0.7504386305809021,0.009120844304561615,-0.4045414626598358,-0.9086646437644958,-0.10331842303276062,-0.35376420617103577,-0.6419510841369629,-0.13900180160999298,-0.2766062021255493,-0.43230947852134705,-0.12705688178539276,-0.0917920470237732,-0.7667233943939209,-0.047473907470703125,-0.2578703761100769,-0.8816338181495667,-0.16937336325645447,-0.2084108293056488,-0.5929338335990906,-0.1521868258714676,-0.13843074440956116,-0.38542991876602173,-0.10117807239294052,0.07934531569480896,-0.7446263432502747,-0.10497299581766129,-0.07467302680015564,-0.7514098882675171,-0.19843213260173798,-0.06008083373308182,-0.5307896733283997,-0.18035773932933807,-0.005855422001332045,-0.37666797637939453,-0.13713029026985168
Right,Natural,0.0,0.0,0.0,0.29585516452789307,-0.22582024335861206,0.03437352553009987,0.38481730222702026,-0.5250794887542725,0.05514059588313103,0.2798425853252411,-0.7041269540786743,0.06987445801496506,0.1177653819322586,-0.7316507697105408,0.07799111306667328,0.28890424966812134,-0.9456372261047363,0.07659509778022766,0.2624461054801941,-0.894386351108551,0.08887989073991776,0.2338273823261261,-0.7469671964645386,0.05883147567510605,0.2216031551361084,-0.6289265751838684,0.029562514275312424,0.06193620711565018,-0.9966558814048767,0.05330004543066025,0.05173114687204361,-0.948097825050354,0.10624950379133224,0.041754357516765594,-0.7924298644065857,0.09426888078451157,0.039233192801475525,-0.6495922803878784,0.07152926176786423,-0.14926515519618988,-0.9267798662185669,0.03469870984554291,-0.15454524755477905,-0.8632255792617798,0.06841230392456055,-0.1446271389722824,-0.7059022188186646,0.06374067813158035,-0.13528022170066833,-0.572167694568634,0.047562915831804276,-0.3311673700809479,-0.7970719337463379,0.01981819048523903,-0.33689722418785095,-0.7489424347877502,0.03250913321971893,-0.31625816226005554,-0.6048761606216431,0.05549364909529686,-0.3000698685646057,-0.4953790605068207,0.07597745954990387
Right,Natural,0.0,0.0,0.0,0.2321527600288391,-0.3225303888320923,0.05240368843078613,0.2634333670139313,-0.6313098073005676,0.072723887860775,0.15736517310142517,-0.777064859867096,0.07774963229894638,0.00885622389614582,-0.7980796694755554,0.07411307841539383,0.1993151307106018,-0.9736776351928711,0.11056870222091675,0.09626957774162292,-0.9483962655067444,0.1124020591378212,0.08103255182504654,-0.8032026886940002,0.07076779752969742,0.1076323464512825,-0.6849697232246399,0.037752967327833176,-0.007945931516587734,-0.9773771166801453,0.07590766996145248,-0.08223038911819458,-0.9298496842384338,0.10708248615264893,-0.08035048097372055,-0.7784004807472229,0.07661040127277374,-0.042700428515672684,-0.6395063400268555,0.04972756654024124,-0.20206934213638306,-0.871665894985199,0.045169398188591,-0.25199830532073975,-0.8365366458892822,0.07060066610574722,-0.22695358097553253,-0.6946191787719727,0.06214982643723488,-0.17995649576187134,-0.5785060524940491,0.04922022297978401,-0.3650658130645752,-0.7138153910636902,0.01838737167418003,-0.3882072865962982,-0.7061174511909485,0.035051532089710236,-0.3487294912338257,-0.5696598291397095,0.06392600387334824,-0.30360129475593567,-0.46645188331604004,0.0915607139468193
Right,Natural,0.0,0.0,0.0,-0.2537339925765991,-0.13889433443546295,-0.03608701005578041,-0.48308613896369934,-0.3770188093185425,-0.06968707591295242,-0.546561062335968,-0.6609498262405396,-0.11952418833971024,-0.39994996786117554,-0.8153045177459717,-0.15905745327472687,-0.33683982491493225,-0.7458369731903076,0.04364292323589325,-0.4131697416305542,-0.9071503281593323,-0.07980596274137497,-0.37542474269866943,-0.6657735705375671,-0.17013923823833466,-0.3217413127422333,-0.44387227296829224,-0.20964807271957397,-0.17756770551204681,-0.7701752185821533,0.011716648936271667,-0.27321404218673706,-0.918279767036438,-0.10586880147457123,-0.23715098202228546,-0.6330792903900146,-0.148553267121315,-0.188101127743721,-0.3968771994113922,-0.14300885796546936,-0.011562122963368893,-0.7579919099807739,-0.04010864347219467,-0.12807850539684296,-0.9159992337226868,-0.16035129129886627,-0.09808265417814255,-0.6254786849021912,-0.13567760586738586,-0.055069662630558014,-0.38579168915748596,-0.07836142182350159,0.15947763621807098,-0.6943967938423157,-0.09609200805425644,0.02942528761923313,-0.8182914853096008,-0.17783762514591217,0.02931053936481476,-0.6016364693641663,-0.14365313947200775,0.06210775300860405,-0.415876567363739,-0.08964506536722183
Right,Natural,0.0,0.0,0.0,-0.2475961148738861,-0.12256250530481339,-0.03755844756960869,-0.4697842299938202,-0.3316246569156647,-0.07521761953830719,-0.53318852186203,-0.5937162637710571,-0.13005246222019196,-0.3942192494869232,-0.755504310131073,-0.17848241329193115,-0.3408612906932831,-0.6988367438316345,0.04281006008386612,-0.4371701180934906,-0.8956463932991028,-0.08185132592916489,-0.438985139131546,-0.7487050294876099,-0.17476731538772583,-0.4119116961956024,-0.5768600106239319,-0.21771439909934998,-0.18725016713142395,-0.7352105379104614,0.009161665104329586,-0.28675907850265503,-0.8894359469413757,-0.11872220039367676,-0.255779892206192,-0.6130560040473938,-0.16825176775455475,-0.20658211410045624,-0.38584932684898376,-0.1648665964603424,-0.01786964014172554,-0.7303570508956909,-0.04413517564535141,-0.14019356667995453,-0.8962534070014954,-0.1735360026359558,-0.1124536544084549,-0.60584557056427,-0.15339159965515137,-0.06642313301563263,-0.37134692072868347,-0.09675047546625137,0.16182777285575867,-0.6771048903465271,-0.10136090964078903,0.030678661540150642,-0.7947272062301636,-0.18824617564678192,0.02919415943324566,-0.5823926329612732,-0.1565355509519577,0.06438078731298447,-0.40538501739501953,-0.10341572761535645
Right,Natural,0.0,0.0,0.0,-0.2609233558177948,-0.1215522512793541,-0.0612628310918808,-0.466506689786911,-0.25995010137557983,-0.1330224573612213,-0.6094895005226135,-0.3192579448223114,-0.2051171362400055,-0.6565347909927368,-0.34328311681747437,-0.2555592954158783,-0.37270694971084595,-0.9262902140617371,-0.055461544543504715,-0.6410731673240662,-0.555727481842041,-0.18368256092071533,-0.5447402000427246,-0.4291283190250397,-0.278128057718277,-0.4400511384010315,-0.4920210540294647,-0.33462756872177124,-0.2357494831085205,-0.8947629332542419,-0.0912051871418953,-0.5287207365036011,-0.4628085196018219,-0.18603336811065674,-0.4213469326496124,-0.38866284489631653,-0.21695712208747864,-0.3312228322029114,-0.47764429450035095,-0.2337108701467514,-0.10729169100522995,-0.7666204571723938,-0.14337758719921112,-0.38987571001052856,-0.36942964792251587,-0.21487310528755188,-0.2938794493675232,-0.31351587176322937,-0.1860635131597519,-0.2134060561656952,-0.3960834741592407,-0.16142824292182922,0.006293031387031078,-0.5673920512199402,-0.20892520248889923,-0.21396249532699585,-0.2703821063041687,-0.2521348297595978,-0.15093447268009186,-0.23652762174606323,-0.23196952044963837,-0.06969248503446579,-0.31006455421447754,-0.2046888917684555
Right,Natural,0.0,0.0,0.0,0.23720362782478333,-0.32137444615364075,0.08371743559837341,0.23585698008537292,-0.6204647421836853,0.13782237470149994,0.09807565063238144,-0.7705048322677612,0.1769820600748062,-0.058274269104003906,-0.7740503549575806,0.20774489641189575,0.1185428574681282,-0.9804167747497559,0.15725938975811005,0.0702207162976265,-0.9208693504333496,0.20457881689071655,0.07361733913421631,-0.7724111676216125,0.1924189180135727,0.08807937800884247,-0.661137580871582,0.17548169195652008,-0.10117558389902115,-0.9748882055282593,0.1267411857843399,-0.12804993987083435,-0.8908084034919739,0.21455532312393188,-0.11080934852361679,-0.7355890274047852,0.20460179448127747,-0.07810695469379425,-0.6110470294952393,0.1811167150735855,-0.29103460907936096,-0.8497053384780884,0.10454288125038147,-0.30222752690315247,-0.7798447012901306,0.17055732011795044,-0.26142585277557373,-0.63887619972229,0.1599588394165039,-0.22082103788852692,-0.5244478583335876,0.13603928685188293,-0.4467431604862213,-0.6777041554450989,0.09069816023111343,-0.4490942358970642,-0.6471107006072998,0.1323336958885193,-0.4008762836456299,-0.5184363722801208,0.15828156471252441,-0.36108478903770447,-0.4159412980079651,0.17837563157081604
Right,Sharp,0.0,0.0,0.0,-0.10813888162374496,-0.05177323892712593,-0.045678216964006424,-0.19171985983848572,-0.16157932579517365,-0.08064840734004974,-0.20821435749530792,-0.26380935311317444,-0.12181582301855087,-0.19038420915603638,-0.3656746745109558,-0.1625809371471405,-0.17881320416927338,-0.4821661412715912,-0.04603772237896919,-0.20983055233955383,-0.6990854740142822,-0.10805147886276245,-0.21709124743938446,-0.8430216908454895,-0.1465989202260971,-0.2204640805721283,-0.9601988792419434,-0.1715041995048523,-0.08453647047281265,-0.5060973167419434,-0.05922514945268631,-0.15608474612236023,-0.46938255429267883,-0.1630723476409912,-0.15944214165210724,-0.3038630485534668,-0.18945281207561493,-0.14591927826404572,-0.18663358688354492,-0.18040400743484497,0.0038315074052661657,-0.481001615524292,-0.07885842025279999,-0.07386764883995056,-0.3753011226654053,-0.17182791233062744,-0.06892209500074387,-0.21920011937618256,-0.15533636510372162,-0.05363384261727333,-0.12420853227376938,-0.11641740053892136,0.08759485930204391,-0.42581087350845337,-0.10383965075016022,0.013143805786967278,-0.3340696096420288,-0.15918493270874023,0.006039835978299379,-0.22013656795024872,-0.1400536745786667,0.019296148791909218,-0.15831945836544037,-0.1054326668381691
Right,Sharp,0.0,0.0,0.0,-0.13038121163845062,-0.0813480019569397,-0.023346515372395515,-0.2093231976032257,-0.2665906250476837,-0.03837363421916962,-0.21186771988868713,-0.43715691566467285,-0.0649743378162384,-0.19282126426696777,-0.5686201453208923,-0.09329130500555038,-0.14295907318592072,-0.4760798215866089,-0.0009890900691971183,-0.18053098022937775,-0.7095698714256287,-0.05379946157336235,-0.1963326334953308,-0.8556780815124512,-0.08741136640310287,-0.20643490552902222,-0.9722386598587036,-0.11016641557216644,-0.05590558424592018,-0.47275909781455994,-0.024695055559277534,-0.14961814880371094,-0.538268506526947,-0.13270890712738037,-0.15499453246593475,-0.3768537938594818,-0.16368360817432404,-0.1375453770160675,-0.2480742186307907,-0.15508820116519928,0.029816778376698494,-0.4528138339519501,-0.0545060858130455,-0.07068891078233719,-0.48947063088417053,-0.15963782370090485,-0.06448344141244888,-0.306037962436676,-0.1423041671514511,-0.0395207479596138,-0.1834624707698822,-0.09791678935289383,0.12069915980100632,-0.413188099861145,-0.08640487492084503,0.01680747978389263,-0.448406457901001,-0.15491236746311188,0.006638947408646345,-0.31514474749565125,-0.1345244199037552,0.027568502351641655,-0.22504635155200958,-0.09759628027677536
Right,Sharp,0.0,0.0,0.0,-0.16987106204032898,-0.15032051503658295,0.012080623768270016,-0.24257792532444,-0.3019838333129883,-0.013979795388877392,-0.30916595458984375,-0.424353688955307,-0.05530361831188202,-0.373719185590744,-0.515092134475708,-0.09602327644824982,-0.07804848253726959,-0.5658988952636719,0.014372860081493855,-0.15042409300804138,-0.7429852485656738,-0.024972667917609215,-0.18341873586177826,-0.8639151453971863,-0.05200085788965225,-0.20465007424354553,-0.9759304523468018,-0.0753529965877533,-0.055612266063690186,-0.5544627904891968,-0.023748304694890976,-0.28748539090156555,-0.5509608387947083,-0.08613304048776627,-0.28339773416519165,-0.43015623092651367,-0.09360247105360031,-0.2284497320652008,-0.3844069242477417,-0.08978049457073212,-0.0690629780292511,-0.4992820918560028,-0.06516266614198685,-0.2919809818267822,-0.45447808504104614,-0.11699584126472473,-0.26983776688575745,-0.33908921480178833,-0.09255963563919067,-0.210788756608963,-0.30736255645751953,-0.06950321793556213,-0.1069265827536583,-0.4228745996952057,-0.10919095575809479,-0.2728636562824249,-0.37019163370132446,-0.14593324065208435,-0.25473177433013916,-0.2737864553928375,-0.13431957364082336,-0.20524346828460693,-0.23895467817783356,-0.11797264963388443
Right,Sharp,0.0,0.0,0.0,-0.17130547761917114,-0.09724681824445724,0.00655609043315053,-0.24822492897510529,-0.24603301286697388,-0.007924294099211693,-0.29714909195899963,-0.35758650302886963,-0.03572694584727287,-0.3435294032096863,-0.4169238209724426,-0.06310639530420303,-0.1673358827829361,-0.545247495174408,0.015004792250692844,-0.22931872308254242,-0.7041187286376953,-0.029930610209703445,-0.2636635899543762,-0.8361698985099792,-0.06614118814468384,-0.2892102599143982,-0.9523900151252747,-0.0964910238981247,-0.15273834764957428,-0.5409268140792847,-0.017291000112891197,-0.3691421449184418,-0.45103180408477783,-0.08351369947195053,-0.3535423278808594,-0.32948100566864014,-0.10056714713573456,-0.2992762625217438,-0.29839324951171875,-0.10277338325977325,-0.1549689769744873,-0.47897839546203613,-0.05325273424386978,-0.3533581793308258,-0.3496958613395691,-0.11171991378068924,-0.31375372409820557,-0.24358294904232025,-0.09435145556926727,-0.2539752423763275,-0.23294639587402344,-0.07336259633302689,-0.16522173583507538,-0.3887064754962921,-0.09268089383840561,-0.3132437467575073,-0.26644256711006165,-0.13869427144527435,-0.2847626209259033,-0.17174629867076874,-0.13164758682250977,-0.2344827800989151,-0.15736041963100433,-0.11531548202037811
Right,Sharp,0.0,0.0,0.0,0.044948894530534744,-0.2137390673160553,0.011552893556654453,0.01330581959336996,-0.3767976760864258,0.000576786114834249,-0.058368030935525894,-0.42974478006362915,-0.01822161115705967,-0.12825657427310944,-0.42496028542518616,-0.04120688885450363,-0.05428124591708183,-0.5160568952560425,-0.030366580933332443,-0.08303222805261612,-0.7450183033943176,-0.051317308098077774,-0.10514967143535614,-0.8857207894325256,-0.06410974264144897,-0.1283232867717743,-0.9888894557952881,-0.07503877580165863,-0.14556466042995453,-0.48537203669548035,-0.04848256707191467,-0.14269840717315674,-0.48165103793144226,-0.06762798130512238,-0.1205444261431694,-0.40743914246559143,-0.06358931958675385,-0.1002962589263916,-0.3604845404624939,-0.061588019132614136,-0.21487709879875183,-0.4065234959125519,-0.06274689733982086,-0.19309525191783905,-0.389774352312088,-0.07038118690252304,-0.16533002257347107,-0.3297709822654724,-0.049087706953287125,-0.14481519162654877,-0.2860492765903473,-0.03736352175474167,-0.27162840962409973,-0.31972208619117737,-0.07797597348690033,-0.24904753267765045,-0.31169605255126953,-0.0740761086344719,-0.22099392116069794,-0.2643871009349823,-0.0496850349009037,-0.2058129906654358,-0.22706088423728943,-0.02900124341249466
Right,Sharp,0.0,0.0,0.0,0.04462452605366707,-0.2194807082414627,0.01575833559036255,0.01438983716070652,-0.38457709550857544,0.006114233750849962,-0.054341867566108704,-0.44092419743537903,-0.012139719910919666,-0.12466391921043396,-0.4359390437602997,-0.034747414290905,-0.05298203229904175,-0.5249228477478027,-0.02466695010662079,-0.08463896065950394,-0.7494246363639832,-0.04259451478719711,-0.1091090515255928,-0.8876556158065796,-0.05409121885895729,-0.1340499371290207,-0.9888609647750854,-0.06468891352415085,-0.14497919380664825,-0.4918558597564697,-0.0445358082652092,-0.14297784864902496,-0.4962863326072693,-0.05912699177861214,-0.11867337673902512,-0.4223072826862335,-0.05314311385154724,-0.09661918878555298,-0.372241348028183,-0.05089791491627693,-0.21462512016296387,-0.4091905653476715,-0.060311611741781235,-0.19216352701187134,-0.39801961183547974,-0.06499910354614258,-0.16354946792125702,-0.33846315741539,-0.04331685230135918,-0.14303429424762726,-0.29180440306663513,-0.03250284492969513,-0.27140167355537415,-0.3178640902042389,-0.07658887654542923,-0.2499735802412033,-0.3166331946849823,-0.07123126089572906,-0.22187131643295288,-0.2704325318336487,-0.046348489820957184,-0.20664821565151215,-0.23057393729686737,-0.02621600590646267
Right,Sharp,0.0,0.0,0.0,-0.14609426259994507,-0.12876106798648834,0.00011971304775215685,-0.19608160853385925,-0.30794596672058105,-0.009034228511154652,-0.21328230202198029,-0.4588557779788971,-0.032731831073760986,-0.21559134125709534,-0.5642609000205994,-0.057684510946273804,-0.10416573286056519,-0.5541152954101562,0.020822612568736076,-0.15975892543792725,-0.7292481064796448,-0.026744693517684937,-0.195848748087883,-0.8556336164474487,-0.06144743785262108,-0.2265435755252838,-0.96995609998703,-0.0886741578578949,-0.05600187927484512,-0.5580429434776306,-0.010986167006194592,-0.25759392976760864,-0.5555437803268433,-0.1036209985613823,-0.28226128220558167,-0.3830483555793762,-0.1281120479106903,-0.2603500187397003,-0.25205501914024353,-0.12138209491968155,-0.02362155355513096,-0.5154696702957153,-0.04762686416506767,-0.23399178683757782,-0.45353075861930847,-0.1309141218662262,-0.21720072627067566,-0.2899636924266815,-0.11416591703891754,-0.17018109560012817,-0.18088947236537933,-0.07955414056777954,-0.004466705024242401,-0.44319698214530945,-0.08740149438381195,-0.17399117350578308,-0.3726431131362915,-0.14504803717136383,-0.1708773970603943,-0.2523667812347412,-0.1361151486635208,-0.13225528597831726,-0.17824572324752808,-0.11219090968370438
Right,Sharp,0.0,0.0,0.0,-0.11776693910360336,-0.08838789910078049,-0.03462650626897812,-0.19544604420661926,-0.24614198505878448,-0.0591016560792923,-0.2043602019548416,-0.37125271558761597,-0.09145818650722504,-0.17667371034622192,-0.4599834978580475,-0.12434303015470505,-0.13528837263584137,-0.48977774381637573,-0.02966747246682644,-0.18097437918186188,-0.7155580520629883,-0.08656177669763565,-0.19831937551498413,-0.8536240458488464,-0.12125928699970245,-0.20964625477790833,-0.9670283794403076,-0.14458462595939636,-0.04333864897489548,-0.49001774191856384,-0.04889408499002457,-0.1214064434170723,-0.5512747764587402,-0.1605403572320938,-0.13540086150169373,-0.3911537826061249,-0.18830862641334534,-0.1321137249469757,-0.2564352750778198,-0.1758616417646408,0.046841565519571304,-0.46054568886756897,-0.07397526502609253,-0.0401836633682251,-0.4582693576812744,-0.17530177533626556,-0.050324708223342896,-0.2898465394973755,-0.1598905622959137,-0.04671304672956467,-0.17220760881900787,-0.11786465346813202,0.13489818572998047,-0.40664350986480713,-0.1026473417878151,0.04963116720318794,-0.387638658285141,-0.16467642784118652,0.022464603185653687,-0.2626015841960907,-0.14622896909713745,0.021638505160808563,-0.17793278396129608,-0.1117156594991684
Right,Sharp,0.0,0.0,0.0,-0.20709270238876343,-0.048956967890262604,-0.13530996441841125,-0.428676575422287,-0.17007972300052643,-0.23719921708106995,-0.5427877306938171,-0.24999503791332245,-0.3259248733520508,-0.4788859188556671,-0.30898162722587585,-0.3981742858886719,-0.351695716381073,-0.6820802092552185,-0.21063116192817688,-0.39206430315971375,-0.663108229637146,-0.3854321241378784,-0.4549780786037445,-0.6515389084815979,-0.49805521965026855,-0.5233956575393677,-0.6337926387786865,-0.5695295333862305,-0.1379656046628952,-0.7764909863471985,-0.21717862784862518,-0.2118426263332367,-0.2633349597454071,-0.4028738737106323,-0.24262884259223938,-0.01758178509771824,-0.43102702498435974,-0.23733383417129517,0.0390932522714138,-0.42221760749816895,0.06954910606145859,-0.6969220042228699,-0.24376623332500458,-0.0015240029897540808,-0.14270621538162231,-0.38728734850883484,-0.039247576147317886,-0.01126690674573183,-0.32369348406791687,-0.04607383534312248,-0.06927335262298584,-0.25784024596214294,0.25163137912750244,-0.5552085638046265,-0.2913273274898529,0.1693931221961975,-0.12282466888427734,-0.40025612711906433,0.131431445479393,-0.012906549498438835,-0.3752101957798004,0.13223202526569366,-0.0876985415816307,-0.3308306336402893
Right,Sharp,0.0,0.0,0.0,-0.10801728814840317,0.13267314434051514,0.007035361137241125,-0.15182113647460938,0.3420225977897644,-0.01380302757024765,-0.13406604528427124,0.5152521729469299,-0.03329357132315636,-0.07673242688179016,0.6274474859237671,-0.059439416974782944,-0.1740877777338028,0.42400917410850525,-0.10809943079948425,-0.14830806851387024,0.7019729018211365,-0.15269644558429718,-0.12397415935993195,0.8567895293235779,-0.17126798629760742,-0.09923145920038223,0.9778459072113037,-0.1843108981847763,-0.08110889047384262,0.38553518056869507,-0.1360488086938858,-0.004626214504241943,0.622072160243988,-0.17379936575889587,0.006345122586935759,0.5433840751647949,-0.1541135162115097,-0.013034100644290447,0.45124736428260803,-0.14244143664836884,0.020321989431977272,0.33030039072036743,-0.15820248425006866,0.0744657814502716,0.5506651997566223,-0.1887737661600113,0.07252731174230576,0.4722239673137665,-0.14324787259101868,0.051572684198617935,0.39062944054603577,-0.11460139602422714,0.11686821281909943,0.2681078314781189,-0.17876160144805908,0.14623889327049255,0.46018457412719727,-0.19759932160377502,0.13743847608566284,0.3994123041629791,-0.15972569584846497,0.12354732304811478,0.32227957248687744,-0.13251438736915588
Right,Sharp,0.0,0.0,0.0,-0.19934457540512085,0.15037108957767487,-0.16553884744644165,-0.4455726146697998,0.286569207906723,-0.287147581577301,-0.5557692050933838,0.3618161380290985,-0.3943919241428375,-0.5524810552597046,0.2915659248828888,-0.4839896857738495,-0.650295615196228,-0.1952604502439499,-0.27171579003334045,-0.6883795857429504,-0.1168503612279892,-0.46273812651634216,-0.7306031584739685,-0.11500125378370285,-0.5725433230400085,-0.7552974820137024,-0.12279321253299713,-0.643775999546051,-0.5089585185050964,-0.5031066536903381,-0.2757076025009155,-0.263235479593277,0.1882200688123703,-0.48578909039497375,-0.1550716757774353,0.4154024124145508,-0.4955221116542816,-0.1290585994720459,0.40668749809265137,-0.4688520133495331,-0.26577872037887573,-0.6392319798469543,-0.3031899631023407,-0.004751372151076794,0.03499578312039375,-0.46872952580451965,0.014472587034106255,0.14745157957077026,-0.3682295083999634,-0.03254229947924614,0.061111681163311005,-0.27191784977912903,-0.014629659242928028,-0.6902639269828796,-0.35692474246025085,0.16326704621315002,-0.16510529816150665,-0.5075471997261047,0.18031072616577148,-0.04294605180621147,-0.47919899225234985,0.1406804621219635,-0.12111202627420425,-0.4187026917934418
Right,Sharp,0.0,0.0,0.0,-0.128590926527977,-0.03640737012028694,-0.03515811637043953,-0.2429358959197998,-0.16992802917957306,-0.05739709362387657,-0.27345937490463257,-0.2921878695487976,-0.08653804659843445,-0.264973521232605,-0.3906727731227875,-0.1161104217171669,-0.24192684888839722,-0.42666351795196533,-0.03473465517163277,-0.3210909366607666,-0.652501106262207,-0.0920742005109787,-0.3641912341117859,-0.7895325422286987,-0.1271703541278839,-0.3994012176990509,-0.9041845202445984,-0.15142357349395752,-0.14659829437732697,-0.44758784770965576,-0.055765602737665176,-0.22129088640213013,-0.5220537781715393,-0.1652456521987915,-0.20180922746658325,-0.35292699933052063,-0.18994112312793732,-0.1758137345314026,-0.22116857767105103,-0.17697980999946594,-0.04569076746702194,-0.442481130361557,-0.08247403800487518,-0.10802534967660904,-0.4765523076057434,-0.1869031935930252,-0.08996627479791641,-0.29088565707206726,-0.1670619249343872,-0.0738406777381897,-0.1681235432624817,-0.12259005010128021,0.05911961570382118,-0.41656070947647095,-0.11187916994094849,-0.0024299398064613342,-0.42960023880004883,-0.17881985008716583,-0.009469619952142239,-0.2832103371620178,-0.15510933101177216,-0.004199176095426083,-0.18845447897911072,-0.11716167628765106
Right,Sharp,0.0,0.0,0.0,0.07437606900930405,-0.21615618467330933,0.022191297262907028,0.05260317400097847,-0.391404390335083,0.01825336366891861,-0.013853130862116814,-0.4602371156215668,0.004584204405546188,-0.09299508482217789,-0.464643657207489,-0.014523114077746868,0.03279750049114227,-0.5277235507965088,-0.012283437885344028,0.022432604804635048,-0.7564851641654968,-0.029372932389378548,0.013860385864973068,-0.8971573114395142,-0.038451675325632095,0.004145045764744282,-0.9989339113235474,-0.04597770795226097,-0.06257141381502151,-0.5188432335853577,-0.032843444496393204,-0.1147368848323822,-0.5464875102043152,-0.04878633841872215,-0.11220541596412659,-0.467383474111557,-0.041280921548604965,-0.08717293292284012,-0.4089915156364441,-0.03546151891350746,-0.1514395922422409,-0.4601154327392578,-0.049683988094329834,-0.17966501414775848,-0.4626501202583313,-0.05535326153039932,-0.16572462022304535,-0.394950270652771,-0.03425319492816925,-0.13928720355033875,-0.34119537472724915,-0.022078264504671097,-0.2285653054714203,-0.38703837990760803,-0.0660998523235321,-0.24102573096752167,-0.3841629922389984,-0.06185292452573776,-0.22147119045257568,-0.32032689452171326,-0.037761081010103226,-0.19974826276302338,-0.27147936820983887,-0.01699046790599823
Right,Sharp,0.0,0.0,0.0,0.030646834522485733,-0.2103259265422821,0.02858985960483551,-0.02237802930176258,-0.41242989897727966,0.029600227251648903,-0.11246250569820404,-0.5187535285949707,0.021452760323882103,-0.20688903331756592,-0.5220888257026672,0.008593348786234856,-0.06594980508089066,-0.567743182182312,-0.013558312319219112,-0.20040488243103027,-0.7500129342079163,-0.035527389496564865,-0.2904212474822998,-0.8546316027641296,-0.04638649523258209,-0.36048948764801025,-0.9309962391853333,-0.05738716945052147,-0.12474741041660309,-0.5209432244300842,-0.0401214063167572,-0.2946557402610779,-0.5064490437507629,-0.06531278043985367,-0.28494253754615784,-0.4225921034812927,-0.05708017945289612,-0.23351715505123138,-0.39085841178894043,-0.05240868404507637,-0.18940123915672302,-0.4323860704898834,-0.06310174614191055,-0.32137331366539,-0.3848799169063568,-0.07731717079877853,-0.2970748543739319,-0.31451907753944397,-0.054733533412218094,-0.2439790517091751,-0.30267301201820374,-0.044386912137269974,-0.2517390251159668,-0.3307320475578308,-0.08566218614578247,-0.3312382400035858,-0.2914910912513733,-0.09371274709701538,-0.30168044567108154,-0.2235133945941925,-0.07724084705114365,-0.25370633602142334,-0.2025316059589386,-0.06428618729114532
Right,Sharp,0.0,0.0,0.0,0.03893948718905449,-0.22482536733150482,0.03956835716962814,0.01581621542572975,-0.4121955633163452,0.04194492846727371,-0.0547754243016243,-0.5140261650085449,0.026404783129692078,-0.139071986079216,-0.5359122157096863,0.00578849483281374,0.015604781918227673,-0.5828242301940918,0.04147794842720032,-0.01416205707937479,-0.7754601240158081,0.02594202570617199,-0.026316629722714424,-0.8994184136390686,0.01443464681506157,-0.03193988651037216,-0.9994892477989197,0.001065148157067597,-0.03619097173213959,-0.5879338979721069,0.006170694716274738,-0.21872098743915558,-0.6161050796508789,-0.02210981212556362,-0.23499071598052979,-0.5196467638015747,-0.026417352259159088,-0.20427164435386658,-0.4669240117073059,-0.026522375643253326,-0.10359770804643631,-0.5438231229782104,-0.02816329337656498,-0.26965802907943726,-0.5251331925392151,-0.049951162189245224,-0.26235753297805786,-0.4257679581642151,-0.04312462359666824,-0.2181103527545929,-0.3897559642791748,-0.039151377975940704,-0.17215538024902344,-0.48019951581954956,-0.061314184218645096,-0.3064582943916321,-0.43408462405204773,-0.07954077422618866,-0.29625633358955383,-0.34041503071784973,-0.07644826918840408,-0.259212851524353,-0.2985321581363678,-0.07003515213727951
Right,Sharp,0.0,0.0,0.0,0.0655168816447258,-0.21202434599399567,0.031131643801927567,0.05281328782439232,-0.39880314469337463,0.03173033893108368,-0.004101338796317577,-0.4872205853462219,0.020069226622581482,-0.08878698199987411,-0.5048556923866272,0.0016058537876233459,0.0760139748454094,-0.5377282500267029,0.0024313500616699457,0.07154762744903564,-0.7518946528434753,-0.010603655129671097,0.06486203521490097,-0.8920098543167114,-0.020991528406739235,0.058475058525800705,-0.9977543354034424,-0.0326649472117424,-0.018936535343527794,-0.5507630705833435,-0.023252133280038834,-0.11908096075057983,-0.5736647248268127,-0.03396950662136078,-0.13106152415275574,-0.48676905035972595,-0.028753111138939857,-0.10402911901473999,-0.42869749665260315,-0.0280974879860878,-0.11890918016433716,-0.5057903528213501,-0.04503205046057701,-0.19479027390480042,-0.509453535079956,-0.04764902591705322,-0.1913605034351349,-0.4340639114379883,-0.026447461917996407,-0.16305145621299744,-0.380982369184494,-0.017847856506705284,-0.21326537430286407,-0.436014324426651,-0.06592775136232376,-0.2583426237106323,-0.4293065369129181,-0.06387102603912354,-0.24802173674106598,-0.3563401401042938,-0.041410285979509354,-0.22553284466266632,-0.30618855357170105,-0.02336876094341278
Right,Sharp,0.0,0.0,0.0,0.03902020305395126,-0.22104303538799286,-0.004940897226333618,-0.0034501771442592144,-0.39287349581718445,-0.013908488675951958,-0.09072400629520416,-0.4454279839992523,-0.025980839505791664,-0.16820137202739716,-0.4238582253456116,-0.041188303381204605,-0.14253632724285126,-0.5190115571022034,-0.030777644366025925,-0.19243092834949493,-0.7376818060874939,-0.04455149173736572,-0.23201651871204376,-0.8691925406455994,-0.055537160485982895,-0.2678614854812622,-0.9611196517944336,-0.06707686185836792,-0.2394997626543045,-0.4495071768760681,-0.03658665716648102,-0.20875833928585052,-0.4611329436302185,-0.05162668228149414,-0.16932819783687592,-0.3965434432029724,-0.05326968804001808,-0.14621607959270477,-0.3401201665401459,-0.05681464448571205,-0.2946101427078247,-0.33822011947631836,-0.03928101807832718,-0.25130903720855713,-0.3428676724433899,-0.047896858304739,-0.20760658383369446,-0.2947898507118225,-0.034543123096227646,-0.17844708263874054,-0.2431211918592453,-0.028521154075860977,-0.3326667249202728,-0.22447246313095093,-0.04334507882595062,-0.2967597544193268,-0.24126464128494263,-0.04802985489368439,-0.2524414360523224,-0.20632383227348328,-0.031875092536211014,-0.22485466301441193,-0.16204743087291718,-0.015720708295702934
Right,Sharp,0.0,0.0,0.0,0.04967785254120827,-0.20186465978622437,0.019826382398605347,0.017625629901885986,-0.386709064245224,0.012942872941493988,-0.056341253221035004,-0.47306984663009644,-0.0025243754498660564,-0.14079156517982483,-0.4853432774543762,-0.02305891178548336,0.027673019096255302,-0.5128850936889648,-0.021887335926294327,-0.0012691180454567075,-0.745032548904419,-0.05268076807260513,-0.02182847075164318,-0.8889093399047852,-0.06722817569971085,-0.038582347333431244,-0.996246337890625,-0.07749000191688538,-0.05520360916852951,-0.48360320925712585,-0.046500932425260544,-0.18182973563671112,-0.5766552686691284,-0.08514328300952911,-0.18366064131259918,-0.49645382165908813,-0.08091925829648972,-0.14594309031963348,-0.43871697783470154,-0.07119818776845932,-0.13995227217674255,-0.41605764627456665,-0.06787650287151337,-0.24277478456497192,-0.4728442430496216,-0.09475486725568771,-0.22390538454055786,-0.402416855096817,-0.07097842544317245,-0.18229421973228455,-0.36296308040618896,-0.050989650189876556,-0.21126702427864075,-0.3325262665748596,-0.08827092498540878,-0.26732906699180603,-0.3485558032989502,-0.10166566073894501,-0.24593670666217804,-0.28648659586906433,-0.08045653998851776,-0.2117079645395279,-0.25089308619499207,-0.05913719907402992
Right,Sharp,0.0,0.0,0.0,0.05236852169036865,-0.20375733077526093,0.025646628811955452,0.026397641748189926,-0.38772323727607727,0.022192124277353287,-0.04162897914648056,-0.47652730345726013,0.010234645567834377,-0.12477356195449829,-0.4960642158985138,-0.006472161505371332,0.051097843796014786,-0.4960281252861023,-0.015264037996530533,0.03298936039209366,-0.7402776479721069,-0.04100480675697327,0.017806755378842354,-0.886100172996521,-0.052056487649679184,0.005215750075876713,-0.9981417059898376,-0.06071269512176514,-0.033852219581604004,-0.48219069838523865,-0.04055437818169594,-0.15143051743507385,-0.6009585857391357,-0.07120242714881897,-0.1604626625776291,-0.5190570950508118,-0.06443973630666733,-0.12671412527561188,-0.46004581451416016,-0.055065304040908813,-0.12150842696428299,-0.4315209686756134,-0.061981406062841415,-0.22189347445964813,-0.511128842830658,-0.07899966090917587,-0.2112419605255127,-0.43585464358329773,-0.05232931300997734,-0.1733063906431198,-0.39222800731658936,-0.03389936685562134,-0.1981942355632782,-0.3645707964897156,-0.08232464641332626,-0.26002851128578186,-0.39207202196121216,-0.08841338008642197,-0.24359175562858582,-0.3269497752189636,-0.06503463536500931,-0.21188579499721527,-0.2886151671409607,-0.044589340686798096
Right,Sharp,0.0,0.0,0.0,-0.12769725918769836,-0.08424465358257294,-0.027166739106178284,-0.22259646654129028,-0.2776106297969818,-0.04103408753871918,-0.22620025277137756,-0.45296475291252136,-0.06287714838981628,-0.202200248837471,-0.5765528082847595,-0.08570071309804916,-0.17460693418979645,-0.5078128576278687,-0.0007024983642622828,-0.24176248908042908,-0.7073364853858948,-0.045214515179395676,-0.2837011516094208,-0.8353736400604248,-0.07664589583873749,-0.31838321685791016,-0.9424028992652893,-0.1025126650929451,-0.08068207651376724,-0.5234876275062561,-0.02314848080277443,-0.1849064826965332,-0.6181226372718811,-0.11360824853181839,-0.1926707774400711,-0.44945621490478516,-0.13705897331237793,-0.179655060172081,-0.3060377538204193,-0.12868940830230713,0.01861635036766529,-0.5014013648033142,-0.05200876295566559,-0.0978487879037857,-0.5706778168678284,-0.14515845477581024,-0.09650935977697372,-0.38387009501457214,-0.12455862760543823,-0.0762447863817215,-0.24344369769096375,-0.08443985134363174,0.12215661257505417,-0.4490078389644623,-0.0837642103433609,0.005612682551145554,-0.4664449691772461,-0.15502633154392242,-0.016122281551361084,-0.32229501008987427,-0.14015376567840576,-0.004720447584986687,-0.21484461426734924,-0.11058703064918518
Right,Sharp,0.0,0.0,0.0,-0.11794346570968628,-0.06185692921280861,-0.031478822231292725,-0.2154124230146408,-0.22318753600120544,-0.04547939822077751,-0.24359817802906036,-0.3716817796230316,-0.06641802936792374,-0.2403733879327774,-0.48339569568634033,-0.08774786442518234,-0.18457181751728058,-0.5024983286857605,-0.013086007907986641,-0.25042375922203064,-0.7032730579376221,-0.05980299040675163,-0.28604596853256226,-0.8342940211296082,-0.08685186505317688,-0.3107545077800751,-0.9444645047187805,-0.10685733705759048,-0.092618428170681,-0.5376424789428711,-0.029190003871917725,-0.2249418944120407,-0.5447300672531128,-0.12153766304254532,-0.2361694872379303,-0.3752671480178833,-0.13966555893421173,-0.21653012931346893,-0.24364353716373444,-0.125314861536026,-0.00017728659440763295,-0.5236720442771912,-0.0520872101187706,-0.13154713809490204,-0.4624371826648712,-0.14356422424316406,-0.11536035686731339,-0.28951889276504517,-0.12662674486637115,-0.08244747668504715,-0.17410270869731903,-0.08721598237752914,0.09189803898334503,-0.47522905468940735,-0.07892785966396332,-0.024309394881129265,-0.40153318643569946,-0.1424306482076645,-0.029840463772416115,-0.2663474678993225,-0.12982577085494995,-0.006374659948050976,-0.18008750677108765,-0.09997330605983734
Right,Sharp,0.0,0.0,0.0,-0.11943714320659637,-0.07998024672269821,-0.033547163009643555,-0.22165217995643616,-0.25194478034973145,-0.05278987064957619,-0.2389013022184372,-0.38792476058006287,-0.07846774905920029,-0.211883082985878,-0.48707133531570435,-0.10540860146284103,-0.15324777364730835,-0.5160101056098938,-0.017924554646015167,-0.22470490634441376,-0.7069777846336365,-0.07307050377130508,-0.2652752995491028,-0.8345506191253662,-0.11206820607185364,-0.29898130893707275,-0.9437561631202698,-0.14118915796279907,-0.05129631981253624,-0.5341578125953674,-0.03855178877711296,-0.1550375074148178,-0.6101723313331604,-0.1367628425359726,-0.16966377198696136,-0.4284150302410126,-0.15943869948387146,-0.16289806365966797,-0.2808373272418976,-0.14789792895317078,0.05159151554107666,-0.5066266059875488,-0.06646540015935898,-0.05609256774187088,-0.5264033675193787,-0.1618126481771469,-0.06526626646518707,-0.3311616778373718,-0.14126469194889069,-0.05753840133547783,-0.19039399921894073,-0.09942882508039474,0.15404927730560303,-0.4469352662563324,-0.09814441949129105,0.05337531119585037,-0.4399755299091339,-0.16445396840572357,0.018916919827461243,-0.293556809425354,-0.14670944213867188,0.016064267605543137,-0.19033725559711456,-0.11460497230291367
Right,Sharp,0.0,0.0,0.0,-0.11748064309358597,-0.09065328538417816,-0.02973112091422081,-0.20542031526565552,-0.25956234335899353,-0.04849374294281006,-0.22184686362743378,-0.3903014361858368,-0.07505824416875839,-0.19947977364063263,-0.49076029658317566,-0.10325014591217041,-0.1412387490272522,-0.5136575698852539,-0.017795849591493607,-0.19160960614681244,-0.7151963710784912,-0.07088024169206619,-0.21655923128128052,-0.8483985662460327,-0.10753399133682251,-0.23439277708530426,-0.962824285030365,-0.13427340984344482,-0.04772521182894707,-0.5228714346885681,-0.0378645658493042,-0.1575186401605606,-0.5764291286468506,-0.13758037984371185,-0.17630498111248016,-0.4060506522655487,-0.16272206604480743,-0.16802962124347687,-0.26695576310157776,-0.1529301106929779,0.04547053575515747,-0.49367302656173706,-0.06414318829774857,-0.06778041273355484,-0.5037062764167786,-0.15988022089004517,-0.07442779093980789,-0.32395413517951965,-0.14193113148212433,-0.06188914179801941,-0.19334088265895844,-0.10136660933494568,0.13799051940441132,-0.43622809648513794,-0.09369350969791412,0.03325548768043518,-0.4306042790412903,-0.1586068868637085,0.0019495600135996938,-0.2928955554962158,-0.14091679453849792,0.001748505630530417,-0.1925026923418045,-0.10805173963308334
Right,Sharp,0.0,0.0,0.0,-0.10965928435325623,-0.08831826597452164,-0.03057047910988331,-0.18892499804496765,-0.2650838792324066,-0.049909356981515884,-0.20198588073253632,-0.4056033492088318,-0.07801780104637146,-0.1782204955816269,-0.512432336807251,-0.1067068874835968,-0.111051544547081,-0.5186315774917603,-0.011446638032793999,-0.11775003373622894,-0.7362536787986755,-0.06543908268213272,-0.1111079752445221,-0.8727715015411377,-0.10072789341211319,-0.10171602666378021,-0.9869201183319092,-0.12506996095180511,-0.023589104413986206,-0.5183116793632507,-0.03165225684642792,-0.1400415152311325,-0.5717937350273132,-0.13601762056350708,-0.16759967803955078,-0.40699055790901184,-0.1630198359489441,-0.1637277901172638,-0.27355045080184937,-0.15220807492733002,0.06169050559401512,-0.48548460006713867,-0.058667778968811035,-0.05991144850850105,-0.4928413927555084,-0.1612875759601593,-0.06633853167295456,-0.3133300840854645,-0.145350381731987,-0.05224280059337616,-0.18811114132404327,-0.1028800681233406,0.14924593269824982,-0.42835086584091187,-0.08874107897281647,0.035503458231687546,-0.4198444187641144,-0.15926723182201385,0.008832835592329502,-0.28041931986808777,-0.1431843489408493,0.014682960696518421,-0.1811652034521103,-0.10840373486280441
Right,Sharp,0.0,0.0,0.0,-0.11626831442117691,-0.09004642069339752,-0.036385636776685715,-0.1997910887002945,-0.24856403470039368,-0.06241960823535919,-0.21942730247974396,-0.36983710527420044,-0.09598883241415024,-0.19913281500339508,-0.4724675416946411,-0.1304994523525238,-0.12195005267858505,-0.5178142189979553,-0.021718310192227364,-0.1369570791721344,-0.7232493758201599,-0.08208020776510239,-0.13080881536006927,-0.8631125092506409,-0.12399819493293762,-0.1190873235464096,-0.9810565114021301,-0.1527949571609497,-0.0343485027551651,-0.5225610136985779,-0.03971606865525246,-0.15394015610218048,-0.566093921661377,-0.14862623810768127,-0.17996132373809814,-0.39387285709381104,-0.17742452025413513,-0.17180398106575012,-0.2529672086238861,-0.16773797571659088,0.05087793990969658,-0.4920881688594818,-0.06538615375757217,-0.07072708755731583,-0.4846087694168091,-0.1693330556154251,-0.0784074068069458,-0.30625930428504944,-0.1538132280111313,-0.066156305372715,-0.1768350750207901,-0.11200392246246338,0.13860833644866943,-0.4341181516647339,-0.09495590627193451,0.02603854425251484,-0.4151563346385956,-0.1640874445438385,-0.0022590465378016233,-0.27976492047309875,-0.14831730723381042,-0.0006697253556922078,-0.1821906864643097,-0.11467819660902023
Right,Sharp,0.0,0.0,0.0,-0.11802516877651215,-0.08670232445001602,-0.030415335670113564,-0.2183971256017685,-0.2587081789970398,-0.04892740026116371,-0.24449816346168518,-0.3982263207435608,-0.07546722143888474,-0.23416602611541748,-0.5098811984062195,-0.10302387177944183,-0.16814778745174408,-0.5145158171653748,-0.012742942199110985,-0.25325775146484375,-0.7016159296035767,-0.06744159013032913,-0.30307021737098694,-0.8233838081359863,-0.1042662262916565,-0.3432283103466034,-0.9300270080566406,-0.1313169151544571,-0.07272899895906448,-0.5348815321922302,-0.03525427728891373,-0.19337229430675507,-0.5921280384063721,-0.13596169650554657,-0.20495492219924927,-0.41794925928115845,-0.16036908328533173,-0.19119001924991608,-0.2792764902114868,-0.14956118166446686,0.024529581889510155,-0.5125410556793213,-0.06491368263959885,-0.09944979846477509,-0.5122219920158386,-0.1643698513507843,-0.09327017515897751,-0.3200047016143799,-0.14491109549999237,-0.07158273458480835,-0.18684424459934235,-0.1024167388677597,0.12382974475622177,-0.4593966007232666,-0.09805566817522049,0.011433081701397896,-0.43902114033699036,-0.16601510345935822,-0.009179046377539635,-0.2930114269256592,-0.14818190038204193,0.0011781201465055346,-0.19262811541557312,-0.11521188169717789
Right,Sharp,0.0,0.0,0.0,-0.11043877899646759,-0.0781472772359848,-0.03777956962585449,-0.19728830456733704,-0.23951275646686554,-0.06078512594103813,-0.21359483897686005,-0.36878618597984314,-0.08847697824239731,-0.19280457496643066,-0.46460071206092834,-0.11743776500225067,-0.1261734515428543,-0.5001848340034485,-0.03372914716601372,-0.18525351583957672,-0.7056033611297607,-0.09153372049331665,-0.20936378836631775,-0.8454004526138306,-0.13102737069129944,-0.22560857236385345,-0.9610119462013245,-0.1598649024963379,-0.028307033702731133,-0.5170421600341797,-0.05012943223118782,-0.14738942682743073,-0.5578604936599731,-0.15257743000984192,-0.16989001631736755,-0.3787536323070526,-0.1754721850156784,-0.16408096253871918,-0.23449355363845825,-0.16385501623153687,0.06703305244445801,-0.482387900352478,-0.07308803498744965,-0.05706893652677536,-0.46700936555862427,-0.17121857404708862,-0.06526770442724228,-0.2865908145904541,-0.15283554792404175,-0.05092890188097954,-0.15629665553569794,-0.11206655204296112,0.15881909430027008,-0.413279265165329,-0.1001475602388382,0.047739505767822266,-0.3821357786655426,-0.17165035009384155,0.018501585349440575,-0.24742884933948517,-0.15867486596107483,0.025591449812054634,-0.15321661531925201,-0.12833161652088165
Right,Sharp,0.0,0.0,0.0,-0.10914992541074753,-0.08417858183383942,-0.04181111231446266,-0.18343037366867065,-0.24100342392921448,-0.07133062928915024,-0.19946002960205078,-0.37467002868652344,-0.10769812762737274,-0.1658831387758255,-0.47520530223846436,-0.14387646317481995,-0.09788031876087189,-0.5155792832374573,-0.02907632850110531,-0.09451103210449219,-0.73106849193573,-0.09151583164930344,-0.07466035336256027,-0.8705161213874817,-0.13237430155277252,-0.052212633192539215,-0.9857361316680908,-0.1599940061569214,-0.0092771602794528,-0.5173343420028687,-0.044283315539360046,-0.13124729692935944,-0.5426559448242188,-0.15568412840366364,-0.16388410329818726,-0.3768414258956909,-0.18387208878993988,-0.16146139800548553,-0.24732141196727753,-0.17316590249538422,0.07199525088071823,-0.47983431816101074,-0.06718077510595322,-0.057370103895664215,-0.4548262655735016,-0.1708647757768631,-0.06847827881574631,-0.28849655389785767,-0.1541597545146942,-0.05583343282341957,-0.17589019238948822,-0.11133795976638794,0.1514960527420044,-0.4144887626171112,-0.09480590373277664,0.03603612631559372,-0.37970560789108276,-0.162424236536026,0.012124589644372463,-0.2586888372898102,-0.14753276109695435,0.02022983320057392,-0.17978914082050323,-0.11380665004253387
Right,Sharp,0.0,0.0,0.0,-0.1012672558426857,-0.050075650215148926,-0.0425858348608017,-0.20184358954429626,-0.17506389319896698,-0.0712168738245964,-0.23562921583652496,-0.2752029299736023,-0.1047145202755928,-0.22853565216064453,-0.34954634308815,-0.1386427879333496,-0.16613776981830597,-0.4743584096431732,-0.05300290137529373,-0.21715830266475677,-0.6847851872444153,-0.11636098474264145,-0.24035130441188812,-0.8291752338409424,-0.15588384866714478,-0.25529977679252625,-0.9489997029304504,-0.18499071896076202,-0.059639330953359604,-0.5077832937240601,-0.07099597901105881,-0.15532690286636353,-0.4635069966316223,-0.1738201379776001,-0.16144531965255737,-0.27099478244781494,-0.19014908373355865,-0.1408003270626068,-0.1635160893201828,-0.17619331181049347,0.041319169104099274,-0.47495415806770325,-0.09612869471311569,-0.0517025850713253,-0.38201388716697693,-0.18678297102451324,-0.05794919282197952,-0.21748504042625427,-0.15799292922019958,-0.0406382791697979,-0.14848077297210693,-0.11513213068246841,0.13881567120552063,-0.40354037284851074,-0.12720222771167755,0.05531882867217064,-0.31340447068214417,-0.18141448497772217,0.02806413546204567,-0.19524328410625458,-0.15599170327186584,0.032672349363565445,-0.14966261386871338,-0.12095960974693298
Right,Sharp,0.0,0.0,0.0,-0.13100218772888184,-0.048287052661180496,-0.06657276302576065,-0.2715173363685608,-0.1824830025434494,-0.10752101242542267,-0.3658721446990967,-0.24381712079048157,-0.14684537053108215,-0.4308050870895386,-0.255885511636734,-0.18569639325141907,-0.24014435708522797,-0.5274615287780762,-0.09248185157775879,-0.3059309422969818,-0.6569390892982483,-0.16911189258098602,-0.3557327389717102,-0.7629409432411194,-0.2262698858976364,-0.39518415927886963,-0.8762845396995544,-0.2755991816520691,-0.09751489013433456,-0.6128281950950623,-0.10926303267478943,-0.1812959760427475,-0.3654251992702484,-0.2072279304265976,-0.1792256087064743,-0.15420709550380707,-0.22823460400104523,-0.14852315187454224,-0.11528963595628738,-0.23062895238399506,0.047054585069417953,-0.5644333958625793,-0.13502086699008942,-0.02244153432548046,-0.2802797853946686,-0.21524842083454132,-0.04566043242812157,-0.1280384510755539,-0.17932246625423431,-0.03606415539979935,-0.1407500058412552,-0.14724740386009216,0.18297389149665833,-0.4669024348258972,-0.17171160876750946,0.11524036526679993,-0.24051131308078766,-0.22862279415130615,0.07995852828025818,-0.12532417476177216,-0.2028217762708664,0.08118443191051483,-0.14043690264225006,-0.17392267286777496
Right,Sharp,0.0,0.0,0.0,-0.10235705226659775,-0.05670598894357681,-0.04212120920419693,-0.2023135870695114,-0.17038284242153168,-0.07479015737771988,-0.24397693574428558,-0.25769296288490295,-0.11279192566871643,-0.23855173587799072,-0.3359915614128113,-0.15127800405025482,-0.1578577607870102,-0.49184495210647583,-0.0514819361269474,-0.20841097831726074,-0.699735164642334,-0.1137632206082344,-0.2292853444814682,-0.8373530507087708,-0.15248169004917145,-0.24349597096443176,-0.9531547427177429,-0.17945966124534607,-0.05998251214623451,-0.5103376507759094,-0.06942658126354218,-0.1618950515985489,-0.49266523122787476,-0.17423808574676514,-0.17429450154304504,-0.30902254581451416,-0.19487851858139038,-0.15821070969104767,-0.18956129252910614,-0.1826370358467102,0.03246127814054489,-0.47554928064346313,-0.09396082907915115,-0.06727128475904465,-0.40471404790878296,-0.18833035230636597,-0.0726635605096817,-0.23951905965805054,-0.16517294943332672,-0.05776171758770943,-0.14877720177173615,-0.12338985502719879,0.1230810284614563,-0.4075227379798889,-0.12352311611175537,0.033418312668800354,-0.33749139308929443,-0.17958387732505798,0.010368332266807556,-0.21715591847896576,-0.15631553530693054,0.01653422974050045,-0.15587200224399567,-0.1210891380906105
Right,Sharp,0.0,0.0,0.0,-0.11973795294761658,-0.15174132585525513,0.008168612606823444,-0.16697771847248077,-0.31260934472084045,-0.006980666425079107,-0.19669857621192932,-0.4389428198337555,-0.03240153193473816,-0.22986377775669098,-0.5133742094039917,-0.05882776901125908,-0.06658214330673218,-0.5343061685562134,-0.01565227471292019,-0.1221841424703598,-0.7253546714782715,-0.06450202316045761,-0.1532590091228485,-0.8608866333961487,-0.09654698520898819,-0.180286705493927,-0.9757914543151855,-0.12380531430244446,-0.04241513833403587,-0.5057603120803833,-0.046233467757701874,-0.28027623891830444,-0.5182420611381531,-0.10974317789077759,-0.2989215552806854,-0.39874935150146484,-0.11421016603708267,-0.26188036799430847,-0.34554216265678406,-0.11138712614774704,-0.0515761636197567,-0.43409329652786255,-0.079218789935112,-0.28067177534103394,-0.40156397223472595,-0.13317397236824036,-0.26930609345436096,-0.296078085899353,-0.10459430515766144,-0.21669158339500427,-0.2639922797679901,-0.08011843264102936,-0.07700500637292862,-0.3412066400051117,-0.11467672139406204,-0.2570936381816864,-0.28681713342666626,-0.16046598553657532,-0.2537330090999603,-0.2001468390226364,-0.15063586831092834,-0.2094220370054245,-0.17540250718593597,-0.13477136194705963
Right,Sharp,0.0,0.0,0.0,0.08796429634094238,-0.2009706348180771,0.00748605839908123,0.08087273687124252,-0.3715771734714508,-0.0009125556098297238,0.017908815294504166,-0.44788414239883423,-0.014780592173337936,-0.061441197991371155,-0.4468652606010437,-0.032207049429416656,0.030997786670923233,-0.5043555498123169,-0.02808341011404991,0.02398141287267208,-0.7449468374252319,-0.04593798145651817,0.0161499734967947,-0.8895039558410645,-0.05492261424660683,0.0026582812424749136,-0.998062014579773,-0.06217055395245552,-0.07489921152591705,-0.4836616516113281,-0.040181465446949005,-0.08596908301115036,-0.5648702383041382,-0.05488256737589836,-0.07002351433038712,-0.49512580037117004,-0.047138214111328125,-0.0549912303686142,-0.42948684096336365,-0.04156976938247681,-0.16253459453582764,-0.4227326214313507,-0.04864140972495079,-0.14690393209457397,-0.48239901661872864,-0.04913492500782013,-0.12442978471517563,-0.4196825325489044,-0.022727658972144127,-0.11213121563196182,-0.35421112179756165,-0.008522838354110718,-0.2319514900445938,-0.34782689809799194,-0.057766757905483246,-0.20711618661880493,-0.39145463705062866,-0.04568946734070778,-0.17958305776119232,-0.34267279505729675,-0.015880322083830833,-0.16736045479774475,-0.290076345205307,0.006581202149391174
Right,Sharp,0.0,0.0,0.0,0.06758028268814087,-0.24880358576774597,-0.0014460945967584848,0.01607864908874035,-0.44908297061920166,-0.002034865552559495,-0.08503217995166779,-0.5503479242324829,0.00012070643424522132,-0.17315290868282318,-0.5529510974884033,0.0033131325617432594,-0.047856755554676056,-0.5177143216133118,-0.04876153543591499,-0.19175875186920166,-0.7411168813705444,-0.06274615973234177,-0.28103476762771606,-0.854767382144928,-0.06262291967868805,-0.354020893573761,-0.9331682324409485,-0.06217874214053154,-0.15522557497024536,-0.44818317890167236,-0.05201292410492897,-0.2134544849395752,-0.5866643786430359,-0.057498712092638016,-0.17853771150112152,-0.5425000190734863,-0.03911673277616501,-0.13886398077011108,-0.4775903820991516,-0.026619547978043556,-0.23744438588619232,-0.3623300790786743,-0.0520051084458828,-0.24592342972755432,-0.482369601726532,-0.03889036923646927,-0.213360995054245,-0.4322071075439453,-0.009908170439302921,-0.1891891211271286,-0.37137293815612793,0.002166201127693057,-0.30150264501571655,-0.27449703216552734,-0.05426155403256416,-0.2740672826766968,-0.3577881455421448,-0.030707206577062607,-0.23814791440963745,-0.32042261958122253,-0.003902565687894821,-0.2199380248785019,-0.2717433571815491,0.012087604962289333
Right,Sharp,0.0,0.0,0.0,0.11138805747032166,-0.22593331336975098,0.015955813229084015,0.1260894387960434,-0.4275413751602173,0.022736303508281708,0.05537218600511551,-0.5356468558311462,0.022741608321666718,-0.02596944198012352,-0.5547986030578613,0.0194628294557333,0.018988238647580147,-0.5881299376487732,0.01874217763543129,0.035005632787942886,-0.7869173884391785,0.028408849611878395,0.0319477915763855,-0.9075673222541809,0.02885345369577408,0.020360244438052177,-0.9995372295379639,0.022600864991545677,-0.09311316162347794,-0.5771348476409912,0.007910942658782005,-0.049597665667533875,-0.6099444627761841,0.017030496150255203,-0.02155536413192749,-0.5294433832168579,0.01921258121728897,-0.013997627422213554,-0.4618213176727295,0.01556618046015501,-0.1757969707250595,-0.5101186037063599,0.0009157416061498225,-0.12743672728538513,-0.5424824357032776,0.011411672458052635,-0.0929647907614708,-0.47436821460723877,0.024829700589179993,-0.07954172044992447,-0.4042770266532898,0.027490293607115746,-0.2431698739528656,-0.4315551519393921,-0.0055005052126944065,-0.21422144770622253,-0.4803125262260437,0.00770916510373354,-0.17730407416820526,-0.43437525629997253,0.029133303090929985,-0.15858326852321625,-0.3740510940551758,0.044975847005844116
Right,Sharp,0.0,0.0,0.0,0.10625067353248596,-0.1993950605392456,0.004872626159340143,0.10645066201686859,-0.38731852173805237,0.0020141855347901583,0.02875405177474022,-0.4579865634441376,-0.006328905466943979,-0.05624381825327873,-0.4601344168186188,-0.01845324970781803,0.04479743540287018,-0.5481142997741699,-0.01428186520934105,0.04055659845471382,-0.7568917870521545,-0.023826317861676216,0.030960362404584885,-0.8959311246871948,-0.032399389892816544,0.02070295251905918,-0.9988561868667603,-0.043101802468299866,-0.0625452920794487,-0.5531743168830872,-0.027572255581617355,-0.08272134512662888,-0.4999663233757019,-0.0360170416533947,-0.06980948895215988,-0.4127892255783081,-0.03548642247915268,-0.04694073647260666,-0.3573543429374695,-0.03796682134270668,-0.15968896448612213,-0.4876698851585388,-0.03823037073016167,-0.15991266071796417,-0.42574894428253174,-0.044132351875305176,-0.13611267507076263,-0.35504093766212463,-0.031183039769530296,-0.11099065840244293,-0.3097170293331146,-0.02617720142006874,-0.24481600522994995,-0.4032818078994751,-0.049796540290117264,-0.23887160420417786,-0.3623192310333252,-0.04954525828361511,-0.2123810201883316,-0.2985365092754364,-0.02918560430407524,-0.192619189620018,-0.2483692765235901,-0.011091718450188637
Right,Sharp,0.0,0.0,0.0,0.0824170708656311,-0.19256442785263062,0.0029630300123244524,0.07944192737340927,-0.37227770686149597,-0.0071030850522220135,0.020805709064006805,-0.49005070328712463,-0.018846748396754265,-0.05574886128306389,-0.5334896445274353,-0.03256562724709511,0.02575402334332466,-0.4831821322441101,-0.04606173560023308,-0.00984564982354641,-0.7382785081863403,-0.06765389442443848,-0.033963482826948166,-0.8880178332328796,-0.07555034011602402,-0.05965067818760872,-0.9949913024902344,-0.08021239936351776,-0.07993167638778687,-0.44811010360717773,-0.05518431216478348,-0.1096668392419815,-0.5671428442001343,-0.07505933195352554,-0.09132891148328781,-0.5083576440811157,-0.06445345282554626,-0.06878958642482758,-0.44107475876808167,-0.05497526004910469,-0.1665503978729248,-0.38561752438545227,-0.06012778356671333,-0.1680663526058197,-0.4763525426387787,-0.060151975601911545,-0.1450420469045639,-0.42871472239494324,-0.029045628383755684,-0.12635985016822815,-0.3689209818840027,-0.012138527818024158,-0.23618347942829132,-0.3158387243747711,-0.06629173457622528,-0.22053185105323792,-0.37751874327659607,-0.05283850431442261,-0.19433049857616425,-0.33410024642944336,-0.021733833476901054,-0.17863258719444275,-0.28681716322898865,0.0011251871474087238
Right,Sharp,0.0,0.0,0.0,-0.06890757381916046,-0.17639963328838348,0.02212686650454998,-0.09959857165813446,-0.3395310044288635,0.004291470628231764,-0.12112713605165482,-0.45861905813217163,-0.02377648465335369,-0.14634528756141663,-0.5225938558578491,-0.054178714752197266,0.003763524116948247,-0.521648645401001,-0.03767814859747887,-0.05625930801033974,-0.7212952375411987,-0.09580589085817337,-0.08612113445997238,-0.857986569404602,-0.13731016218662262,-0.11266150325536728,-0.9785984754562378,-0.17219898104667664,0.0330515019595623,-0.4693910479545593,-0.07598144561052322,-0.19720938801765442,-0.5450723767280579,-0.1343633383512497,-0.21673744916915894,-0.43749573826789856,-0.13213448226451874,-0.17626497149467468,-0.3934633731842041,-0.1312609314918518,0.02223566547036171,-0.38688403367996216,-0.11459016799926758,-0.20327377319335938,-0.4410296380519867,-0.15959203243255615,-0.20192460715770721,-0.3491784930229187,-0.1191643700003624,-0.14903512597084045,-0.31349462270736694,-0.09317168593406677,-0.007882452569901943,-0.294171541929245,-0.15446250140666962,-0.1878349483013153,-0.31605616211891174,-0.1946866810321808,-0.1956932544708252,-0.2486390322446823,-0.17744924128055573,-0.15417493879795074,-0.21886564791202545,-0.16075000166893005
Right,Sharp,0.0,0.0,0.0,-0.12643493711948395,-0.09279312193393707,-0.026419872418045998,-0.21728360652923584,-0.26564285159111023,-0.042619891464710236,-0.22018761932849884,-0.4064830541610718,-0.06590185314416885,-0.18403193354606628,-0.4960189759731293,-0.08976719528436661,-0.1537502408027649,-0.48654621839523315,-0.019608281552791595,-0.19671566784381866,-0.709416389465332,-0.06758855283260345,-0.2177627682685852,-0.8476783037185669,-0.10092318803071976,-0.2329431027173996,-0.9641134142875671,-0.12736853957176208,-0.0625138059258461,-0.47659048438072205,-0.043029241263866425,-0.133193701505661,-0.6105482578277588,-0.13446970283985138,-0.14689791202545166,-0.4546816349029541,-0.15604320168495178,-0.1432483196258545,-0.31600192189216614,-0.14705981314182281,0.0360240675508976,-0.43960490822792053,-0.0716424435377121,-0.036014124751091,-0.5464577674865723,-0.1615922749042511,-0.049474846571683884,-0.37277886271476746,-0.1395372450351715,-0.047088414430618286,-0.24019165337085724,-0.09965752810239792,0.14096719026565552,-0.3785528838634491,-0.10258491337299347,0.06878381967544556,-0.45460572838783264,-0.16541391611099243,0.0340656116604805,-0.3214032053947449,-0.14294211566448212,0.026638198643922806,-0.21752144396305084,-0.11011628061532974
Right,Sharp,0.0,0.0,0.0,-0.16360709071159363,-0.0009566942462697625,-0.0824037492275238,-0.32827121019363403,-0.14131766557693481,-0.12444563210010529,-0.37311410903930664,-0.3041343688964844,-0.16013558208942413,-0.34434011578559875,-0.45153263211250305,-0.19245339930057526,-0.33990150690078735,-0.4590684473514557,-0.09886817634105682,-0.39431366324424744,-0.5876152515411377,-0.19582946598529816,-0.4359205365180969,-0.708575963973999,-0.26628977060317993,-0.46235761046409607,-0.8265694379806519,-0.32094910740852356,-0.21035848557949066,-0.6098715662956238,-0.10595201700925827,-0.210621178150177,-0.4397045373916626,-0.24012085795402527,-0.16846416890621185,-0.1948174089193344,-0.26654502749443054,-0.13416506350040436,-0.07950474321842194,-0.2596369981765747,-0.057659003883600235,-0.6391224265098572,-0.12635965645313263,-0.030497072264552116,-0.40953293442726135,-0.2428700029850006,-0.023796547204256058,-0.21454830467700958,-0.216249480843544,-0.023926977068185806,-0.16017572581768036,-0.1772940754890442,0.09417390078306198,-0.6041783094406128,-0.1574767827987671,0.11303394287824631,-0.39215025305747986,-0.24164804816246033,0.09100905060768127,-0.2328319400548935,-0.23210352659225464,0.06860020011663437,-0.19676224887371063,-0.20838534832000732
Right,Sharp,0.0,0.0,0.0,-0.09388203173875809,0.12056320905685425,-0.1334656924009323,-0.18010585010051727,0.08529248833656311,-0.20606951415538788,-0.14104755222797394,-0.06393812596797943,-0.2532045841217041,-0.10485024005174637,-0.19629256427288055,-0.2911929488182068,-0.2879287302494049,-0.21195603907108307,-0.2076999396085739,-0.323920875787735,-0.4844158887863159,-0.32264673709869385,-0.31828954815864563,-0.6736782789230347,-0.4014090299606323,-0.3162979781627655,-0.8327827453613281,-0.4543440043926239,-0.23793381452560425,-0.34207895398139954,-0.17242290079593658,-0.09813303500413895,-0.352308452129364,-0.30237099528312683,-0.013652622699737549,-0.18756002187728882,-0.32969561219215393,-0.013743392191827297,-0.10178471356630325,-0.3329482674598694,-0.17794789373874664,-0.40821924805641174,-0.14758220314979553,-0.040391117334365845,-0.3803577125072479,-0.2550628185272217,0.012850244529545307,-0.21680276095867157,-0.22836218774318695,-0.013099052011966705,-0.13531289994716644,-0.19310250878334045,-0.1112373098731041,-0.4356211721897125,-0.1358576864004135,-0.0016630736645311117,-0.38828879594802856,-0.21411876380443573,0.03751807287335396,-0.2730083167552948,-0.20108725130558014,0.012997837737202644,-0.2036685198545456,-0.1728065460920334
Right,Sharp,0.0,0.0,0.0,-0.1348896026611328,-0.06150292977690697,-0.08330725133419037,-0.24790365993976593,-0.2111392617225647,-0.13448919355869293,-0.2962301969528198,-0.3176654577255249,-0.18072685599327087,-0.3102419674396515,-0.3853752911090851,-0.22365528345108032,-0.18317069113254547,-0.58655846118927,-0.10117252916097641,-0.22647090256214142,-0.7014833092689514,-0.1882089227437973,-0.25836247205734253,-0.8104201555252075,-0.25338801741600037,-0.2755240201950073,-0.9113249778747559,-0.30589741468429565,-0.02870366908609867,-0.624580442905426,-0.10997940599918365,-0.1782180517911911,-0.4199681580066681,-0.21936166286468506,-0.20159697532653809,-0.18511523306369781,-0.23920361697673798,-0.16634447872638702,-0.09382890909910202,-0.23493514955043793,0.10767899453639984,-0.5280755758285522,-0.13110293447971344,-0.028402993455529213,-0.2957391142845154,-0.21987135708332062,-0.05530529469251633,-0.14936210215091705,-0.18338561058044434,-0.027522632852196693,-0.12579937279224396,-0.14550577104091644,0.227583646774292,-0.37934428453445435,-0.1646004021167755,0.11062134802341461,-0.19704245030879974,-0.2282239943742752,0.07253754138946533,-0.10577227175235748,-0.20829060673713684,0.08870097994804382,-0.10676725208759308,-0.18021228909492493
Right,Sharp,0.0,0.0,0.0,0.06289567053318024,-0.20389989018440247,0.019179875031113625,0.048360176384449005,-0.40321820974349976,0.015254796482622623,-0.019386524334549904,-0.5223529934883118,0.006224662996828556,-0.10469824820756912,-0.5522426962852478,-0.006734008900821209,0.01621948555111885,-0.520721435546875,-0.028387755155563354,-0.08862531930208206,-0.7521911263465881,-0.05082621052861214,-0.1609630584716797,-0.8806015849113464,-0.06058630719780922,-0.2208496630191803,-0.9729630947113037,-0.06758877635002136,-0.08296644687652588,-0.474537193775177,-0.04803341627120972,-0.18073903024196625,-0.5906730890274048,-0.07134366035461426,-0.16513469815254211,-0.5178645849227905,-0.061576973646879196,-0.1261759251356125,-0.45178934931755066,-0.05142657831311226,-0.17258544266223907,-0.39667174220085144,-0.06290397047996521,-0.2424134463071823,-0.480028361082077,-0.06590976566076279,-0.2219640463590622,-0.4204866290092468,-0.033350881189107895,-0.18549759685993195,-0.3673800230026245,-0.014624333940446377,-0.2502850592136383,-0.3075229525566101,-0.07778142392635345,-0.2814209461212158,-0.3524700105190277,-0.06728920340538025,-0.25642257928848267,-0.29855555295944214,-0.03593607619404793,-0.22529175877571106,-0.25447767972946167,-0.01275870855897665
Right,Sharp,0.0,0.0,0.0,0.08538802713155746,-0.1789240688085556,0.01815061643719673,0.0907801017165184,-0.37540799379348755,0.011343777179718018,0.03159333020448685,-0.4800918996334076,-0.0020924056880176067,-0.04943489655852318,-0.5160866379737854,-0.02044718526303768,0.12171804904937744,-0.4750262200832367,-0.029341505840420723,0.12288103252649307,-0.7206801772117615,-0.05758396536111832,0.1186247169971466,-0.8727195858955383,-0.06946850568056107,0.11212955415248871,-0.9905713796615601,-0.07871025800704956,0.028666429221630096,-0.4781353175640106,-0.053191542625427246,-0.059755388647317886,-0.6323181986808777,-0.0868191346526146,-0.0711820125579834,-0.5484393835067749,-0.07864276319742203,-0.043768201023340225,-0.4747239947319031,-0.06724164634943008,-0.07034643739461899,-0.44473230838775635,-0.07310941815376282,-0.14433987438678741,-0.5662881731987,-0.09500716626644135,-0.14068429172039032,-0.48986369371414185,-0.06675471365451813,-0.11102832108736038,-0.4306589365005493,-0.04560937359929085,-0.15980838239192963,-0.391401469707489,-0.09194310009479523,-0.20311808586120605,-0.44449174404144287,-0.10181497037410736,-0.1920681744813919,-0.379056841135025,-0.07715115696191788,-0.16856379806995392,-0.3289978504180908,-0.055168963968753815
Right,Sharp,0.0,0.0,0.0,0.031702857464551926,-0.17979343235492706,0.016873512417078018,0.03299400582909584,-0.3627791702747345,0.0008802676456980407,-0.02174496278166771,-0.4946445822715759,-0.022334473207592964,-0.09841132909059525,-0.5548033118247986,-0.04946662485599518,0.10392732173204422,-0.49510669708251953,-0.03647782281041145,0.05518456548452377,-0.7209842205047607,-0.08390945196151733,0.035019900649785995,-0.8705708384513855,-0.10985255986452103,0.02538474276661873,-0.9912827610969543,-0.1292826384305954,0.07887329906225204,-0.4699828028678894,-0.06395767629146576,-0.13175757229328156,-0.6026791930198669,-0.12039995938539505,-0.17428021132946014,-0.5126785635948181,-0.1181863471865654,-0.14723314344882965,-0.4491194784641266,-0.11110369861125946,0.019786622375249863,-0.419265478849411,-0.0900510624051094,-0.18518368899822235,-0.5106600522994995,-0.13566897809505463,-0.2049618661403656,-0.4236382246017456,-0.10866551846265793,-0.16510197520256042,-0.3794103264808655,-0.08640819042921066,-0.050651915371418,-0.35890498757362366,-0.11583735793828964,-0.21864008903503418,-0.395873486995697,-0.15015169978141785,-0.2370333969593048,-0.32774460315704346,-0.1388774961233139,-0.20874956250190735,-0.2942388355731964,-0.12469813972711563
Right,Sharp,0.0,0.0,0.0,-0.10726922005414963,-0.11643492430448532,-0.022059651091694832,-0.17682895064353943,-0.3124806880950928,-0.035675257444381714,-0.16986609995365143,-0.4700237214565277,-0.0585639625787735,-0.12936367094516754,-0.5646907091140747,-0.08254419267177582,-0.09593408554792404,-0.5269861221313477,-0.005053449422121048,-0.1301773339509964,-0.7369287014007568,-0.05276654660701752,-0.14979051053524017,-0.8683703541755676,-0.08815351128578186,-0.1646312028169632,-0.9795306921005249,-0.11582806706428528,-0.008236464112997055,-0.5164366364479065,-0.027482861652970314,-0.09678459912538528,-0.61263507604599,-0.11907536536455154,-0.13189320266246796,-0.45007434487342834,-0.1437695324420929,-0.13845881819725037,-0.31588274240493774,-0.1368398517370224,0.07770203799009323,-0.47324779629707336,-0.05546087026596069,-0.020435288548469543,-0.5635406970977783,-0.1385117918252945,-0.048818983137607574,-0.39338093996047974,-0.11631561070680618,-0.04677829518914223,-0.26056548953056335,-0.07793305069208145,0.16204476356506348,-0.40053603053092957,-0.08684050291776657,0.062086209654808044,-0.4388478100299835,-0.14241193234920502,0.0241298358887434,-0.32724708318710327,-0.12441421300172806,0.02852502092719078,-0.24000881612300873,-0.09511161595582962
Right,Sharp,0.0,0.0,0.0,-0.1194862574338913,-0.11382675915956497,-0.03589542582631111,-0.21052366495132446,-0.30381911993026733,-0.057833027094602585,-0.21681833267211914,-0.4508674442768097,-0.0859001874923706,-0.16339652240276337,-0.545819878578186,-0.11402225494384766,-0.12159375101327896,-0.5442944169044495,-0.012104000896215439,-0.16980701684951782,-0.7372642755508423,-0.06379398703575134,-0.2002282291650772,-0.8574310541152954,-0.10010569542646408,-0.2255191057920456,-0.9656583070755005,-0.12901630997657776,-0.017331942915916443,-0.5382779240608215,-0.03556082770228386,-0.09192165732383728,-0.6677486896514893,-0.12996968626976013,-0.12502630054950714,-0.4930114150047302,-0.152216836810112,-0.13545255362987518,-0.3476789891719818,-0.1424829214811325,0.08763960748910904,-0.48631101846694946,-0.06707146018743515,0.009690925478935242,-0.591067373752594,-0.16599835455417633,-0.0262383371591568,-0.4047023355960846,-0.14527662098407745,-0.03806620463728905,-0.2630121409893036,-0.10356452316045761,0.190633162856102,-0.3987521529197693,-0.10161399096250534,0.10879404097795486,-0.46330490708351135,-0.17277541756629944,0.05737999454140663,-0.32529622316360474,-0.1534581333398819,0.03943008929491043,-0.2169600874185562,-0.12136320024728775
Right,Sharp,0.0,0.0,0.0,0.11231739819049835,-0.2101585566997528,0.012941978871822357,0.12304171174764633,-0.4250791072845459,0.01289172563701868,0.061637889593839645,-0.5584418773651123,0.008943603374063969,-0.017768556252121925,-0.6194276213645935,0.0010375457350164652,0.10428323596715927,-0.530329167842865,-0.010833535343408585,0.06067406386137009,-0.7644570469856262,-0.023950673639774323,0.024728955700993538,-0.9013532400131226,-0.030859708786010742,-0.007537364028394222,-0.999318540096283,-0.03613189235329628,-0.017641257494688034,-0.5092623829841614,-0.027340708300471306,-0.07695431262254715,-0.6970895528793335,-0.0442274771630764,-0.06731576472520828,-0.6366109848022461,-0.04253319650888443,-0.04555230587720871,-0.5508453845977783,-0.036484815180301666,-0.13007722795009613,-0.45255228877067566,-0.03987548127770424,-0.16593581438064575,-0.6090090870857239,-0.04266355186700821,-0.14884641766548157,-0.5532481074333191,-0.019427144899964333,-0.12791074812412262,-0.479211688041687,-0.004433042369782925,-0.2234584391117096,-0.3781771957874298,-0.05147197097539902,-0.23854418098926544,-0.4891418218612671,-0.04117688909173012,-0.21767638623714447,-0.44087088108062744,-0.011202326975762844,-0.20008930563926697,-0.37897494435310364,0.01158169936388731
Right,Sharp,0.0,0.0,0.0,0.09518592059612274,-0.19521166384220123,0.008064919151365757,0.10469592362642288,-0.37046846747398376,-0.00018525395717006177,0.0358598530292511,-0.45389583706855774,-0.013336029835045338,-0.04471868649125099,-0.4644940495491028,-0.029571127146482468,0.02905905432999134,-0.5321455001831055,-0.024013664573431015,0.034837596118450165,-0.7599204778671265,-0.035607464611530304,0.029952431097626686,-0.8979256749153137,-0.042735811322927475,0.021761251613497734,-0.9985028505325317,-0.050185441970825195,-0.082799032330513,-0.5225653648376465,-0.03589402139186859,-0.05561906844377518,-0.5392484664916992,-0.043969228863716125,-0.0385415218770504,-0.459475576877594,-0.037112392485141754,-0.027882523834705353,-0.39583486318588257,-0.034962497651576996,-0.17059645056724548,-0.4579322636127472,-0.04365067929029465,-0.13237053155899048,-0.461923748254776,-0.04217147082090378,-0.10950154811143875,-0.39016586542129517,-0.020093584433197975,-0.09696479141712189,-0.32617053389549255,-0.010485072620213032,-0.2425706535577774,-0.38043177127838135,-0.051929958164691925,-0.20952001214027405,-0.38593003153800964,-0.04225242882966995,-0.1838148832321167,-0.3284478187561035,-0.016564998775720596,-0.17239528894424438,-0.27702242136001587,0.003519875230267644
Right,Sharp,0.0,0.0,0.0,0.11166690289974213,-0.1773296445608139,-0.0032175173982977867,0.13167250156402588,-0.3562736213207245,-0.009921201504766941,0.07009536027908325,-0.4563639163970947,-0.01927240379154682,-0.004067759960889816,-0.48166266083717346,-0.030914463102817535,0.049452587962150574,-0.5119947195053101,-0.03082156367599964,0.05798263102769852,-0.7446811199188232,-0.046193648129701614,0.055954501032829285,-0.8909733891487122,-0.05524728074669838,0.04768725484609604,-0.9968323111534119,-0.06364910304546356,-0.05369434133172035,-0.5055168271064758,-0.03632689639925957,-0.028664080426096916,-0.5442939400672913,-0.053745537996292114,-0.011450149118900299,-0.4681195616722107,-0.05162190645933151,-0.0028907605446875095,-0.39832884073257446,-0.04967714846134186,-0.1323448121547699,-0.45208942890167236,-0.03885769098997116,-0.09782705456018448,-0.4715661406517029,-0.046739086508750916,-0.07228598743677139,-0.4070655107498169,-0.02819184400141239,-0.06176120787858963,-0.3413895070552826,-0.01752711646258831,-0.19589008390903473,-0.38379618525505066,-0.04259185492992401,-0.1644248068332672,-0.4084866940975189,-0.04122966527938843,-0.13539183139801025,-0.3574463725090027,-0.019168252125382423,-0.12595240771770477,-0.3012249171733856,0.00014026646385900676
Right,Sharp,0.0,0.0,0.0,0.025105388835072517,-0.23081998527050018,0.03139806538820267,-0.050385117530822754,-0.44569632411003113,0.04500950872898102,-0.1611776053905487,-0.5668982267379761,0.05300532653927803,-0.262727290391922,-0.5706581473350525,0.05890500918030739,-0.1469084471464157,-0.5915196537971497,0.011446744203567505,-0.32829549908638,-0.7267992496490479,0.010238002054393291,-0.4449397623538971,-0.7979661822319031,0.01054917648434639,-0.5334656834602356,-0.8457815647125244,0.008238062262535095,-0.22821618616580963,-0.5141759514808655,-0.006095764227211475,-0.3719651997089386,-0.518940806388855,-0.004348353482782841,-0.3469945192337036,-0.44782838225364685,0.009603163227438927,-0.29159608483314514,-0.4125387370586395,0.018125033006072044,-0.29631924629211426,-0.39917242527008057,-0.01905190385878086,-0.3877059519290924,-0.40095025300979614,-0.0037062696646898985,-0.35924631357192993,-0.34652766585350037,0.02295655757188797,-0.3101312816143036,-0.3252473771572113,0.032887738198041916,-0.3500811755657196,-0.2742752432823181,-0.03156546130776405,-0.3881453275680542,-0.273377388715744,-0.009145482443273067,-0.3546348810195923,-0.22090516984462738,0.01692735217511654,-0.31128963828086853,-0.1952071338891983,0.03418271988630295
Right,Sharp,0.0,0.0,0.0,0.07875552773475647,-0.21595296263694763,0.03116796538233757,0.05642160773277283,-0.41398510336875916,0.04152124747633934,-0.014730231836438179,-0.4951680600643158,0.04173563793301582,-0.10063192993402481,-0.49566805362701416,0.03649020940065384,0.02698918804526329,-0.5551543831825256,0.018231265246868134,-0.011885886080563068,-0.7648642659187317,0.016446618363261223,-0.040574245154857635,-0.8992659449577332,0.0147809823974967,-0.06385641545057297,-0.9979074001312256,0.010159693658351898,-0.07186495512723923,-0.5473769307136536,-0.0007118218345567584,-0.1554689258337021,-0.5793926119804382,-0.0012202226789668202,-0.1586121916770935,-0.502757728099823,0.005787580274045467,-0.12936338782310486,-0.4467203915119171,0.009009658358991146,-0.16586503386497498,-0.4870116114616394,-0.01552210096269846,-0.2209499478340149,-0.4999820291996002,-0.006722752470523119,-0.2116335928440094,-0.4358727037906647,0.012144414708018303,-0.18030913174152374,-0.39015069603919983,0.019395994022488594,-0.24684745073318481,-0.4093672037124634,-0.029245922341942787,-0.2768040597438812,-0.41375473141670227,-0.013314702548086643,-0.2603006958961487,-0.35387110710144043,0.010646862909197807,-0.23361873626708984,-0.30887371301651,0.02846626378595829
Right,Sharp,0.0,0.0,0.0,-0.12416884303092957,-0.11131391674280167,-0.01786314882338047,-0.19805431365966797,-0.3129047155380249,-0.02769155614078045,-0.20946764945983887,-0.48216867446899414,-0.04876174405217171,-0.19601209461688995,-0.6025981307029724,-0.07012396305799484,-0.09272204339504242,-0.5500170588493347,0.01854735240340233,-0.14626248180866241,-0.742994487285614,-0.030588140711188316,-0.18818709254264832,-0.8670241832733154,-0.06291142106056213,-0.21856369078159332,-0.9718767404556274,-0.08766729384660721,-0.02035187929868698,-0.5608699917793274,-0.006973139941692352,-0.1834927797317505,-0.6368239521980286,-0.10424778610467911,-0.22208723425865173,-0.4641852080821991,-0.12806931138038635,-0.21171963214874268,-0.3249502182006836,-0.11621280759572983,0.05026418715715408,-0.5334923267364502,-0.04042475298047066,-0.12772005796432495,-0.5686179399490356,-0.13984936475753784,-0.13113130629062653,-0.37819308042526245,-0.12282920628786087,-0.09699540585279465,-0.24632035195827484,-0.0815526694059372,0.12031404674053192,-0.46847018599510193,-0.07682061195373535,-0.0427355132997036,-0.46620163321495056,-0.1531805843114853,-0.05692732334136963,-0.32708823680877686,-0.14525902271270752,-0.024108491837978363,-0.23423732817173004,-0.11741987615823746
Right,Sharp,0.0,0.0,0.0,-0.11710577458143234,-0.09278251230716705,-0.035269495099782944,-0.20103219151496887,-0.2597521245479584,-0.05890607833862305,-0.20840586721897125,-0.39348408579826355,-0.08824458718299866,-0.17514610290527344,-0.48618221282958984,-0.11744105815887451,-0.1365971863269806,-0.4996839463710785,-0.030355384573340416,-0.16187666356563568,-0.7173033952713013,-0.0852973461151123,-0.17512041330337524,-0.8548731207847595,-0.12224037200212479,-0.18435421586036682,-0.9714453816413879,-0.14935654401779175,-0.040658243000507355,-0.48635679483413696,-0.05169793963432312,-0.0995141863822937,-0.5992221236228943,-0.15121954679489136,-0.1260637789964676,-0.43685466051101685,-0.17531535029411316,-0.13552798330783844,-0.3020053803920746,-0.1655319482088089,0.0579841323196888,-0.442899614572525,-0.07900658994913101,-0.0018717204220592976,-0.5210031867027283,-0.17360688745975494,-0.026824692264199257,-0.3484073877334595,-0.15253548324108124,-0.034968581050634384,-0.22780898213386536,-0.11140140146017075,0.1608823537826538,-0.3750208020210266,-0.10939820855855942,0.10192671418190002,-0.42972177267074585,-0.17097978293895721,0.05886954069137573,-0.3002013862133026,-0.14748917520046234,0.042346060276031494,-0.2090533822774887,-0.11276470124721527
Right,Sharp,0.0,0.0,0.0,0.0855511873960495,-0.21154089272022247,0.02544707991182804,0.07766731083393097,-0.3900599479675293,0.030340509489178658,0.022533943876624107,-0.4767987132072449,0.027258355170488358,-0.05590274930000305,-0.4867909550666809,0.020422309637069702,0.036623019725084305,-0.5194250345230103,0.006226577330380678,0.020837310701608658,-0.7557549476623535,0.00314895948395133,0.004612473770976067,-0.895800769329071,0.001564691890962422,-0.01603640615940094,-0.9998703002929688,-0.001523263636045158,-0.06678106635808945,-0.5059565305709839,-0.010104847140610218,-0.09657228738069534,-0.6048190593719482,-0.011465495452284813,-0.08600760251283646,-0.5356442332267761,-0.0036731366999447346,-0.07078327238559723,-0.46852433681488037,0.0015075374394655228,-0.15343275666236877,-0.45016172528266907,-0.021793562918901443,-0.16152463853359222,-0.5195598006248474,-0.007670709863305092,-0.14269645512104034,-0.4615575671195984,0.013765625655651093,-0.1272454857826233,-0.4018619656562805,0.022151466459035873,-0.2224993258714676,-0.37936317920684814,-0.032860271632671356,-0.2157106101512909,-0.4223288297653198,-0.008215867914259434,-0.1919269859790802,-0.37232154607772827,0.020539501681923866,-0.17665298283100128,-0.32055777311325073,0.040136661380529404
Right,Sharp,0.0,0.0,0.0,0.10962292551994324,-0.19941669702529907,0.026581192389130592,0.10553617775440216,-0.4267410635948181,0.042651157826185226,0.035450927913188934,-0.5714573860168457,0.04703005775809288,-0.047627076506614685,-0.5967819690704346,0.04893854260444641,-0.07894816994667053,-0.6405521631240845,0.057262808084487915,-0.043786488473415375,-0.6790363192558289,0.05289745330810547,-0.01453322358429432,-0.5805281400680542,0.026595622301101685,-0.01341246161609888,-0.499679297208786,0.012353156693279743,-0.1499147266149521,-0.6703463792800903,0.036456018686294556,-0.08927447348833084,-0.6779434680938721,0.04989161714911461,-0.038956642150878906,-0.5761464834213257,0.030872492119669914,-0.018858525902032852,-0.48951759934425354,0.01363795343786478,-0.1871706247329712,-0.6405812501907349,0.01824898086488247,-0.12330912798643112,-0.6950110197067261,0.012641170993447304,-0.06421858817338943,-0.5953588485717773,0.0038205604068934917,-0.038881052285432816,-0.5110052824020386,0.0023227909114211798,-0.19727790355682373,-0.5971481204032898,0.004422890022397041,-0.14821696281433105,-0.8093001246452332,0.015568031929433346,-0.10412124544382095,-0.916929304599762,0.043077483773231506,-0.07896024733781815,-0.9946942329406738,0.06594408303499222
Right,Sharp,0.0,0.0,0.0,0.13839316368103027,-0.2448236495256424,0.011763541027903557,0.1377604752779007,-0.4582415223121643,0.017085935920476913,0.044711969792842865,-0.5735135674476624,0.01342698372900486,-0.058031145483255386,-0.5961467027664185,0.0044394019059836864,0.004567870870232582,-0.6856536865234375,0.02922164462506771,0.009952334687113762,-0.840373694896698,0.030506541952490807,0.004464750178158283,-0.9335802793502808,0.018725503236055374,-0.009781676344573498,-0.9999423623085022,0.004415234550833702,-0.12426254898309708,-0.666090190410614,0.01731281727552414,-0.11130311340093613,-0.6900656819343567,0.0201059989631176,-0.07833364605903625,-0.6036637425422668,0.01643279381096363,-0.055464569479227066,-0.5295249819755554,0.00988808274269104,-0.22545649111270905,-0.5748363137245178,0.006853921804577112,-0.200890451669693,-0.600537896156311,0.003630150342360139,-0.15802544355392456,-0.5297333598136902,0.011804998852312565,-0.1279827058315277,-0.4560973346233368,0.014919805340468884,-0.3049737215042114,-0.466269850730896,-0.0025802806485444307,-0.28597119450569153,-0.5119855403900146,-0.0017761983908712864,-0.24375686049461365,-0.4628544747829437,0.01794371008872986,-0.21296283602714539,-0.4006369411945343,0.03567695617675781
Right,Flat,0.0,0.0,0.0,-0.11230409890413284,-0.08796658366918564,-0.033894143998622894,-0.17678844928741455,-0.26311665773391724,-0.04951336607336998,-0.1282353699207306,-0.4039340615272522,-0.07220856845378876,-0.0683107078075409,-0.4960678517818451,-0.09326266497373581,-0.13997206091880798,-0.4793330729007721,-0.012930075637996197,-0.1980857104063034,-0.6669145822525024,-0.05017224699258804,-0.22795835137367249,-0.7857232093811035,-0.07135514914989471,-0.2500230371952057,-0.8874478340148926,-0.08468028903007507,-0.05132726952433586,-0.4891743063926697,-0.033641427755355835,-0.05949249863624573,-0.7319637537002563,-0.08006508648395538,-0.05986111983656883,-0.8782382607460022,-0.11035162955522537,-0.052462488412857056,-0.9911040663719177,-0.12231236696243286,0.03217636048793793,-0.4415576457977295,-0.06017613783478737,-0.012335272505879402,-0.5421429872512817,-0.13832159340381622,-0.046812739223241806,-0.4055585563182831,-0.14777304232120514,-0.05600006878376007,-0.29995808005332947,-0.12889724969863892,0.10673760622739792,-0.36311212182044983,-0.08850206434726715,0.043142735958099365,-0.4183945655822754,-0.1505306214094162,-0.0005377457709982991,-0.30331113934516907,-0.14342860877513885,-0.01722324825823307,-0.20686139166355133,-0.12172874063253403
Right,Flat,0.0,0.0,0.0,-0.10672853887081146,-0.0677061453461647,-0.03730752691626549,-0.1823156625032425,-0.21416743099689484,-0.06170250102877617,-0.16766908764839172,-0.3322802186012268,-0.09246571362018585,-0.1221625953912735,-0.40876179933547974,-0.12184134125709534,-0.143771231174469,-0.45528966188430786,-0.04289495199918747,-0.2031060755252838,-0.660470724105835,-0.09313325583934784,-0.23525060713291168,-0.7875115275382996,-0.1183314397931099,-0.2559097111225128,-0.8957391977310181,-0.12991636991500854,-0.054640643298625946,-0.4701559543609619,-0.06213466823101044,-0.07853980362415314,-0.7155565023422241,-0.11648984253406525,-0.09205053746700287,-0.8647075295448303,-0.14482635259628296,-0.09773947298526764,-0.9835351705551147,-0.15200462937355042,0.03420146554708481,-0.43539193272590637,-0.08572700619697571,-0.029478032141923904,-0.4863376021385193,-0.16323477029800415,-0.06685470044612885,-0.34772056341171265,-0.1701015830039978,-0.07834053784608841,-0.24000626802444458,-0.14772792160511017,0.11223606765270233,-0.3701825439929962,-0.11157098412513733,0.04187808185815811,-0.372453510761261,-0.1624137908220291,0.0007461782661266625,-0.25986960530281067,-0.14982910454273224,-0.010517640970647335,-0.1712847352027893,-0.12416336685419083
Right,Flat,0.0,0.0,0.0,0.07942183315753937,-0.20826926827430725,0.00847530085593462,0.05913195386528969,-0.39086100459098816,0.008858643472194672,-0.02808847650885582,-0.45466604828834534,0.0030806290451437235,-0.11100011318922043,-0.4570336937904358,-0.0034005949273705482,0.019531136378645897,-0.5142418146133423,-0.01087128184735775,0.003805392188951373,-0.7575809955596924,-0.033478766679763794,-0.0060948398895561695,-0.8992511034011841,-0.03863271325826645,-0.016691798344254494,-0.9987987875938416,-0.03286139294505119,-0.09121660888195038,-0.4840405583381653,-0.023275168612599373,-0.1641584038734436,-0.7210484147071838,-0.045442014932632446,-0.2100825160741806,-0.8666793704032898,-0.05517853423953056,-0.2485285848379135,-0.9672521948814392,-0.051542460918426514,-0.17996114492416382,-0.41951072216033936,-0.03283965587615967,-0.17709976434707642,-0.487499862909317,-0.0530136376619339,-0.13208375871181488,-0.4313566982746124,-0.05719635635614395,-0.10471107065677643,-0.3679814040660858,-0.0427420511841774,-0.24916142225265503,-0.3428160846233368,-0.040784407407045364,-0.2200208604335785,-0.38069993257522583,-0.034826457500457764,-0.18445907533168793,-0.3358185291290283,-0.015161702409386635,-0.1643921434879303,-0.28245699405670166,0.009509626775979996
Right,Flat,0.0,0.0,0.0,0.06708259880542755,-0.22156035900115967,0.004394819959998131,0.0334574431180954,-0.4141639173030853,8.186454215319827e-05,-0.06050696596503258,-0.47616395354270935,-0.009717647917568684,-0.1497626155614853,-0.4554464519023895,-0.02013517916202545,0.001688547432422638,-0.5227451324462891,-0.020715240389108658,-0.040344636887311935,-0.7676522135734558,-0.04188581183552742,-0.06823740899562836,-0.9005765318870544,-0.04656677320599556,-0.0926351472735405,-0.9948201775550842,-0.04185307025909424,-0.11221784353256226,-0.4821149706840515,-0.0336209237575531,-0.20192675292491913,-0.7098988890647888,-0.052510399371385574,-0.2574562132358551,-0.8499719500541687,-0.06127181276679039,-0.3023765981197357,-0.9509521722793579,-0.05869964137673378,-0.20337074995040894,-0.40815305709838867,-0.043468788266181946,-0.21332381665706635,-0.4678027331829071,-0.05823196470737457,-0.16676980257034302,-0.4129053056240082,-0.061710525304079056,-0.13303549587726593,-0.35230839252471924,-0.04964565858244896,-0.27414384484291077,-0.3215850591659546,-0.05267086252570152,-0.24687281250953674,-0.35572922229766846,-0.04218526557087898,-0.21018646657466888,-0.3143053352832794,-0.02239125408232212,-0.1861545294523239,-0.2664521038532257,0.00018459685088600963
Right,Flat,0.0,0.0,0.0,0.0561009980738163,-0.22396814823150635,0.011221039108932018,0.007001095451414585,-0.4112483859062195,0.007802338805049658,-0.09931059181690216,-0.4796765446662903,-0.002793574007228017,-0.1930651217699051,-0.48623064160346985,-0.013629087246954441,0.008626782335340977,-0.49657514691352844,-0.013661141507327557,-0.04011645168066025,-0.7467079758644104,-0.03411025553941727,-0.07397330552339554,-0.8797458410263062,-0.039647310972213745,-0.10405689477920532,-0.9750860333442688,-0.0366397388279438,-0.10143901407718658,-0.46689730882644653,-0.030035588890314102,-0.20137465000152588,-0.7075814604759216,-0.04627181962132454,-0.2643298804759979,-0.8472262620925903,-0.05182343348860741,-0.3164201080799103,-0.9472938776016235,-0.050127703696489334,-0.19576138257980347,-0.4035736918449402,-0.04313177987933159,-0.24963440001010895,-0.5045309066772461,-0.05468488112092018,-0.20585989952087402,-0.4526168406009674,-0.049995485693216324,-0.16989286243915558,-0.38883113861083984,-0.0359763503074646,-0.26994192600250244,-0.3249911367893219,-0.05509978160262108,-0.27268165349960327,-0.3870706260204315,-0.045526325702667236,-0.23394007980823517,-0.3570008873939514,-0.022732935845851898,-0.2049187272787094,-0.31300342082977295,8.00724228611216e-05
Right,Flat,0.0,0.0,0.0,-0.11099661886692047,-0.07653608918190002,-0.022848786786198616,-0.18330776691436768,-0.24297542870044708,-0.03380288556218147,-0.16945071518421173,-0.3738325834274292,-0.05437184125185013,-0.1354537457227707,-0.4585833251476288,-0.07278826087713242,-0.15353801846504211,-0.4676082730293274,-0.0036661941558122635,-0.223255455493927,-0.6446745991706848,-0.04133622348308563,-0.2581270635128021,-0.7549000978469849,-0.06427530944347382,-0.2820242643356323,-0.8495710492134094,-0.07918666303157806,-0.0703105702996254,-0.48744887113571167,-0.02909690886735916,-0.09620501101016998,-0.731090247631073,-0.07558436691761017,-0.11221141368150711,-0.8730600476264954,-0.10669373720884323,-0.11615323275327682,-0.9859774112701416,-0.1198209673166275,0.014519941993057728,-0.45208194851875305,-0.059182003140449524,-0.043841030448675156,-0.5692362189292908,-0.13188546895980835,-0.07716719806194305,-0.42631450295448303,-0.1351921260356903,-0.08330444991588593,-0.31091174483299255,-0.1139666885137558,0.09262531250715256,-0.38315075635910034,-0.09112133085727692,0.021283725276589394,-0.41323122382164,-0.14828813076019287,-0.017710039392113686,-0.2982105314731598,-0.1400391310453415,-0.02572297304868698,-0.20644962787628174,-0.11824855208396912
Right,Flat,0.0,0.0,0.0,-0.1409372091293335,-0.042162902653217316,-0.01833651401102543,-0.25711268186569214,-0.17589664459228516,-0.02785169519484043,-0.2804951071739197,-0.3127495050430298,-0.04905175045132637,-0.2714971601963043,-0.42634978890419006,-0.0699763298034668,-0.3027642071247101,-0.3781808614730835,0.008572736755013466,-0.4461755156517029,-0.47261926531791687,-0.03282647579908371,-0.5330076813697815,-0.5262018442153931,-0.05892374739050865,-0.6034265160560608,-0.5789052248001099,-0.07457984238862991,-0.231524258852005,-0.45837119221687317,-0.02128315344452858,-0.3620077669620514,-0.6565783023834229,-0.06886771321296692,-0.44003862142562866,-0.7680649161338806,-0.10304895043373108,-0.49274811148643494,-0.8622623682022095,-0.11705887317657471,-0.13647295534610748,-0.48408645391464233,-0.0567750409245491,-0.23591864109039307,-0.5523717999458313,-0.13593371212482452,-0.2287464737892151,-0.39744818210601807,-0.14978836476802826,-0.20525677502155304,-0.28092724084854126,-0.13411632180213928,-0.03428472951054573,-0.4719908535480499,-0.09300488978624344,-0.12316343188285828,-0.44733360409736633,-0.15379595756530762,-0.12707200646400452,-0.3043062090873718,-0.14810100197792053,-0.10736264288425446,-0.1972959339618683,-0.12760891020298004
Right,Flat,0.0,0.0,0.0,-0.1279979795217514,0.13998153805732727,-0.059355370700359344,-0.2724028527736664,0.16238856315612793,-0.1025206446647644,-0.3569389581680298,0.03513519838452339,-0.15074139833450317,-0.3962293267250061,-0.09155723452568054,-0.19702377915382385,-0.4790196418762207,0.07924303412437439,-0.07265903800725937,-0.6752762198448181,0.14260978996753693,-0.13646970689296722,-0.7983583211898804,0.17091761529445648,-0.17161276936531067,-0.9056932926177979,0.1885708123445511,-0.19058643281459808,-0.45941054821014404,-0.08969967812299728,-0.09695453196763992,-0.6795090436935425,-0.21038517355918884,-0.16253238916397095,-0.8027307987213135,-0.3149449825286865,-0.19584384560585022,-0.8925102353096008,-0.4021688401699066,-0.2041705995798111,-0.3801324963569641,-0.21811658143997192,-0.12735615670681,-0.4363449513912201,-0.26450833678245544,-0.22252912819385529,-0.32413655519485474,-0.17513684928417206,-0.22685903310775757,-0.23548182845115662,-0.11352689564228058,-0.19759564101696014,-0.27307742834091187,-0.3171580135822296,-0.1619354784488678,-0.30642610788345337,-0.33188942074775696,-0.22641657292842865,-0.21931160986423492,-0.24688677489757538,-0.20185008645057678,-0.14172276854515076,-0.1848045140504837,-0.16329628229141235
Right,Flat,0.0,0.0,0.0,-0.14925657212734222,-0.14448557794094086,0.030977249145507812,-0.3203735053539276,-0.20036114752292633,0.028081344440579414,-0.4520954489707947,-0.1372816562652588,0.013113150373101234,-0.5367769002914429,-0.060812756419181824,0.0002609793737065047,-0.3978502154350281,-0.2877640426158905,-0.02875780314207077,-0.5681682825088501,-0.43781471252441406,-0.08746404200792313,-0.6674827337265015,-0.5589033365249634,-0.11560776084661484,-0.7374460697174072,-0.6636261940002441,-0.12559275329113007,-0.4157620072364807,-0.22942262887954712,-0.05973425507545471,-0.655414342880249,-0.24242141842842102,-0.11806873977184296,-0.8117539286613464,-0.2607455253601074,-0.14281222224235535,-0.9292577505111694,-0.2768310606479645,-0.15328645706176758,-0.4112858176231384,-0.13360759615898132,-0.08579251170158386,-0.5871877670288086,0.02851121686398983,-0.13558226823806763,-0.5638056993484497,0.12179795652627945,-0.1369239091873169,-0.5192625522613525,0.16088362038135529,-0.12172474712133408,-0.39074912667274475,-0.014629756100475788,-0.10906719416379929,-0.4967682957649231,0.1448429524898529,-0.13122470676898956,-0.4938097596168518,0.23666399717330933,-0.12509816884994507,-0.4809929132461548,0.2873857617378235,-0.11101677268743515
Right,Flat,0.0,0.0,0.0,0.07595320045948029,-0.20030143857002258,0.007776746526360512,0.05178307741880417,-0.38657841086387634,0.002364064333960414,-0.03487561270594597,-0.4720696210861206,-0.008399545215070248,-0.11650996655225754,-0.4948706328868866,-0.02147860638797283,0.048038363456726074,-0.48246505856513977,-0.029745766893029213,0.055387478321790695,-0.7146083116531372,-0.06160904839634895,0.062649205327034,-0.853670060634613,-0.07753381878137589,0.06732258945703506,-0.9593725800514221,-0.08040446043014526,-0.05404277890920639,-0.4801476299762726,-0.04326983168721199,-0.09610418230295181,-0.7253561615943909,-0.06270010769367218,-0.12836013734340668,-0.8756564259529114,-0.06835400313138962,-0.15769094228744507,-0.9852232336997986,-0.06684886664152145,-0.14616040885448456,-0.4379274547100067,-0.05365288257598877,-0.17900331318378448,-0.5274907350540161,-0.06418400257825851,-0.14927098155021667,-0.46956247091293335,-0.0568905845284462,-0.12132284045219421,-0.4039357602596283,-0.04193688556551933,-0.22171650826931,-0.3728947043418884,-0.06369660794734955,-0.22156591713428497,-0.4219783544540405,-0.05478920415043831,-0.190580353140831,-0.3779831826686859,-0.03103044629096985,-0.16796568036079407,-0.32777029275894165,-0.007212997879832983
Right,Flat,0.0,0.0,0.0,0.032807931303977966,-0.22362685203552246,0.029926830902695656,-0.03582325577735901,-0.40708059072494507,0.03601238876581192,-0.1380637139081955,-0.4583735167980194,0.03214447572827339,-0.23272176086902618,-0.4328140318393707,0.02623557485640049,-0.04251581057906151,-0.5257679224014282,0.0028278862591832876,-0.13428685069084167,-0.7524308562278748,-0.00800401996821165,-0.18789605796337128,-0.8819435834884644,-0.006541841197758913,-0.22888700664043427,-0.9734523296356201,-0.001114213140681386,-0.14246731996536255,-0.4907344579696655,-0.01972213014960289,-0.2948901355266571,-0.6683493256568909,-0.03145373985171318,-0.39014503359794617,-0.7752609252929688,-0.04043113812804222,-0.4575769007205963,-0.8532426953315735,-0.042886026203632355,-0.22945968806743622,-0.41611024737358093,-0.03623773530125618,-0.31850332021713257,-0.4513697624206543,-0.041994690895080566,-0.2876383662223816,-0.38997671008110046,-0.04426068440079689,-0.24770453572273254,-0.33852940797805786,-0.03850580379366875,-0.3016640543937683,-0.32563522458076477,-0.050370145589113235,-0.3298172354698181,-0.30558016896247864,-0.0430966392159462,-0.29806798696517944,-0.2552315294742584,-0.031759705394506454,-0.2628811001777649,-0.21887952089309692,-0.01732248067855835
Right,Flat,0.0,0.0,0.0,0.04520086199045181,-0.2190639227628708,0.06302154064178467,-0.009643329307436943,-0.4075391888618469,0.08950496464967728,-0.09229476749897003,-0.4859321117401123,0.101728655397892,-0.1766953468322754,-0.4791921079158783,0.112030990421772,-0.013343739323318005,-0.5347656011581421,0.03537309169769287,-0.09915666282176971,-0.7627719640731812,0.041364382952451706,-0.14782804250717163,-0.8866565227508545,0.056458909064531326,-0.187202587723732,-0.9719722270965576,0.0707148015499115,-0.11416438221931458,-0.5108434557914734,0.0034780381247401237,-0.2733135521411896,-0.7082447409629822,0.0012390580959618092,-0.3663679361343384,-0.8221887946128845,0.0020430064760148525,-0.43451908230781555,-0.9006279110908508,0.007908042520284653,-0.2067149132490158,-0.4412435293197632,-0.01906309276819229,-0.30283239483833313,-0.4875347912311554,-0.010464927181601524,-0.2735140025615692,-0.4238485097885132,-0.0037407497875392437,-0.23974820971488953,-0.3697623014450073,0.007509165909141302,-0.2825189232826233,-0.34857168793678284,-0.03649524226784706,-0.31372368335723877,-0.34401795268058777,-0.012086831964552402,-0.28487902879714966,-0.29349297285079956,0.00940913986414671,-0.2535776197910309,-0.25289878249168396,0.030033480376005173
Right,Flat,0.0,0.0,0.0,-0.08113018423318863,-0.20503836870193481,0.037044793367385864,-0.23590049147605896,-0.3282623887062073,0.035008419305086136,-0.4010508954524994,-0.29640549421310425,0.020371850579977036,-0.5064899325370789,-0.2161940336227417,0.004544010851532221,-0.24751675128936768,-0.4858623147010803,-0.011057369410991669,-0.44724416732788086,-0.6192442178726196,-0.039252955466508865,-0.5569171905517578,-0.6992267966270447,-0.05003410205245018,-0.6447137594223022,-0.7623391151428223,-0.056419841945171356,-0.2869965136051178,-0.40827125310897827,-0.04843348637223244,-0.5381706357002258,-0.44199225306510925,-0.07862170040607452,-0.6884186863899231,-0.4582705497741699,-0.09896876662969589,-0.802535891532898,-0.47648486495018005,-0.1140107735991478,-0.3185124695301056,-0.2969682812690735,-0.07877393066883087,-0.49004030227661133,-0.1684972494840622,-0.10274703055620193,-0.4318094253540039,-0.0935727208852768,-0.10560835897922516,-0.3667275607585907,-0.07966039329767227,-0.10288295149803162,-0.3456820547580719,-0.1660047471523285,-0.10645650327205658,-0.43460407853126526,-0.0265142023563385,-0.1203523725271225,-0.3826524019241333,0.03364365175366402,-0.1161864623427391,-0.3296338617801666,0.03672918677330017,-0.108563631772995
Right,Flat,0.0,0.0,0.0,-0.11136077344417572,-0.047962602227926254,-0.05019987002015114,-0.18307213485240936,-0.18987706303596497,-0.08405011892318726,-0.14313293993473053,-0.2955290973186493,-0.12219411879777908,-0.08392550051212311,-0.363518625497818,-0.15857736766338348,-0.16473382711410522,-0.43760132789611816,-0.07198608666658401,-0.21131716668605804,-0.6444427371025085,-0.13005468249320984,-0.2325124740600586,-0.7737256288528442,-0.1573297530412674,-0.24569879472255707,-0.8845140933990479,-0.17116892337799072,-0.06260605901479721,-0.447275310754776,-0.09160137176513672,-0.05245339125394821,-0.6874192357063293,-0.1595369577407837,-0.03131026774644852,-0.8494758605957031,-0.19228389859199524,-0.009751575067639351,-0.9795109033584595,-0.20115503668785095,0.032091058790683746,-0.398426353931427,-0.11566245555877686,0.02317773550748825,-0.4428879916667938,-0.20912624895572662,-0.01269170455634594,-0.2848456799983978,-0.21412403881549835,-0.03638933226466179,-0.16716736555099487,-0.18664856255054474,0.11571327596902847,-0.312057226896286,-0.14277592301368713,0.10229356586933136,-0.31158632040023804,-0.21290616691112518,0.05961689352989197,-0.1883189082145691,-0.20348083972930908,0.02798839658498764,-0.08997248113155365,-0.17604273557662964
Right,Flat,0.0,0.0,0.0,-0.12346494197845459,0.06270722299814224,-0.0703544020652771,-0.25403761863708496,-0.009889569133520126,-0.1007358506321907,-0.2794761061668396,-0.1828564554452896,-0.13412180542945862,-0.2700306475162506,-0.3112736940383911,-0.1642032414674759,-0.40326786041259766,-0.17108021676540375,-0.05633741244673729,-0.5749829411506653,-0.24111562967300415,-0.12259223312139511,-0.6895057559013367,-0.29673728346824646,-0.15586204826831818,-0.7844569087028503,-0.3471333384513855,-0.17169541120529175,-0.34088435769081116,-0.3002171516418457,-0.0705447569489479,-0.5013838410377502,-0.46867635846138,-0.14756514132022858,-0.6125137805938721,-0.5850608944892883,-0.18704460561275482,-0.7021156549453735,-0.6846737861633301,-0.19558998942375183,-0.24178121984004974,-0.374408483505249,-0.09497429430484772,-0.27797552943229675,-0.4401344656944275,-0.21614550054073334,-0.18528038263320923,-0.29915377497673035,-0.23398816585540771,-0.1130143478512764,-0.1989443302154541,-0.20221103727817535,-0.12813475728034973,-0.4079471826553345,-0.12284238636493683,-0.14079008996486664,-0.42536312341690063,-0.21183404326438904,-0.08886431902647018,-0.30109068751335144,-0.2077280730009079,-0.04402092471718788,-0.21072109043598175,-0.17711091041564941
Right,Flat,0.0,0.0,0.0,-0.12224278599023819,0.11142437905073166,0.017507214099168777,-0.18723584711551666,0.2841006815433502,-0.002575834281742573,-0.16995541751384735,0.4463154375553131,-0.029175125062465668,-0.11577924340963364,0.5521180033683777,-0.06101692467927933,-0.26590099930763245,0.3582049012184143,-0.06825369596481323,-0.30511903762817383,0.5969505906105042,-0.11453235894441605,-0.325705885887146,0.7422117590904236,-0.14194099605083466,-0.3420286774635315,0.8595196008682251,-0.15882037580013275,-0.18930871784687042,0.35039588809013367,-0.10401290655136108,-0.20309416949748993,0.6325395703315735,-0.1456320434808731,-0.20648802816867828,0.8158813118934631,-0.1686737835407257,-0.2063138782978058,0.960594117641449,-0.18626216053962708,-0.08850673586130142,0.33536142110824585,-0.13175083696842194,-0.02916562929749489,0.5829390287399292,-0.16650530695915222,-0.008306105621159077,0.5170692801475525,-0.1539197862148285,-0.011429626494646072,0.435455322265625,-0.1384461373090744,0.01817971095442772,0.31898245215415955,-0.1572018265724182,0.07696114480495453,0.4788048267364502,-0.17826445400714874,0.08629871159791946,0.4331223666667938,-0.15830528736114502,0.07444920390844345,0.3735283315181732,-0.1373913735151291
Right,Flat,0.0,0.0,0.0,-0.1071508526802063,-0.08102194219827652,-0.03009989485144615,-0.17561466991901398,-0.2373637706041336,-0.0500221848487854,-0.16263222694396973,-0.3596048951148987,-0.07834804803133011,-0.12218443304300308,-0.44023337960243225,-0.10391625761985779,-0.14036446809768677,-0.45905816555023193,-0.025010760873556137,-0.17416207492351532,-0.6640739440917969,-0.0741763487458229,-0.18574464321136475,-0.7908920645713806,-0.1013559028506279,-0.19214795529842377,-0.8982387185096741,-0.11515995860099792,-0.05902254208922386,-0.47067078948020935,-0.04895850643515587,-0.10053642094135284,-0.717169463634491,-0.10514524579048157,-0.12285959720611572,-0.8622325658798218,-0.13644441962242126,-0.13857781887054443,-0.9795099496841431,-0.14613860845565796,0.028442969545722008,-0.4392257034778595,-0.07759462296962738,-0.0290515199303627,-0.525412380695343,-0.15681852400302887,-0.06085396930575371,-0.38081440329551697,-0.1591545194387436,-0.07588059455156326,-0.26656800508499146,-0.13348868489265442,0.11134409159421921,-0.37620577216148376,-0.1085498183965683,0.054847631603479385,-0.39884549379348755,-0.1608342081308365,0.014850884675979614,-0.28876951336860657,-0.14748284220695496,-0.0034961365163326263,-0.20264069736003876,-0.121284119784832
Right,Flat,0.0,0.0,0.0,0.06776048988103867,-0.19115415215492249,0.02473532408475876,0.04353358596563339,-0.37306511402130127,0.028080744668841362,-0.027622517198324203,-0.46848997473716736,0.022724635899066925,-0.10068411380052567,-0.49210160970687866,0.01529050525277853,0.02300991863012314,-0.4747968316078186,-0.01307368092238903,-0.05081164464354515,-0.7059746384620667,-0.03150228038430214,-0.09388513118028641,-0.8373988270759583,-0.03733073174953461,-0.13290898501873016,-0.9327075481414795,-0.03552165627479553,-0.07200075685977936,-0.4547668695449829,-0.03548503294587135,-0.1351853311061859,-0.7047364115715027,-0.047053951770067215,-0.1741306632757187,-0.8629813194274902,-0.05402084439992905,-0.20678412914276123,-0.9768723249435425,-0.054413314908742905,-0.1610366255044937,-0.3958722651004791,-0.05194313824176788,-0.2064761072397232,-0.5110052824020386,-0.053351614624261856,-0.17618514597415924,-0.4519328474998474,-0.042278606444597244,-0.14430983364582062,-0.38486096262931824,-0.02674327790737152,-0.2344474047422409,-0.3159904181957245,-0.06716940551996231,-0.23718352615833282,-0.3556500971317291,-0.05119123309850693,-0.20698301494121552,-0.3179696798324585,-0.026524681597948074,-0.17952142655849457,-0.2749198377132416,-0.0030168232042342424
Right,Flat,0.0,0.0,0.0,-0.10486135631799698,-0.07700250297784805,-0.029450424015522003,-0.17402422428131104,-0.23781965672969818,-0.0457514151930809,-0.15902793407440186,-0.3595058023929596,-0.07058919966220856,-0.12203212082386017,-0.4358973801136017,-0.092783622443676,-0.14343705773353577,-0.46336808800697327,-0.019558336585760117,-0.17603708803653717,-0.6619399785995483,-0.06752588599920273,-0.18802735209465027,-0.7883977293968201,-0.09521107375621796,-0.19363781809806824,-0.893982470035553,-0.10982976853847504,-0.06090278550982475,-0.4745323657989502,-0.043598778545856476,-0.10192326456308365,-0.7141039371490479,-0.09931018203496933,-0.1262170672416687,-0.8605267405509949,-0.13283467292785645,-0.14047612249851227,-0.9795121550559998,-0.14429937303066254,0.02786882407963276,-0.4424099624156952,-0.07247933745384216,-0.029380520805716515,-0.5260798335075378,-0.1503850370645523,-0.06160438060760498,-0.38360604643821716,-0.15361388027668,-0.07337137311697006,-0.27147114276885986,-0.12899042665958405,0.11000161617994308,-0.3784097731113434,-0.10390551388263702,0.04904281347990036,-0.3948541581630707,-0.15592065453529358,0.009689027443528175,-0.2837943434715271,-0.14356903731822968,-0.0035540226381272078,-0.1987900733947754,-0.11811825633049011
Right,Flat,0.0,0.0,0.0,0.03367403522133827,-0.19577667117118835,0.01313282735645771,-0.025961071252822876,-0.37905797362327576,0.009781952947378159,-0.14286909997463226,-0.452606737613678,0.0008368281414732337,-0.23688778281211853,-0.46728140115737915,-0.009126951918005943,-0.028148014098405838,-0.4850459694862366,-0.028722522780299187,-0.15986283123493195,-0.7101534605026245,-0.05200797691941261,-0.23515088856220245,-0.8268426060676575,-0.05803031101822853,-0.2989732027053833,-0.9124348759651184,-0.05755148082971573,-0.11861451715230942,-0.42874228954315186,-0.04956371337175369,-0.24805477261543274,-0.6769887804985046,-0.06899724155664444,-0.3248147666454315,-0.8164710402488708,-0.07815157622098923,-0.3888356685638428,-0.9177528619766235,-0.08084923028945923,-0.19788721203804016,-0.33953580260276794,-0.0649939477443695,-0.3108638525009155,-0.4682270884513855,-0.08460333943367004,-0.27123749256134033,-0.405216246843338,-0.07665012031793594,-0.2269527018070221,-0.3392021059989929,-0.06059155985713005,-0.2632446587085724,-0.2340165227651596,-0.07854357361793518,-0.3081328570842743,-0.30008867383003235,-0.0855577290058136,-0.27263471484184265,-0.263776957988739,-0.06743579357862473,-0.236639603972435,-0.2215753048658371,-0.046509791165590286
Right,Flat,0.0,0.0,0.0,-0.012803934514522552,-0.25795626640319824,0.02991868183016777,-0.12080883234739304,-0.4318552315235138,0.0372108556330204,-0.2724717855453491,-0.46903955936431885,0.036949388682842255,-0.38263997435569763,-0.4255434274673462,0.035894155502319336,-0.1824067085981369,-0.5509729385375977,-0.0069023738615214825,-0.41391491889953613,-0.6514551639556885,-0.023057028651237488,-0.5486528277397156,-0.6953966021537781,-0.03216363489627838,-0.6574617028236389,-0.7252448201179504,-0.03658666834235191,-0.26164066791534424,-0.43730035424232483,-0.03177634999155998,-0.4989430010318756,-0.5470612645149231,-0.04737260192632675,-0.6422062516212463,-0.6131941080093384,-0.06353994458913803,-0.7484655380249023,-0.6590739488601685,-0.07362693548202515,-0.31852078437805176,-0.2960478365421295,-0.04881501942873001,-0.4774531424045563,-0.34546443819999695,-0.05548720806837082,-0.40467551350593567,-0.3072483539581299,-0.041972920298576355,-0.3312576413154602,-0.2753611207008362,-0.02562837302684784,-0.35220423340797424,-0.15335577726364136,-0.06385668367147446,-0.418100506067276,-0.20180192589759827,-0.05727628991007805,-0.3607986867427826,-0.17929813265800476,-0.032439157366752625,-0.30364224314689636,-0.16019058227539062,-0.008110696449875832
Right,Flat,0.0,0.0,0.0,-0.10423733294010162,-0.07474885880947113,-0.0333523266017437,-0.17377597093582153,-0.23053891956806183,-0.05349569767713547,-0.15150700509548187,-0.35133010149002075,-0.08080457150936127,-0.10332629084587097,-0.4244735836982727,-0.10601968318223953,-0.14232279360294342,-0.4543639123439789,-0.02996090054512024,-0.16585367918014526,-0.6548966765403748,-0.08036456257104874,-0.17344656586647034,-0.7841086983680725,-0.11157961934804916,-0.17432673275470734,-0.8936751484870911,-0.12969887256622314,-0.06015962362289429,-0.4651723802089691,-0.05299358814954758,-0.09419804066419601,-0.7081664800643921,-0.10883287340402603,-0.1109929159283638,-0.8579232096672058,-0.143985778093338,-0.11880897730588913,-0.9801140427589417,-0.1589365005493164,0.027364928275346756,-0.42942458391189575,-0.08053053170442581,-0.011491267010569572,-0.5270859003067017,-0.15716195106506348,-0.04948790371417999,-0.3899090588092804,-0.1605479121208191,-0.07073864340782166,-0.2789102792739868,-0.13842520117759705,0.10670632869005203,-0.3624388575553894,-0.11079499125480652,0.05601704120635986,-0.3974247872829437,-0.16419139504432678,0.013250312767922878,-0.2911578118801117,-0.1518188863992691,-0.007686973083764315,-0.20488958060741425,-0.12735964357852936
Right,Flat,0.0,0.0,0.0,-0.12293465435504913,-0.07314477860927582,-0.020901156589388847,-0.20797549188137054,-0.23247362673282623,-0.028454279527068138,-0.20834006369113922,-0.3655849099159241,-0.04602787643671036,-0.176080122590065,-0.4577127993106842,-0.06182926520705223,-0.20056386291980743,-0.45165398716926575,0.0041883853264153,-0.2928151786327362,-0.6155107021331787,-0.03181007504463196,-0.3465762436389923,-0.7199975252151489,-0.05459846556186676,-0.3859058916568756,-0.8109849095344543,-0.06996311247348785,-0.12137234210968018,-0.48556196689605713,-0.02154022641479969,-0.17681558430194855,-0.7175374627113342,-0.06674109399318695,-0.20907720923423767,-0.8574531674385071,-0.10203994065523148,-0.22220730781555176,-0.9676300883293152,-0.11964894086122513,-0.03406723961234093,-0.4662073850631714,-0.05219940096139908,-0.08894087374210358,-0.5787721276283264,-0.12400686740875244,-0.11327853798866272,-0.4421059787273407,-0.13765613734722137,-0.11501125991344452,-0.329034686088562,-0.12533967196941376,0.05242679640650749,-0.415248841047287,-0.0842500850558281,-0.009612377732992172,-0.4365137815475464,-0.1427036076784134,-0.04309988021850586,-0.3189806640148163,-0.14262667298316956,-0.05046972259879112,-0.22424034774303436,-0.12790745496749878
Right,Flat,0.0,0.0,0.0,0.024524813517928123,-0.20435671508312225,0.015161000192165375,-0.030029421672225,-0.389024555683136,0.008713592775166035,-0.1274750828742981,-0.4690146744251251,-0.0052626729011535645,-0.21402694284915924,-0.46411606669425964,-0.02135208249092102,-0.03446267545223236,-0.5086932182312012,-0.03385700285434723,-0.12104779481887817,-0.7356953620910645,-0.06974615901708603,-0.16529829800128937,-0.8753366470336914,-0.0853482335805893,-0.20235075056552887,-0.9750781655311584,-0.0909770131111145,-0.1199285238981247,-0.4580366313457489,-0.058206766843795776,-0.28449392318725586,-0.6438972353935242,-0.09791355580091476,-0.3899075984954834,-0.7576199173927307,-0.1193147823214531,-0.4700721204280853,-0.8409807085990906,-0.12874393165111542,-0.19792984426021576,-0.36933884024620056,-0.07624305039644241,-0.3151993453502655,-0.4397664964199066,-0.10876689106225967,-0.28317221999168396,-0.37897568941116333,-0.10035589337348938,-0.24297161400318146,-0.3314298391342163,-0.08133238554000854,-0.2637483477592468,-0.26558420062065125,-0.09269014745950699,-0.3269002139568329,-0.2881821393966675,-0.10598030686378479,-0.2998802065849304,-0.2422647774219513,-0.08567841351032257,-0.26715514063835144,-0.209011971950531,-0.06053708866238594
Right,Flat,0.0,0.0,0.0,-0.027502262964844704,-0.23594260215759277,0.029378734529018402,-0.14832158386707306,-0.4208209812641144,0.030439553782343864,-0.29479342699050903,-0.5107245445251465,0.0240604430437088,-0.39051082730293274,-0.55097496509552,0.014410224743187428,-0.1762746274471283,-0.5331321358680725,-0.041591398417949677,-0.3762451708316803,-0.665351927280426,-0.07971181720495224,-0.4985329210758209,-0.7389138340950012,-0.10186058282852173,-0.5990092158317566,-0.7924849390983582,-0.11469782143831253,-0.23181602358818054,-0.42437097430229187,-0.07164659351110458,-0.4748374819755554,-0.5025821328163147,-0.10420006513595581,-0.6201024651527405,-0.5326723456382751,-0.12038379907608032,-0.7325157523155212,-0.558517575263977,-0.13282053172588348,-0.2768789231777191,-0.2965894937515259,-0.09365040063858032,-0.46151745319366455,-0.30791187286376953,-0.12469378113746643,-0.4069541096687317,-0.2530770003795624,-0.11363257467746735,-0.33916521072387695,-0.22002623975276947,-0.09797978401184082,-0.3125465512275696,-0.1612730473279953,-0.11240960657596588,-0.4136596620082855,-0.16816160082817078,-0.13131532073020935,-0.37017813324928284,-0.12679053843021393,-0.11300966143608093,-0.31490910053253174,-0.10493610799312592,-0.09110607951879501
Right,Flat,0.0,0.0,0.0,-0.0974559485912323,-0.06199333816766739,-0.03734632581472397,-0.1846885085105896,-0.1988607943058014,-0.06107376888394356,-0.18296048045158386,-0.30906975269317627,-0.0907502993941307,-0.13719813525676727,-0.38152143359184265,-0.11807605624198914,-0.16352048516273499,-0.44279199838638306,-0.04501080513000488,-0.22931674122810364,-0.6375225782394409,-0.09605909138917923,-0.26482123136520386,-0.7604249119758606,-0.12117702513933182,-0.2867763638496399,-0.8649651408195496,-0.13304732739925385,-0.07155599445104599,-0.46660128235816956,-0.06499498337507248,-0.10340487957000732,-0.6973541378974915,-0.12331344187259674,-0.11393269151449203,-0.8529202342033386,-0.15571630001068115,-0.113186776638031,-0.9798229336738586,-0.16472934186458588,0.02334391139447689,-0.43725883960723877,-0.0891289934515953,-0.03157910332083702,-0.44667118787765503,-0.1664624959230423,-0.0695425271987915,-0.30709171295166016,-0.17657148838043213,-0.08421629667282104,-0.20205609500408173,-0.15649735927581787,0.1064860075712204,-0.3733212351799011,-0.11607778072357178,0.04161134362220764,-0.3246033489704132,-0.1692572981119156,-0.0020787690300494432,-0.21256215870380402,-0.16277702152729034,-0.01934322528541088,-0.13091127574443817,-0.1409505009651184
Right,Flat,0.0,0.0,0.0,-0.12754030525684357,0.08611424267292023,-0.06983897089958191,-0.2746528685092926,0.062289245426654816,-0.10573608428239822,-0.31738603115081787,-0.09211806207895279,-0.1447279304265976,-0.3051987886428833,-0.22271029651165009,-0.17998260259628296,-0.43842920660972595,-0.08723001182079315,-0.06428728252649307,-0.617867112159729,-0.1350049078464508,-0.13275903463363647,-0.7355802655220032,-0.1764220893383026,-0.17220386862754822,-0.8360721468925476,-0.21877199411392212,-0.19410815834999084,-0.39770451188087463,-0.23421710729599,-0.07958933711051941,-0.5839455723762512,-0.3549184799194336,-0.15561215579509735,-0.7080373764038086,-0.45093807578086853,-0.19779103994369507,-0.8106761574745178,-0.545856237411499,-0.2117665857076645,-0.31030556559562683,-0.3369119465351105,-0.10416918247938156,-0.33570340275764465,-0.4024580419063568,-0.21526435017585754,-0.2266988307237625,-0.28561678528785706,-0.2278328239917755,-0.13851189613342285,-0.1956941932439804,-0.19625218212604523,-0.20168614387512207,-0.4023360013961792,-0.13392221927642822,-0.21964094042778015,-0.4368266761302948,-0.2149333953857422,-0.1514178365468979,-0.35435453057289124,-0.20684418082237244,-0.08966904878616333,-0.289573609828949,-0.1755010336637497
Right,Flat,0.0,0.0,0.0,-0.12866823375225067,0.08777359127998352,-0.06640969216823578,-0.2722480893135071,0.0662732720375061,-0.10195626318454742,-0.3141995668411255,-0.09392113238573074,-0.14101335406303406,-0.30660340189933777,-0.22367756068706512,-0.17644767463207245,-0.44050630927085876,-0.08120054751634598,-0.06477352976799011,-0.6195442080497742,-0.13304324448108673,-0.1330288052558899,-0.7347939014434814,-0.17768879234790802,-0.1717934012413025,-0.8338260054588318,-0.22093063592910767,-0.1923026293516159,-0.39777833223342896,-0.23111620545387268,-0.08071402460336685,-0.5790908336639404,-0.3524346649646759,-0.1571120321750641,-0.7058115601539612,-0.4501149356365204,-0.19781449437141418,-0.8127076625823975,-0.5436989665031433,-0.2095177173614502,-0.3090741038322449,-0.3346272110939026,-0.10537531226873398,-0.3258357644081116,-0.38935551047325134,-0.21422864496707916,-0.21895894408226013,-0.2711535394191742,-0.22381973266601562,-0.13453851640224457,-0.17887789011001587,-0.18955054879188538,-0.19890540838241577,-0.3997234106063843,-0.13503128290176392,-0.20974425971508026,-0.4406493902206421,-0.21016347408294678,-0.1480996459722519,-0.35190024971961975,-0.19805198907852173,-0.09276209771633148,-0.2774841785430908,-0.1638975739479065
Right,Flat,0.0,0.0,0.0,-0.1456586718559265,-0.18334455788135529,0.03446970880031586,-0.3256434202194214,-0.24394336342811584,0.03338565677404404,-0.4675770103931427,-0.1741311401128769,0.01645009033381939,-0.549375593662262,-0.058468569070100784,-0.0021919813007116318,-0.3957757353782654,-0.4016329050064087,0.003653310937806964,-0.6040147542953491,-0.47236743569374084,-0.02816193737089634,-0.7254923582077026,-0.5242660045623779,-0.042918700724840164,-0.8244726061820984,-0.5637065768241882,-0.04979763552546501,-0.4264524281024933,-0.31312045454978943,-0.035446926951408386,-0.6788951754570007,-0.2553047239780426,-0.06812726706266403,-0.8218974471092224,-0.23354986310005188,-0.08756634593009949,-0.9365124702453613,-0.22561410069465637,-0.09801194816827774,-0.42911916971206665,-0.19181141257286072,-0.06993132084608078,-0.5593563318252563,0.010561799630522728,-0.10410897433757782,-0.49522048234939575,0.0775565579533577,-0.11347698420286179,-0.43377771973609924,0.08372411131858826,-0.10940805077552795,-0.4191876947879791,-0.0511825755238533,-0.10249311476945877,-0.4837022125720978,0.11746130138635635,-0.12034325301647186,-0.42975473403930664,0.1871073693037033,-0.11577776074409485,-0.38056910037994385,0.2046171873807907,-0.10515791922807693
Right,Flat,0.0,0.0,0.0,0.059031687676906586,-0.18438197672367096,0.02180822193622589,0.041150547564029694,-0.36343875527381897,0.02468663640320301,-0.019642313942313194,-0.4443974494934082,0.01646319590508938,-0.08480961620807648,-0.4726491868495941,0.005421677138656378,0.052861250936985016,-0.4653923213481903,-0.007455859798938036,0.04681297391653061,-0.7008732557296753,-0.03192522004246712,0.039666205644607544,-0.8380396366119385,-0.03744896501302719,0.029131677001714706,-0.9286367893218994,-0.03147478029131889,-0.04466424882411957,-0.45515429973602295,-0.03239933401346207,-0.10998743027448654,-0.7095668315887451,-0.05569906160235405,-0.1486908346414566,-0.8677651286125183,-0.06616517901420593,-0.18297463655471802,-0.9810851216316223,-0.0631852000951767,-0.13493862748146057,-0.4038753807544708,-0.053684886544942856,-0.16699771583080292,-0.4665448069572449,-0.07923451066017151,-0.1443101167678833,-0.3975713551044464,-0.08750453591346741,-0.12695808708667755,-0.3300686180591583,-0.07586967200040817,-0.214852973818779,-0.32916390895843506,-0.07147501409053802,-0.2198190838098526,-0.3515404462814331,-0.0728038027882576,-0.19696366786956787,-0.30766570568084717,-0.05717854201793671,-0.18225564062595367,-0.2577914595603943,-0.035810064524412155
Right,Flat,0.0,0.0,0.0,0.07997803390026093,-0.17704910039901733,0.022814854979515076,0.08051785081624985,-0.36457914113998413,0.023959515616297722,0.030715100467205048,-0.4854663908481598,0.016597332432866096,-0.028483908623456955,-0.5536318421363831,0.005781601648777723,0.0683046281337738,-0.4582459330558777,-0.027868147939443588,0.050045233219861984,-0.7085211277008057,-0.05070578306913376,0.033632855862379074,-0.8465407490730286,-0.05440887063741684,0.012973349541425705,-0.9396910667419434,-0.049425158649683,-0.03311998397111893,-0.4458540678024292,-0.05154792219400406,-0.09829762578010559,-0.7101829051971436,-0.07113999873399734,-0.14020565152168274,-0.8657382130622864,-0.0783534049987793,-0.18156631290912628,-0.9803746342658997,-0.07680720090866089,-0.12699344754219055,-0.39188942313194275,-0.06873435527086258,-0.17587946355342865,-0.5050348043441772,-0.08819171786308289,-0.1479804664850235,-0.4489804804325104,-0.08752557635307312,-0.12266892939805984,-0.38529711961746216,-0.07501225173473358,-0.20563198626041412,-0.3137010633945465,-0.08213561028242111,-0.22425433993339539,-0.35554173588752747,-0.08506497740745544,-0.19798213243484497,-0.3165893852710724,-0.06777466833591461,-0.17637112736701965,-0.2685755789279938,-0.046262647956609726
Right,Flat,0.0,0.0,0.0,-0.10950510948896408,-0.0767131969332695,-0.02481961064040661,-0.1803121417760849,-0.2515585124492645,-0.03746248409152031,-0.16744564473628998,-0.385541707277298,-0.05876203998923302,-0.13100117444992065,-0.4690881371498108,-0.07763759791851044,-0.13989706337451935,-0.4575924277305603,-0.016633786261081696,-0.2011134922504425,-0.6531790494918823,-0.06508799642324448,-0.23259083926677704,-0.7742782235145569,-0.09074689447879791,-0.2501072883605957,-0.8765754699707031,-0.10380353778600693,-0.057589296251535416,-0.4770086705684662,-0.039826784282922745,-0.10222665220499039,-0.7178648114204407,-0.09707852452993393,-0.1290767341852188,-0.8623455166816711,-0.12913011014461517,-0.1400158703327179,-0.9805275201797485,-0.1377001255750656,0.027778008952736855,-0.45137861371040344,-0.06733677536249161,-0.0625094547867775,-0.5235345363616943,-0.147775337100029,-0.09827829152345657,-0.3737758994102478,-0.15186041593551636,-0.09838341921567917,-0.2597542107105255,-0.12616966664791107,0.10248502343893051,-0.3944452702999115,-0.0966474637389183,0.007543897721916437,-0.36545494198799133,-0.1549733430147171,-0.01879270188510418,-0.24963423609733582,-0.1476963609457016,-0.004973564762622118,-0.1748717874288559,-0.12352897226810455
Right,Flat,0.0,0.0,0.0,0.045651353895664215,-0.21537229418754578,0.020881032571196556,-0.005477790255099535,-0.3983026146888733,0.016352752223610878,-0.10341900587081909,-0.4509502947330475,0.0036242480855435133,-0.19268515706062317,-0.4401226043701172,-0.011789890937507153,-0.013207774609327316,-0.49699848890304565,-0.03066345304250717,-0.07840262353420258,-0.7430081963539124,-0.06000952795147896,-0.12252403050661087,-0.8843379020690918,-0.06848669052124023,-0.15734048187732697,-0.9852926731109619,-0.0666494145989418,-0.1115112155675888,-0.4519274830818176,-0.05346107482910156,-0.23185598850250244,-0.6818581819534302,-0.08278118073940277,-0.30634909868240356,-0.8216962218284607,-0.09311573207378387,-0.36192288994789124,-0.9219864010810852,-0.09200597554445267,-0.19443663954734802,-0.3745335042476654,-0.0693243220448494,-0.26434218883514404,-0.4631193280220032,-0.08853317052125931,-0.22487857937812805,-0.40939128398895264,-0.07956413924694061,-0.18702325224876404,-0.3525533080101013,-0.059813376516103745,-0.25830817222595215,-0.2823127210140228,-0.08309498429298401,-0.2765870690345764,-0.32409608364105225,-0.07869532704353333,-0.24281997978687286,-0.2830025553703308,-0.05245902016758919,-0.21106593310832977,-0.23831379413604736,-0.024138281121850014
Right,Flat,0.0,0.0,0.0,0.05629520118236542,-0.22964803874492645,-0.006155586335808039,0.017499292269349098,-0.40245622396469116,-0.008257772773504257,-0.07240448892116547,-0.4311569333076477,-0.016581755131483078,-0.1528661698102951,-0.4047258198261261,-0.025436487048864365,-0.05429189279675484,-0.5245601534843445,-0.008154728449881077,-0.09517495334148407,-0.7547264695167542,-0.03020222671329975,-0.12429260462522507,-0.8894360065460205,-0.040181975811719894,-0.1541469842195511,-0.9872323274612427,-0.040136925876140594,-0.15415889024734497,-0.46632120013237,-0.01792304590344429,-0.2256753146648407,-0.6728863716125488,-0.03507879003882408,-0.2744132876396179,-0.8070575594902039,-0.048557382076978683,-0.31458690762519836,-0.901633620262146,-0.05056733638048172,-0.22408083081245422,-0.37551164627075195,-0.02792767435312271,-0.19629503786563873,-0.4351949691772461,-0.047247741371393204,-0.1434163898229599,-0.38699930906295776,-0.05606866255402565,-0.11094481498003006,-0.3258747160434723,-0.04688005894422531,-0.2744423449039459,-0.27200862765312195,-0.038892440497875214,-0.23413479328155518,-0.3082627058029175,-0.035136546939611435,-0.19194912910461426,-0.27439942955970764,-0.019214415922760963,-0.16524721682071686,-0.22203946113586426,0.0014177452540025115
Right,Flat,0.0,0.0,0.0,0.06369911134243011,-0.23039904236793518,-0.017752960324287415,0.03619755804538727,-0.4107833504676819,-0.019707832485437393,-0.055241912603378296,-0.4534248411655426,-0.026454001665115356,-0.13752445578575134,-0.4272870719432831,-0.032701775431632996,-0.0846538245677948,-0.5373112559318542,0.002404924016445875,-0.12092385441064835,-0.7557017803192139,-0.015293436124920845,-0.14780251681804657,-0.8849075436592102,-0.027498986572027206,-0.174116313457489,-0.9842379093170166,-0.03097117319703102,-0.18059350550174713,-0.4720361530780792,-0.0011449330486357212,-0.23857448995113373,-0.6526054739952087,-0.013679280877113342,-0.28134769201278687,-0.776756763458252,-0.029674747958779335,-0.31453579664230347,-0.8670660853385925,-0.0362970307469368,-0.24397991597652435,-0.37594664096832275,-0.007487353403121233,-0.2049177885055542,-0.4409988224506378,-0.027165349572896957,-0.1570710390806198,-0.3916962146759033,-0.040053144097328186,-0.12675908207893372,-0.32596492767333984,-0.03526470437645912,-0.288595587015152,-0.26828140020370483,-0.016089536249637604,-0.2427496314048767,-0.3073461651802063,-0.01719304546713829,-0.2037845104932785,-0.2738862931728363,-0.007502504624426365,-0.17749886214733124,-0.22241710126399994,0.00840582326054573
Right,Flat,0.0,0.0,0.0,0.06380884349346161,-0.20443296432495117,0.0168351698666811,0.02960309386253357,-0.3916311264038086,0.010264512151479721,-0.05449866130948067,-0.4671555161476135,-0.003743677167221904,-0.13967126607894897,-0.4843595027923584,-0.020603427663445473,0.03614646568894386,-0.4654006063938141,-0.03326290100812912,0.018264377489686012,-0.7239769697189331,-0.06294284760951996,0.006843389477580786,-0.8707230091094971,-0.07208674401044846,-0.002123845973983407,-0.9765928387641907,-0.07086339592933655,-0.06088724732398987,-0.4603939950466156,-0.052366793155670166,-0.11441139131784439,-0.7183638215065002,-0.07386646419763565,-0.15859083831310272,-0.8695634007453918,-0.07856963574886322,-0.19580672681331635,-0.9776503443717957,-0.07654792815446854,-0.15374352037906647,-0.4193772077560425,-0.06618568301200867,-0.21463826298713684,-0.5618963241577148,-0.07834183424711227,-0.1957438588142395,-0.5006944537162781,-0.06695456802845001,-0.17286182940006256,-0.4294590651988983,-0.04997209087014198,-0.23139433562755585,-0.3560885787010193,-0.07855027168989182,-0.24505287408828735,-0.4064415395259857,-0.07406094670295715,-0.21781818568706512,-0.36409035325050354,-0.052420858293771744,-0.19538427889347076,-0.317898690700531,-0.029662055894732475
Right,Flat,0.0,0.0,0.0,0.03551483526825905,-0.20984339714050293,0.01857028715312481,-0.03235194459557533,-0.3882414698600769,0.014723781496286392,-0.14778472483158112,-0.4536660313606262,0.0033825370483100414,-0.24502789974212646,-0.45783841609954834,-0.00979292206466198,-0.02598590776324272,-0.49042755365371704,-0.019525699317455292,-0.11838340759277344,-0.7340938448905945,-0.04622730240225792,-0.17113418877124786,-0.8728300929069519,-0.057726312428712845,-0.2161749005317688,-0.974528968334198,-0.0596795417368412,-0.11893489211797714,-0.4407508373260498,-0.040152307599782944,-0.23918035626411438,-0.6770179867744446,-0.05962267890572548,-0.3158513903617859,-0.8043277263641357,-0.07139881700277328,-0.3767710328102112,-0.8974950313568115,-0.07582404464483261,-0.20538316667079926,-0.3590449094772339,-0.05523574352264404,-0.30316904187202454,-0.47214198112487793,-0.06967739015817642,-0.26075294613838196,-0.4066661596298218,-0.060357850044965744,-0.21856316924095154,-0.3473608195781708,-0.044386494904756546,-0.2782869338989258,-0.2642555236816406,-0.06833641231060028,-0.3165300786495209,-0.31765294075012207,-0.06554471701383591,-0.2819342613220215,-0.273278146982193,-0.0418391153216362,-0.2500157356262207,-0.23507854342460632,-0.017647061496973038
Right,Flat,0.0,0.0,0.0,0.07246348261833191,-0.20312634110450745,0.011910315603017807,0.046117499470710754,-0.38150086998939514,0.003754464676603675,-0.04038305580615997,-0.43915465474128723,-0.01158243790268898,-0.12921535968780518,-0.43365421891212463,-0.03161957859992981,0.024089710786938667,-0.4764197766780853,-0.029749033972620964,0.007818629033863544,-0.7081676721572876,-0.05793505162000656,-0.00474591925740242,-0.8445419073104858,-0.07267487794160843,-0.016345331445336342,-0.9471002221107483,-0.07631653547286987,-0.08169765025377274,-0.45814377069473267,-0.04925031214952469,-0.13510474562644958,-0.7055396437644958,-0.06479578465223312,-0.17330780625343323,-0.8605385422706604,-0.07278431951999664,-0.2074333131313324,-0.9754051566123962,-0.0745403990149498,-0.17510204017162323,-0.3972402513027191,-0.06411778181791306,-0.22354383766651154,-0.5228061676025391,-0.0731990858912468,-0.18751636147499084,-0.47878971695899963,-0.06774011254310608,-0.15429043769836426,-0.4182851314544678,-0.05606633797287941,-0.24619810283184052,-0.31338703632354736,-0.07772310078144073,-0.2514110803604126,-0.37151309847831726,-0.07002382725477219,-0.21407130360603333,-0.3410497009754181,-0.04540514200925827,-0.18307672441005707,-0.296841025352478,-0.02161184512078762
Right,Flat,0.0,0.0,0.0,0.0778946503996849,-0.19615817070007324,0.014789851382374763,0.059525016695261,-0.393155038356781,0.012147918343544006,-0.008746535517275333,-0.5025429129600525,0.002751186490058899,-0.0805436372756958,-0.5499464869499207,-0.008523575030267239,0.0527140237390995,-0.48526930809020996,-0.03215593099594116,0.02137773297727108,-0.7435715794563293,-0.053250182420015335,-0.0029084060806781054,-0.8768587112426758,-0.054925624281167984,-0.028124136850237846,-0.9652943015098572,-0.047432202845811844,-0.06313011050224304,-0.45453402400016785,-0.05030309781432152,-0.13443903625011444,-0.721980631351471,-0.06726173311471939,-0.18012697994709015,-0.8688015341758728,-0.07094858586788177,-0.22356048226356506,-0.972499668598175,-0.06530796736478806,-0.1649170070886612,-0.3884637951850891,-0.06286309659481049,-0.1902027279138565,-0.4963138699531555,-0.0795418918132782,-0.14364850521087646,-0.43135279417037964,-0.0774642825126648,-0.10794096440076828,-0.3572738766670227,-0.06262179464101791,-0.24496079981327057,-0.3044634461402893,-0.07248328626155853,-0.22414134442806244,-0.35802942514419556,-0.07056111097335815,-0.1826491355895996,-0.31734153628349304,-0.05134870857000351,-0.1544957160949707,-0.2652958929538727,-0.02806435339152813
Right,Flat,0.0,0.0,0.0,0.07029120624065399,-0.2223951518535614,0.03242935240268707,0.036402538418769836,-0.4149765074253082,0.034934382885694504,-0.048799436539411545,-0.48835042119026184,0.02746386080980301,-0.13809746503829956,-0.4954758286476135,0.01629950851202011,0.029724005609750748,-0.5094712376594543,-0.012155380100011826,-0.014610898680984974,-0.7515691518783569,-0.02777833491563797,-0.04703599959611893,-0.8789384365081787,-0.02975625917315483,-0.07474692910909653,-0.9652707576751709,-0.024046041071414948,-0.08745793998241425,-0.4719001054763794,-0.037390466779470444,-0.17418687045574188,-0.7240978479385376,-0.043578680604696274,-0.2247879058122635,-0.8626766204833984,-0.04331974685192108,-0.267381876707077,-0.96281498670578,-0.03865685313940048,-0.19005051255226135,-0.39534133672714233,-0.05562317743897438,-0.2425018548965454,-0.5079472064971924,-0.05737513676285744,-0.1967272013425827,-0.4446711540222168,-0.048769839107990265,-0.15665404498577118,-0.374764084815979,-0.034913476556539536,-0.26798301935195923,-0.29942262172698975,-0.0703834742307663,-0.2676655352115631,-0.35003921389579773,-0.056751083582639694,-0.22654199600219727,-0.3067754805088043,-0.03063526749610901,-0.19327501952648163,-0.2562452256679535,-0.005611425265669823
Right,Flat,0.0,0.0,0.0,0.07241560518741608,-0.20544421672821045,0.020869454368948936,0.03676462545990944,-0.3946087062358856,0.016890978440642357,-0.05538156256079674,-0.4604990482330322,0.00442125927656889,-0.14435745775699615,-0.471571147441864,-0.010552911087870598,0.02733667381107807,-0.5022113919258118,-0.024736998602747917,-0.0163090992718935,-0.7514321208000183,-0.044620051980018616,-0.045561909675598145,-0.8864662051200867,-0.05009360983967781,-0.07262915372848511,-0.9802036881446838,-0.04748782515525818,-0.08371282368898392,-0.4688517451286316,-0.046255238354206085,-0.16163454949855804,-0.7146121859550476,-0.05841118097305298,-0.2130032181739807,-0.8598155379295349,-0.06483293324708939,-0.25731924176216125,-0.9641091823577881,-0.06542319059371948,-0.1807742565870285,-0.39834627509117126,-0.0610714927315712,-0.21643756330013275,-0.5199148654937744,-0.06452254205942154,-0.17091244459152222,-0.45819753408432007,-0.05531969666481018,-0.1375282257795334,-0.38877418637275696,-0.04181273654103279,-0.25260692834854126,-0.30510252714157104,-0.07401473075151443,-0.23707640171051025,-0.3629148602485657,-0.061487942934036255,-0.19770704209804535,-0.3214496970176697,-0.03507908433675766,-0.17108577489852905,-0.2691708505153656,-0.009871824644505978
Right,Flat,0.0,0.0,0.0,0.04584496095776558,-0.21712473034858704,0.022399481385946274,-0.008877822197973728,-0.39697057008743286,0.016897374764084816,-0.10741861909627914,-0.44486770033836365,0.0006123094353824854,-0.19738727807998657,-0.4391990900039673,-0.01824735663831234,-0.002736122580245137,-0.49397706985473633,-0.0197028536349535,-0.04912673681974411,-0.7523250579833984,-0.046133652329444885,-0.07732658088207245,-0.8925312161445618,-0.05442206561565399,-0.10135071724653244,-0.9926294684410095,-0.053221769630908966,-0.10566449910402298,-0.4604054391384125,-0.04526839777827263,-0.1915571242570877,-0.7124295234680176,-0.06179813668131828,-0.24669823050498962,-0.8529752492904663,-0.06846504658460617,-0.2908843159675598,-0.9543243050575256,-0.06820162385702133,-0.19666019082069397,-0.3875220715999603,-0.06564733386039734,-0.24953989684581757,-0.49111858010292053,-0.07805479317903519,-0.21297557651996613,-0.42338883876800537,-0.07356458902359009,-0.17789222300052643,-0.35400256514549255,-0.0609535314142704,-0.268247127532959,-0.29168498516082764,-0.0840265154838562,-0.26411664485931396,-0.3145349621772766,-0.08189031481742859,-0.2262732833623886,-0.2736949026584625,-0.06390661746263504,-0.19419467449188232,-0.23234573006629944,-0.04357490316033363
Right,Flat,0.0,0.0,0.0,0.03942371532320976,-0.22239775955677032,0.022921985015273094,-0.020928308367729187,-0.39561840891838074,0.01723501645028591,-0.12117695808410645,-0.4368422031402588,0.0013271868228912354,-0.21137279272079468,-0.42763426899909973,-0.017078647390007973,-0.013367190025746822,-0.49147239327430725,-0.019931435585021973,-0.06270357221364975,-0.7452430725097656,-0.0469374880194664,-0.09211203455924988,-0.8855923414230347,-0.05583924055099487,-0.11608342081308365,-0.9887630939483643,-0.055070847272872925,-0.1130804643034935,-0.4566049575805664,-0.04401840642094612,-0.19592490792274475,-0.7064746618270874,-0.06164968013763428,-0.24827256798744202,-0.8503775000572205,-0.06842054426670074,-0.28910157084465027,-0.9548453688621521,-0.06848769634962082,-0.2017844319343567,-0.38319215178489685,-0.062690868973732,-0.2561325430870056,-0.49367600679397583,-0.07374066859483719,-0.21427781879901886,-0.428521066904068,-0.06651082634925842,-0.17604343593120575,-0.361531525850296,-0.052121732383966446,-0.2701137959957123,-0.2908867299556732,-0.07953351736068726,-0.2638450562953949,-0.32276812195777893,-0.07626248896121979,-0.2227027416229248,-0.28392255306243896,-0.05712588503956795,-0.18932417035102844,-0.24471768736839294,-0.03585939109325409
Right,Flat,0.0,0.0,0.0,0.04294682666659355,-0.21583683788776398,0.01722307689487934,-0.016028305515646935,-0.39480459690093994,0.010412118397653103,-0.11876983940601349,-0.4517993927001953,-0.00499529717490077,-0.21102149784564972,-0.4564434289932251,-0.022329149767756462,-0.007322399877011776,-0.48645269870758057,-0.024734431877732277,-0.05344497784972191,-0.7437273859977722,-0.05394229665398598,-0.08179811388254166,-0.8875185251235962,-0.06365170329809189,-0.10664469003677368,-0.9923045039176941,-0.06291898339986801,-0.10493092238903046,-0.4552111327648163,-0.04607280343770981,-0.1883469820022583,-0.7059383988380432,-0.06611619144678116,-0.24033626914024353,-0.8499030470848083,-0.07231378555297852,-0.2811812460422516,-0.953866183757782,-0.07141739875078201,-0.19294652342796326,-0.3864456117153168,-0.06270421296358109,-0.2487410604953766,-0.4948180913925171,-0.07732969522476196,-0.21202188730239868,-0.4250243902206421,-0.06963836401700974,-0.17769871652126312,-0.35408756136894226,-0.05402909591794014,-0.26286420226097107,-0.2977767884731293,-0.07782023400068283,-0.26390883326530457,-0.3319301903247833,-0.0767771303653717,-0.2288641333580017,-0.28690049052238464,-0.057761792093515396,-0.20110075175762177,-0.24257776141166687,-0.03630087897181511
Right,Flat,0.0,0.0,0.0,0.04845082014799118,-0.21970242261886597,0.01194460317492485,-0.00712168775498867,-0.40314558148384094,0.0057410928420722485,-0.11411087960004807,-0.45908764004707336,-0.008407662622630596,-0.20711232721805573,-0.46629995107650757,-0.023655513301491737,0.002762298798188567,-0.4991984963417053,-0.02269562892615795,-0.05331823229789734,-0.7526575326919556,-0.05239284411072731,-0.08371333032846451,-0.8920915722846985,-0.06081922724843025,-0.1087055653333664,-0.9923808574676514,-0.05799292400479317,-0.0981927141547203,-0.4635809361934662,-0.04199644923210144,-0.18946239352226257,-0.7134097814559937,-0.06471022218465805,-0.24077573418617249,-0.8548466563224792,-0.07132234424352646,-0.27987948060035706,-0.9571715593338013,-0.06805352121591568,-0.18830230832099915,-0.3930359482765198,-0.05783507600426674,-0.24003371596336365,-0.4878406226634979,-0.07830619066953659,-0.20137903094291687,-0.41790032386779785,-0.07546669244766235,-0.16659066081047058,-0.34866848587989807,-0.05998570844531059,-0.26132944226264954,-0.30317094922065735,-0.07229052484035492,-0.2537289261817932,-0.326384037733078,-0.07570527493953705,-0.21693187952041626,-0.2813095450401306,-0.06020475551486015,-0.19025112688541412,-0.2368699610233307,-0.03945797681808472
Right,Flat,0.0,0.0,0.0,-0.11324357241392136,-0.07195587456226349,-0.03805767372250557,-0.19632427394390106,-0.23232461512088776,-0.05627076327800751,-0.16707661747932434,-0.36305105686187744,-0.07836806774139404,-0.11449086666107178,-0.4512285590171814,-0.10019508749246597,-0.16829511523246765,-0.458951473236084,-0.03621187433600426,-0.2271094173192978,-0.6567257642745972,-0.07804315537214279,-0.26199302077293396,-0.7780633568763733,-0.09853880107402802,-0.28761348128318787,-0.8800030946731567,-0.109685979783535,-0.08006615191698074,-0.482388436794281,-0.05392204597592354,-0.11244140565395355,-0.7254725694656372,-0.0978095605969429,-0.13127325475215912,-0.8698253631591797,-0.12296117842197418,-0.14143583178520203,-0.9811108112335205,-0.13197535276412964,0.00944583024829626,-0.4531186521053314,-0.0769762247800827,-0.036606959998607635,-0.5420278906822205,-0.15283042192459106,-0.06679809838533401,-0.4418509006500244,-0.17301249504089355,-0.07807935774326324,-0.3572210669517517,-0.1647774577140808,0.09164366126060486,-0.39087188243865967,-0.10137781500816345,0.017911285161972046,-0.3865499496459961,-0.16593702137470245,-0.027268588542938232,-0.27048516273498535,-0.1704658716917038,-0.04496610909700394,-0.17188917100429535,-0.15856772661209106
Right,Flat,0.0,0.0,0.0,-0.11091061681509018,-0.07660937309265137,-0.034373391419649124,-0.19150416553020477,-0.2387458235025406,-0.0514180026948452,-0.16387245059013367,-0.36483436822891235,-0.07389657944440842,-0.11082611978054047,-0.4489102363586426,-0.0952007994055748,-0.16082921624183655,-0.4644051790237427,-0.028675375506281853,-0.22089184820652008,-0.6609424948692322,-0.0705542340874672,-0.2567497193813324,-0.7808315753936768,-0.09089304506778717,-0.2825896739959717,-0.8811464905738831,-0.1014837920665741,-0.07384023070335388,-0.48456665873527527,-0.04755226522684097,-0.108309306204319,-0.7215753197669983,-0.09512529522180557,-0.13003939390182495,-0.8672254085540771,-0.12291989475488663,-0.14144282042980194,-0.9810400605201721,-0.13249321281909943,0.014916378073394299,-0.45453667640686035,-0.07153627276420593,-0.040205199271440506,-0.5270903706550598,-0.1494874358177185,-0.06886287778615952,-0.4053935110569,-0.16652503609657288,-0.07530920952558517,-0.3052007555961609,-0.15375523269176483,0.09641645103693008,-0.3937758505344391,-0.09689019620418549,0.02052777260541916,-0.38567405939102173,-0.15976907312870026,-0.022630343213677406,-0.2651578485965729,-0.16124674677848816,-0.03587980940937996,-0.16693970561027527,-0.14612576365470886
Right,Flat,0.0,0.0,0.0,-0.10678067058324814,-0.07476463913917542,-0.034242622554302216,-0.1826816201210022,-0.2372375726699829,-0.05212461203336716,-0.15871012210845947,-0.3687083125114441,-0.07571480423212051,-0.11260155588388443,-0.4593695104122162,-0.09715957939624786,-0.15093062818050385,-0.4606441557407379,-0.029545461758971214,-0.20990318059921265,-0.6591550707817078,-0.07374021410942078,-0.24566979706287384,-0.7774395942687988,-0.09549734741449356,-0.2709609270095825,-0.8769362568855286,-0.10704538226127625,-0.0647653341293335,-0.47904133796691895,-0.04902238771319389,-0.10026282072067261,-0.7187634110450745,-0.09980757534503937,-0.12208150327205658,-0.8647255897521973,-0.12915779650211334,-0.13329000771045685,-0.9811849594116211,-0.13967734575271606,0.023357583209872246,-0.4476301372051239,-0.07343804836273193,-0.04049989953637123,-0.530510425567627,-0.15417024493217468,-0.06616435945034027,-0.3966507315635681,-0.16743247210979462,-0.06762082874774933,-0.2883381247520447,-0.15125620365142822,0.10452438145875931,-0.38493838906288147,-0.09940575063228607,0.026400497183203697,-0.3802269697189331,-0.16476963460445404,-0.017338749021291733,-0.2600894570350647,-0.1655128002166748,-0.030789891257882118,-0.16510576009750366,-0.14907436072826385
Right,Flat,0.0,0.0,0.0,-0.14552605152130127,0.04053889587521553,-0.05276486650109291,-0.2926903963088989,-0.02240694686770439,-0.0801057443022728,-0.3457641303539276,-0.2059757113456726,-0.11402297765016556,-0.3620043992996216,-0.3634115159511566,-0.1454876959323883,-0.4386599361896515,-0.16274037957191467,-0.02423274517059326,-0.613582193851471,-0.20292633771896362,-0.08278559893369675,-0.7205331325531006,-0.2301042377948761,-0.11656501889228821,-0.8089433312416077,-0.2553524971008301,-0.13398772478103638,-0.3897187113761902,-0.29431256651878357,-0.047889627516269684,-0.5843372344970703,-0.4389692544937134,-0.10947933793067932,-0.6957941651344299,-0.526909589767456,-0.1448100209236145,-0.7783705592155457,-0.6083658337593079,-0.15501736104488373,-0.29277512431144714,-0.3739332854747772,-0.0810670480132103,-0.3713839650154114,-0.4396645426750183,-0.18316377699375153,-0.28495532274246216,-0.30369651317596436,-0.19454090297222137,-0.21651218831539154,-0.22293174266815186,-0.16798149049282074,-0.1744341254234314,-0.4139581322669983,-0.11743173003196716,-0.2211904674768448,-0.4157313108444214,-0.19168812036514282,-0.1672445833683014,-0.28745850920677185,-0.17930996417999268,-0.11748815327882767,-0.21225014328956604,-0.14897304773330688
Right,Flat,0.0,0.0,0.0,-0.15100836753845215,0.04152067005634308,-0.0458945594727993,-0.30054885149002075,-0.015878353267908096,-0.06723672896623611,-0.3529205024242401,-0.19372878968715668,-0.0977538600564003,-0.36313942074775696,-0.34337934851646423,-0.12631665170192719,-0.44347015023231506,-0.15477204322814941,-0.008647702634334564,-0.6216558814048767,-0.18922516703605652,-0.06249025836586952,-0.7310981154441833,-0.21664711833000183,-0.09368302673101425,-0.8228490352630615,-0.24539482593536377,-0.1106187254190445,-0.3983705937862396,-0.2866145372390747,-0.03539237007498741,-0.5936122536659241,-0.42703360319137573,-0.09701177477836609,-0.7112062573432922,-0.5084484219551086,-0.13372008502483368,-0.8006372451782227,-0.5816402435302734,-0.1437869518995285,-0.30172333121299744,-0.3689819276332855,-0.07154233008623123,-0.3940489590167999,-0.4435769319534302,-0.17774324119091034,-0.2973394989967346,-0.3093084990978241,-0.18962998688220978,-0.2176317721605301,-0.22300702333450317,-0.1602976769208908,-0.17958639562129974,-0.4123448133468628,-0.10996849089860916,-0.23850560188293457,-0.4193255603313446,-0.189596027135849,-0.17868854105472565,-0.2954578697681427,-0.17791645228862762,-0.1196722611784935,-0.2191748023033142,-0.14540520310401917
Right,Flat,0.0,0.0,0.0,-0.14890187978744507,0.04578898474574089,-0.049873024225234985,-0.3079373240470886,-0.014607514254748821,-0.07161898910999298,-0.36685845255851746,-0.1991736739873886,-0.10011298209428787,-0.37979066371917725,-0.35289525985717773,-0.12618660926818848,-0.44849902391433716,-0.14692576229572296,-0.014748814515769482,-0.6241945624351501,-0.1842595487833023,-0.0702914223074913,-0.7307007312774658,-0.20866945385932922,-0.10360385477542877,-0.8207414150238037,-0.23124176263809204,-0.12250227481126785,-0.4026467502117157,-0.27911946177482605,-0.03920811787247658,-0.5996129512786865,-0.4192841053009033,-0.10159683972597122,-0.7135248780250549,-0.502078652381897,-0.14058831334114075,-0.8020743131637573,-0.577079713344574,-0.15380428731441498,-0.3072890639305115,-0.36334529519081116,-0.07297996431589127,-0.3970208168029785,-0.44896575808525085,-0.1789681762456894,-0.30395621061325073,-0.3215772807598114,-0.19257012009620667,-0.23020344972610474,-0.23859038949012756,-0.16678424179553986,-0.1891413927078247,-0.4096091687679291,-0.10933578014373779,-0.24211765825748444,-0.4200264513492584,-0.1905832290649414,-0.18335264921188354,-0.2935594320297241,-0.1814306378364563,-0.12905767560005188,-0.21360746026039124,-0.1524028182029724
Right,Flat,0.0,0.0,0.0,0.04192996770143509,-0.19481441378593445,0.02053004875779152,0.009331850335001945,-0.38624805212020874,0.01695745810866356,-0.07117161899805069,-0.48122838139533997,0.0032909491565078497,-0.158767431974411,-0.5038806200027466,-0.01214720867574215,0.030895886942744255,-0.49353307485580444,-0.01484773401170969,-0.02477611042559147,-0.71668541431427,-0.047236304730176926,-0.05154671519994736,-0.8505131602287292,-0.06180068850517273,-0.07219459861516953,-0.9489357471466064,-0.06721054762601852,-0.04376080632209778,-0.4791785180568695,-0.044828150421381,-0.15772171318531036,-0.7125729322433472,-0.07815134525299072,-0.22501800954341888,-0.8507007360458374,-0.0949607864022255,-0.27077919244766235,-0.9572877287864685,-0.10138356685638428,-0.12137340754270554,-0.4235955476760864,-0.07053814828395844,-0.25285136699676514,-0.5363964438438416,-0.10663953423500061,-0.2531507909297943,-0.45396459102630615,-0.1051727905869484,-0.2236662358045578,-0.38849756121635437,-0.09140168875455856,-0.19900020956993103,-0.34133270382881165,-0.09425149857997894,-0.27832019329071045,-0.35277724266052246,-0.11896034330129623,-0.26748672127723694,-0.2933303415775299,-0.11098574101924896,-0.23496553301811218,-0.25736257433891296,-0.09494441002607346
Right,Flat,0.0,0.0,0.0,0.11363653838634491,-0.1858440339565277,-0.01879456453025341,0.13232490420341492,-0.38447999954223633,-0.028951114043593407,0.06981821358203888,-0.49798107147216797,-0.03912345692515373,0.001947191427461803,-0.5487846732139587,-0.04782866686582565,0.05818719416856766,-0.5044781565666199,-0.04578401520848274,0.05959461256861687,-0.7497707605361938,-0.07577279210090637,0.05673838034272194,-0.8906899094581604,-0.08911408483982086,0.05355789139866829,-0.9944939613342285,-0.09007362276315689,-0.06296958774328232,-0.477561354637146,-0.048050858080387115,-0.11821667104959488,-0.7127038240432739,-0.07480423152446747,-0.15165632963180542,-0.8659843802452087,-0.08646796643733978,-0.17988188564777374,-0.9731255769729614,-0.08587423712015152,-0.15629154443740845,-0.41544386744499207,-0.04864809662103653,-0.12984977662563324,-0.5255464315414429,-0.07178598642349243,-0.08197269588708878,-0.4724988341331482,-0.067778080701828,-0.05943604186177254,-0.4022084176540375,-0.05044024810194969,-0.22113056480884552,-0.3383769690990448,-0.0507296659052372,-0.16924072802066803,-0.4110625982284546,-0.05006985366344452,-0.13291680812835693,-0.3688780665397644,-0.026888089254498482,-0.11972319334745407,-0.3094027042388916,-0.00016355843399651349
Right,Flat,0.0,0.0,0.0,-0.1170605793595314,-0.09294755011796951,-0.0300927571952343,-0.18292361497879028,-0.27768582105636597,-0.03902026265859604,-0.14170978963375092,-0.427876740694046,-0.055292531847953796,-0.08676809817552567,-0.5253950953483582,-0.0707627385854721,-0.16471131145954132,-0.46882277727127075,-0.0024936734698712826,-0.23556198179721832,-0.6576735973358154,-0.03792158141732216,-0.2763826549053192,-0.7755249738693237,-0.05718943104147911,-0.3085884749889374,-0.8751261234283447,-0.07039295136928558,-0.08034427464008331,-0.4915149509906769,-0.024401236325502396,-0.11132171005010605,-0.7353261113166809,-0.06922389566898346,-0.13083292543888092,-0.874178946018219,-0.10041461884975433,-0.13900969922542572,-0.9836059212684631,-0.11487259715795517,0.004815479274839163,-0.45465460419654846,-0.05243666470050812,-0.025589682161808014,-0.606083869934082,-0.13152770698070526,-0.044532325118780136,-0.4722222089767456,-0.14443911612033844,-0.04647284373641014,-0.3657478094100952,-0.12991969287395477,0.08662720769643784,-0.38297250866889954,-0.08150800317525864,0.03404396399855614,-0.43115031719207764,-0.14881397783756256,-0.0026632521767169237,-0.31719356775283813,-0.14941950142383575,-0.015851246193051338,-0.22561268508434296,-0.13430863618850708
Right,Flat,0.0,0.0,0.0,-0.13774506747722626,-0.09744495153427124,-0.03701050207018852,-0.1969326138496399,-0.33263689279556274,-0.04198731854557991,-0.10940435528755188,-0.5009759664535522,-0.053122732788324356,-0.02013380266726017,-0.599903404712677,-0.06630430370569229,-0.17287811636924744,-0.49693042039871216,0.010870692320168018,-0.25335457921028137,-0.6401726603507996,-0.02395361289381981,-0.31479623913764954,-0.7338618040084839,-0.04947551339864731,-0.36982348561286926,-0.8170821070671082,-0.06922740489244461,-0.06557870656251907,-0.53270423412323,-0.010088364593684673,-0.12019190937280655,-0.7448254823684692,-0.05363762751221657,-0.16266462206840515,-0.8669741153717041,-0.08851499855518341,-0.19328835606575012,-0.9752764701843262,-0.10712389647960663,0.044979918748140335,-0.50359708070755,-0.040398143231868744,0.030044004321098328,-0.6692312359809875,-0.14345717430114746,-0.011897996999323368,-0.4977167546749115,-0.17611393332481384,-0.04044904559850693,-0.35214775800704956,-0.16950778663158417,0.15416225790977478,-0.43646374344825745,-0.0699586421251297,0.10465314984321594,-0.49335333704948425,-0.17281831800937653,0.05542493611574173,-0.34260091185569763,-0.1926233321428299,0.026845229789614677,-0.21532182395458221,-0.18574990332126617
Right,Flat,0.0,0.0,0.0,-0.17416293919086456,-0.14182890951633453,-0.03565693274140358,-0.24741044640541077,-0.42043575644493103,-0.03786008059978485,-0.13874204456806183,-0.622549295425415,-0.05161634460091591,-0.031225528568029404,-0.746107280254364,-0.06959332525730133,-0.24146510660648346,-0.6474047899246216,0.05983954295516014,-0.3164372742176056,-0.7599322199821472,0.006654911208897829,-0.38124242424964905,-0.8380476236343384,-0.04634924232959747,-0.44527241587638855,-0.8914406895637512,-0.08405928313732147,-0.10483993589878082,-0.6862267851829529,0.02841792069375515,-0.1571895331144333,-0.9061583876609802,-0.04902314022183418,-0.19606274366378784,-0.936184823513031,-0.10979378968477249,-0.23448550701141357,-0.9245807528495789,-0.13295100629329681,0.03775836527347565,-0.6571712493896484,-0.016848323866724968,0.012083924375474453,-0.8359171748161316,-0.1467677354812622,-0.02967805415391922,-0.627373456954956,-0.1867530196905136,-0.06354442238807678,-0.4513811469078064,-0.1748679131269455,0.17857684195041656,-0.575375497341156,-0.06189887598156929,0.11053381860256195,-0.6614696979522705,-0.17764483392238617,0.056685708463191986,-0.47332727909088135,-0.1935846209526062,0.02531900629401207,-0.31512096524238586,-0.17873576283454895
Right,Flat,0.0,0.0,0.0,-0.11995331197977066,-0.09783841669559479,-0.03008321300148964,-0.17424485087394714,-0.28560489416122437,-0.03992293030023575,-0.11926378309726715,-0.4255997836589813,-0.0566747710108757,-0.05667288601398468,-0.5179581046104431,-0.07285969704389572,-0.13183222711086273,-0.48838159441947937,-0.0033920390997081995,-0.20015454292297363,-0.6771441102027893,-0.03406693786382675,-0.2398018091917038,-0.7950143218040466,-0.051563531160354614,-0.27518489956855774,-0.8940970301628113,-0.06316594779491425,-0.038331832736730576,-0.4971488118171692,-0.02337552234530449,-0.0122523857280612,-0.74346923828125,-0.061803895980119705,-0.005155824590474367,-0.8877694606781006,-0.0891127809882164,-0.0007606822764500976,-0.995002031326294,-0.0998515784740448,0.04368066042661667,-0.445907324552536,-0.0493304505944252,0.013505893759429455,-0.5691357851028442,-0.12217474728822708,-0.027479659765958786,-0.447184681892395,-0.13742628693580627,-0.041938137263059616,-0.34896737337112427,-0.12455093860626221,0.11572712659835815,-0.36448046565055847,-0.07638628780841827,0.058814842253923416,-0.41267892718315125,-0.13839083909988403,0.01437279675155878,-0.301815003156662,-0.13676761090755463,0.0011764471419155598,-0.20966632664203644,-0.11971770972013474
Right,Flat,0.0,0.0,0.0,-0.10984497517347336,-0.0776960626244545,-0.03914596512913704,-0.1687088906764984,-0.24256446957588196,-0.06582196056842804,-0.13015685975551605,-0.3773456811904907,-0.09852591156959534,-0.07904299348592758,-0.47742846608161926,-0.1271800696849823,-0.14619563519954681,-0.4678823947906494,-0.04239322990179062,-0.2280845195055008,-0.6597739458084106,-0.08603669703006744,-0.27019262313842773,-0.7785977721214294,-0.10913272947072983,-0.2951812148094177,-0.8860536217689514,-0.1256949007511139,-0.04813653975725174,-0.4865369498729706,-0.06129595264792442,-0.00528043182566762,-0.7078173160552979,-0.11744262278079987,0.05020600184798241,-0.8586005568504333,-0.14879731833934784,0.10443615168333054,-0.9813549518585205,-0.1613549292087555,0.03739337995648384,-0.4382033050060272,-0.08433248847723007,0.011970625258982182,-0.5081906914710999,-0.1577434092760086,-0.04212064668536186,-0.36883801221847534,-0.15842504799365997,-0.0673111230134964,-0.26502931118011475,-0.13772690296173096,0.1100802943110466,-0.3561467230319977,-0.11111126840114594,0.05626276135444641,-0.3420516550540924,-0.16758845746517181,-0.001390355871990323,-0.24086715281009674,-0.16131068766117096,-0.030745623633265495,-0.1664987951517105,-0.14196407794952393
Right,Flat,0.0,0.0,0.0,0.03757655993103981,-0.20718500018119812,0.028716159984469414,-0.006186244543641806,-0.3914473354816437,0.02340540662407875,-0.09688547253608704,-0.4688771665096283,0.006148168351501226,-0.18605124950408936,-0.4702405035495758,-0.013209175318479538,-0.0005157998530194163,-0.5084359049797058,-0.019864141941070557,-0.037478137761354446,-0.7312911748886108,-0.05089909955859184,-0.05084837228059769,-0.8707407712936401,-0.06611435860395432,-0.06305881589651108,-0.9744085073471069,-0.07423823326826096,-0.086451455950737,-0.4870350956916809,-0.051137540489435196,-0.22612348198890686,-0.6955525279045105,-0.08532920479774475,-0.31658434867858887,-0.8242343664169312,-0.10568825900554657,-0.38147661089897156,-0.9168429374694824,-0.11779075115919113,-0.16819237172603607,-0.41637271642684937,-0.0750722736120224,-0.2834944427013397,-0.5090200304985046,-0.09871856123209,-0.2562939524650574,-0.43443387746810913,-0.08714991062879562,-0.21526525914669037,-0.3742317259311676,-0.07133349776268005,-0.23613876104354858,-0.3241107761859894,-0.09737664461135864,-0.2848440706729889,-0.32982137799263,-0.10971694439649582,-0.25248607993125916,-0.2750958502292633,-0.09491060674190521,-0.21287597715854645,-0.24266408383846283,-0.07631295919418335
Right,Major,0.0,0.0,0.0,-0.14418023824691772,-0.05266638472676277,-0.04515783488750458,-0.2722485363483429,-0.14320038259029388,-0.0789143517613411,-0.3897421956062317,-0.17861422896385193,-0.1134832426905632,-0.4910437762737274,-0.18262502551078796,-0.14984960854053497,-0.1826072782278061,-0.4460083544254303,-0.03636210784316063,-0.23810644447803497,-0.6350035071372986,-0.0762115940451622,-0.27219468355178833,-0.7554307579994202,-0.11209282279014587,-0.29824966192245483,-0.8556970953941345,-0.1394248604774475,-0.10979907214641571,-0.4852810204029083,-0.0519447848200798,-0.14604344964027405,-0.710009753704071,-0.08554594218730927,-0.1689407378435135,-0.8529267907142639,-0.11819577217102051,-0.1866855025291443,-0.971917986869812,-0.14326177537441254,-0.03043675608932972,-0.4839682877063751,-0.0758095309138298,-0.051571380347013474,-0.6997420787811279,-0.11583928018808365,-0.06843430548906326,-0.8311664462089539,-0.14645807445049286,-0.08495259284973145,-0.9441125392913818,-0.16807934641838074,0.0531877763569355,-0.44769400358200073,-0.10416263341903687,0.0905894786119461,-0.6144103407859802,-0.13942047953605652,0.11802303045988083,-0.7252864837646484,-0.15476906299591064,0.1390679031610489,-0.8239535093307495,-0.16536791622638702
Right,Major,0.0,0.0,0.0,-0.14872917532920837,-0.06224867329001427,-0.04265815019607544,-0.2837005853652954,-0.1540621519088745,-0.0743655264377594,-0.4095759987831116,-0.1822044402360916,-0.1081143319606781,-0.5146020650863647,-0.1732114851474762,-0.14388146996498108,-0.18717645108699799,-0.4594055414199829,-0.026971295475959778,-0.2428322583436966,-0.6520729064941406,-0.06073328107595444,-0.27270862460136414,-0.7741501927375793,-0.09297218918800354,-0.2921206057071686,-0.8747197389602661,-0.11848362535238266,-0.10889582335948944,-0.5003530979156494,-0.04202723130583763,-0.1416190266609192,-0.7250271439552307,-0.06718263030052185,-0.1549704521894455,-0.8647469878196716,-0.0958121195435524,-0.16086725890636444,-0.9796551465988159,-0.1199902892112732,-0.025005338713526726,-0.4991466999053955,-0.06585338711738586,-0.036210037767887115,-0.7149477601051331,-0.0993494763970375,-0.03970389813184738,-0.8425855040550232,-0.13036619126796722,-0.04394153133034706,-0.9496343731880188,-0.15412452816963196,0.06091073527932167,-0.46218833327293396,-0.0943668857216835,0.10886163264513016,-0.6202567219734192,-0.12706731259822845,0.14560852944850922,-0.7232268452644348,-0.14440611004829407,0.17533697187900543,-0.8114188313484192,-0.15735846757888794
Right,Major,0.0,0.0,0.0,0.10216183215379715,-0.1361720860004425,-0.007760315667837858,0.15222807228565216,-0.2828419804573059,-0.020206352695822716,0.1946031004190445,-0.3901408910751343,-0.03335978835821152,0.24520142376422882,-0.4463178813457489,-0.048951730132102966,0.0022769502829760313,-0.4958394169807434,-0.045428622514009476,-0.03547490015625954,-0.7251811623573303,-0.07267322391271591,-0.06146695092320442,-0.8599395155906677,-0.08901238441467285,-0.08349049836397171,-0.9630483388900757,-0.09991512447595596,-0.09078677743673325,-0.4734940528869629,-0.060551464557647705,-0.14807184040546417,-0.713240385055542,-0.08254474401473999,-0.1861972212791443,-0.8594244718551636,-0.09719716012477875,-0.21643659472465515,-0.9701827168464661,-0.10908972471952438,-0.17026877403259277,-0.4159826934337616,-0.07460487633943558,-0.22869494557380676,-0.6378473043441772,-0.09387224167585373,-0.26359808444976807,-0.7777960300445557,-0.1151767298579216,-0.28807297348976135,-0.8820598721504211,-0.13173899054527283,-0.23389431834220886,-0.3326001465320587,-0.08795635402202606,-0.30981871485710144,-0.4801851511001587,-0.1119784265756607,-0.35588595271110535,-0.5807482004165649,-0.12663057446479797,-0.3908209204673767,-0.6629128456115723,-0.13489587604999542
Right,Major,0.0,0.0,0.0,0.10923226177692413,-0.1295481026172638,-0.00199358188547194,0.16718687117099762,-0.2812092900276184,-0.01031409204006195,0.21216903626918793,-0.3874872624874115,-0.020543327555060387,0.26118120551109314,-0.444757878780365,-0.03298961743712425,0.021405193954706192,-0.4957437515258789,-0.029329944401979446,-0.0011270750546827912,-0.7286695241928101,-0.05048093944787979,-0.01653929613530636,-0.8639663457870483,-0.06460853666067123,-0.0321556031703949,-0.9669354557991028,-0.07372145354747772,-0.0675237625837326,-0.47982773184776306,-0.044944535940885544,-0.10770905762910843,-0.7263367176055908,-0.061149224638938904,-0.13536900281906128,-0.8743903040885925,-0.07490140199661255,-0.1594809591770172,-0.9834290146827698,-0.08621664345264435,-0.14687122404575348,-0.4336616098880768,-0.059368234127759933,-0.189364954829216,-0.6605083346366882,-0.07215287536382675,-0.21285061538219452,-0.8053941130638123,-0.09163173288106918,-0.22852081060409546,-0.9112209677696228,-0.10728718340396881,-0.21695497632026672,-0.3657246530056,-0.07289454340934753,-0.2787603735923767,-0.528917133808136,-0.08854518830776215,-0.3142319917678833,-0.6365275979042053,-0.09830200672149658,-0.33892950415611267,-0.7199000120162964,-0.10376454144716263
Right,Major,0.0,0.0,0.0,-0.14484374225139618,-0.04977993667125702,-0.045285582542419434,-0.27846741676330566,-0.14504623413085938,-0.0760486051440239,-0.3968086242675781,-0.18743622303009033,-0.10726657509803772,-0.4956972301006317,-0.19673578441143036,-0.1393972933292389,-0.18702168762683868,-0.46697330474853516,-0.02549530379474163,-0.2438317835330963,-0.6521593928337097,-0.06058167666196823,-0.2756500542163849,-0.7678510546684265,-0.0951467975974083,-0.29835906624794006,-0.8647658824920654,-0.12200809270143509,-0.11229037493467331,-0.5113876461982727,-0.0386827327311039,-0.1584371030330658,-0.7248716950416565,-0.06621722131967545,-0.18586741387844086,-0.8595917224884033,-0.09594890475273132,-0.20584669709205627,-0.9712122082710266,-0.1198919415473938,-0.030246861279010773,-0.5145878791809082,-0.06098993495106697,-0.05796617642045021,-0.7240728735923767,-0.09340909868478775,-0.07724352926015854,-0.8484952449798584,-0.11951097100973129,-0.09546402841806412,-0.9538249373435974,-0.1392233967781067,0.05687856301665306,-0.4842158854007721,-0.08868271857500076,0.08072327077388763,-0.6517208218574524,-0.11743167042732239,0.09622170776128769,-0.7610905170440674,-0.13052323460578918,0.10733722150325775,-0.8587878346443176,-0.14029529690742493
Right,Major,0.0,0.0,0.0,-0.1757148802280426,0.03364495560526848,-0.06815113127231598,-0.3543359637260437,0.023311937227845192,-0.12292537838220596,-0.5009205341339111,0.02648792415857315,-0.1750727891921997,-0.6243225932121277,0.05342785641551018,-0.23281186819076538,-0.2893778085708618,-0.26085320115089417,-0.13317714631557465,-0.41883665323257446,-0.4574938416481018,-0.20227861404418945,-0.49649369716644287,-0.5885435342788696,-0.24915145337581635,-0.5588198900222778,-0.7097029089927673,-0.2847374677658081,-0.1789514422416687,-0.3434217572212219,-0.15271639823913574,-0.2847852408885956,-0.5628709197044373,-0.21480423212051392,-0.3464702367782593,-0.7222549915313721,-0.25691521167755127,-0.3951183557510376,-0.8706979751586914,-0.2928592264652252,-0.05868346989154816,-0.3833326995372772,-0.17729155719280243,-0.11688289791345596,-0.6095649003982544,-0.25248605012893677,-0.1564401388168335,-0.7727887034416199,-0.29049649834632874,-0.19300000369548798,-0.9187268614768982,-0.3176441192626953,0.07058820873498917,-0.3858973979949951,-0.2059260457754135,0.09406460076570511,-0.5900222659111023,-0.27603307366371155,0.11825396865606308,-0.733494758605957,-0.30031618475914,0.13615569472312927,-0.8639151453971863,-0.31716424226760864
Right,Major,0.0,0.0,0.0,-0.15354105830192566,0.08652989566326141,0.006679794751107693,-0.30648350715637207,0.15153047442436218,-0.01718665100634098,-0.403389036655426,0.21201756596565247,-0.05221697315573692,-0.4876306354999542,0.272813081741333,-0.09343621134757996,-0.47807908058166504,0.06127263978123665,-0.05135539919137955,-0.689324140548706,0.023443663492798805,-0.12315259128808975,-0.8252668380737305,0.0006785079021938145,-0.17108657956123352,-0.9333899617195129,-0.029186313971877098,-0.20344053208827972,-0.4469335675239563,0.025634082034230232,-0.10867704451084137,-0.677567720413208,-0.004231415688991547,-0.17529544234275818,-0.8343173861503601,-0.0370132140815258,-0.22582358121871948,-0.9623715281486511,-0.07938224822282791,-0.2598836123943329,-0.3766404092311859,-0.02112220786511898,-0.16681881248950958,-0.588921844959259,-0.05792761221528053,-0.23607659339904785,-0.7220335006713867,-0.1050698533654213,-0.2851153016090393,-0.8407220840454102,-0.1553962230682373,-0.31834620237350464,-0.27764081954956055,-0.08307254314422607,-0.22300969064235687,-0.3868357241153717,-0.13693702220916748,-0.2914930284023285,-0.46995389461517334,-0.18198858201503754,-0.32445240020751953,-0.55251544713974,-0.23914045095443726,-0.3453902304172516
Right,Major,0.0,0.0,0.0,-0.1598060578107834,-0.03171820938587189,-0.04979470744729042,-0.3073557913303375,-0.09211377054452896,-0.08519838750362396,-0.43516287207603455,-0.09702485799789429,-0.12188167870044708,-0.5361173748970032,-0.06312859058380127,-0.16083233058452606,-0.2324303537607193,-0.44824835658073425,-0.027032868936657906,-0.29412364959716797,-0.6270967125892639,-0.06260958313941956,-0.32363012433052063,-0.7437148690223694,-0.09937983006238937,-0.34296292066574097,-0.8405054211616516,-0.12822866439819336,-0.15284261107444763,-0.5095643997192383,-0.039200641214847565,-0.19896480441093445,-0.7274397611618042,-0.06378990411758423,-0.21716149151325226,-0.8587966561317444,-0.09213272482156754,-0.22671426832675934,-0.9669390320777893,-0.11674538254737854,-0.06594300270080566,-0.5251725912094116,-0.061610233038663864,-0.08896547555923462,-0.7396854162216187,-0.09476186335086823,-0.09807246923446655,-0.8623380064964294,-0.1223064661026001,-0.10510031133890152,-0.9620476961135864,-0.14377465844154358,0.027118556201457977,-0.4995358884334564,-0.08995532989501953,0.06261946260929108,-0.6658204793930054,-0.12088081240653992,0.09110664576292038,-0.7708415985107422,-0.1338007003068924,0.11399992555379868,-0.8584758639335632,-0.1435323804616928
Right,Major,0.0,0.0,0.0,0.09290624409914017,-0.1439693123102188,-0.0016638588858768344,0.13296470046043396,-0.2880733013153076,-0.014889067970216274,0.17035700380802155,-0.3863608241081238,-0.030408814549446106,0.22247597575187683,-0.4346708357334137,-0.048760708421468735,-0.032661329954862595,-0.4955873489379883,-0.037267688661813736,-0.08290493488311768,-0.7297571301460266,-0.05938705801963806,-0.11183188855648041,-0.8627796769142151,-0.07217169553041458,-0.1364114135503769,-0.9628235697746277,-0.08029340952634811,-0.12238125503063202,-0.4609297513961792,-0.05416831374168396,-0.19262728095054626,-0.7073161005973816,-0.07169179618358612,-0.23533041775226593,-0.8520170450210571,-0.08445167541503906,-0.2669200003147125,-0.9589540362358093,-0.09571260958909988,-0.20066437125205994,-0.39909598231315613,-0.06974432617425919,-0.2728123664855957,-0.6292054653167725,-0.08363617956638336,-0.3150816559791565,-0.7733314633369446,-0.10582277178764343,-0.34208595752716064,-0.8770351409912109,-0.12338615953922272,-0.26608753204345703,-0.31984254717826843,-0.0840267762541771,-0.3581693768501282,-0.4793170094490051,-0.100093774497509,-0.4122401773929596,-0.5826701521873474,-0.11309514939785004,-0.4518791437149048,-0.6654855608940125,-0.1214439794421196
Right,Major,0.0,0.0,0.0,-0.01081973034888506,-0.25178006291389465,-0.0010210237232968211,-0.07548791170120239,-0.46619442105293274,-0.016273686662316322,-0.11034531891345978,-0.6491475105285645,-0.03953053057193756,-0.10059603303670883,-0.7840924263000488,-0.06788850575685501,-0.35250619053840637,-0.45729881525039673,-0.023858606815338135,-0.5525778532028198,-0.5451451539993286,-0.05188534036278725,-0.6741694211959839,-0.5920805335044861,-0.07464942336082458,-0.774059534072876,-0.6260645389556885,-0.09420737624168396,-0.4076675772666931,-0.32195907831192017,-0.050086621195077896,-0.6475649476051331,-0.3392750918865204,-0.07799769937992096,-0.7917576432228088,-0.3351881206035614,-0.10533368587493896,-0.9033923149108887,-0.32769691944122314,-0.1279059648513794,-0.4260656535625458,-0.16923919320106506,-0.07538049668073654,-0.6441044807434082,-0.14705154299736023,-0.10240412503480911,-0.7817747592926025,-0.12259408086538315,-0.12962667644023895,-0.8875477313995361,-0.10196351259946823,-0.15078765153884888,-0.41672611236572266,-0.01730082742869854,-0.10041899979114532,-0.5830897688865662,0.021571148186922073,-0.12713740766048431,-0.6878263354301453,0.05431228503584862,-0.14186730980873108,-0.7756590843200684,0.07433949410915375,-0.15025213360786438
Right,Major,0.0,0.0,0.0,0.09583605080842972,-0.1383153796195984,0.04963777959346771,0.11631227284669876,-0.28777390718460083,0.07609745860099792,0.11090713739395142,-0.3955501616001129,0.09327276796102524,0.11172515153884888,-0.4652952551841736,0.10795831680297852,-0.01966984011232853,-0.5097452998161316,0.04169641062617302,-0.08796482533216476,-0.72491055727005,0.045125991106033325,-0.12552842497825623,-0.8462914824485779,0.04846056178212166,-0.15206216275691986,-0.9358506798744202,0.050353460013866425,-0.11496450006961823,-0.4965778589248657,0.011121478863060474,-0.20681458711624146,-0.7289700508117676,0.0077123320661485195,-0.2531806230545044,-0.8605918884277344,0.003342184005305171,-0.281890332698822,-0.959446132183075,0.0009634186280891299,-0.20245307683944702,-0.4479850232601166,-0.016195086762309074,-0.29224467277526855,-0.6722313165664673,-0.023594439029693604,-0.3347432017326355,-0.8085370063781738,-0.03910494223237038,-0.3610507547855377,-0.9163060784339905,-0.049292657524347305,-0.2810075283050537,-0.3711598515510559,-0.037379153072834015,-0.3666764795780182,-0.5468317270278931,-0.046684056520462036,-0.4144033193588257,-0.6592252850532532,-0.053338393568992615,-0.44714924693107605,-0.7556759119033813,-0.05609441548585892
Right,Major,0.0,0.0,0.0,-0.1623404622077942,-0.04939582571387291,-0.055045418441295624,-0.31136566400527954,-0.11963091045618057,-0.09169229865074158,-0.4412638247013092,-0.14585420489311218,-0.12902116775512695,-0.5475921630859375,-0.13895565271377563,-0.16726844012737274,-0.22041912376880646,-0.457500159740448,-0.025617748498916626,-0.28497016429901123,-0.6343000531196594,-0.06234152987599373,-0.31649747490882874,-0.7499573230743408,-0.09930762648582458,-0.33668163418769836,-0.8457428216934204,-0.12784633040428162,-0.1389460265636444,-0.5125671625137329,-0.034692734479904175,-0.1821276992559433,-0.7279320955276489,-0.06055338680744171,-0.2008417695760727,-0.858191192150116,-0.089564748108387,-0.21058575809001923,-0.9709291458129883,-0.11379861831665039,-0.051779069006443024,-0.5236243605613708,-0.05489498749375343,-0.07039929181337357,-0.7315005660057068,-0.08840210735797882,-0.07794257253408432,-0.8559675812721252,-0.11567044258117676,-0.0825045108795166,-0.9589104056358337,-0.1364893764257431,0.04006358981132507,-0.49356213212013245,-0.08174993097782135,0.08055734634399414,-0.648352861404419,-0.11290796846151352,0.1097201257944107,-0.7475995421409607,-0.12650245428085327,0.13437111675739288,-0.8304186463356018,-0.1361878216266632
Right,Major,0.0,0.0,0.0,-0.15858453512191772,-0.04503133147954941,-0.05303706228733063,-0.30393752455711365,-0.11379117518663406,-0.08972744643688202,-0.4320753216743469,-0.13614873588085175,-0.12729887664318085,-0.538578987121582,-0.12590022385120392,-0.1659437119960785,-0.21898062527179718,-0.4591098427772522,-0.028735661879181862,-0.2851561903953552,-0.6401801705360413,-0.06492292135953903,-0.31865963339805603,-0.7561706304550171,-0.10040820389986038,-0.3402186334133148,-0.8517376184463501,-0.12797236442565918,-0.1366690993309021,-0.5149520039558411,-0.039150357246398926,-0.1794925034046173,-0.7302514910697937,-0.06436942517757416,-0.19691917300224304,-0.8607360124588013,-0.09247470647096634,-0.20499339699745178,-0.9718526601791382,-0.11610358208417892,-0.04789019003510475,-0.5257363319396973,-0.06006975844502449,-0.06439736485481262,-0.7337514758110046,-0.09380573034286499,-0.06911113858222961,-0.8571400046348572,-0.1206262856721878,-0.07182665914297104,-0.9588172435760498,-0.14107424020767212,0.04534764960408211,-0.49453502893447876,-0.08727337419986725,0.08812883496284485,-0.6494085192680359,-0.11918605864048004,0.11808418482542038,-0.7480823993682861,-0.13257111608982086,0.14283379912376404,-0.8301942944526672,-0.14189483225345612
Right,Major,0.0,0.0,0.0,-0.1568630486726761,-0.016573969274759293,-0.05155230686068535,-0.30764997005462646,-0.04173979163169861,-0.1034182459115982,-0.4429686665534973,-0.01841055043041706,-0.15582457184791565,-0.5579997897148132,0.031805556267499924,-0.21468526124954224,-0.23937644064426422,-0.3214748799800873,-0.10331372916698456,-0.34114891290664673,-0.5204350352287292,-0.16254325211048126,-0.4016816318035126,-0.6511167287826538,-0.20552484691143036,-0.44587287306785583,-0.766480028629303,-0.237762451171875,-0.13916420936584473,-0.3834226131439209,-0.12685424089431763,-0.21702149510383606,-0.6213377118110657,-0.1763143092393875,-0.25626274943351746,-0.7847851514816284,-0.21467088162899017,-0.2802521288394928,-0.9273729920387268,-0.24786682426929474,-0.03270766884088516,-0.39903050661087036,-0.1549951732158661,-0.0626942589879036,-0.6402125358581543,-0.2151985466480255,-0.07942520081996918,-0.805320680141449,-0.25222834944725037,-0.09260877221822739,-0.9471380114555359,-0.2798715829849243,0.07900383323431015,-0.37447237968444824,-0.18605326116085052,0.12270471453666687,-0.5668074488639832,-0.24114009737968445,0.15670554339885712,-0.7022814750671387,-0.261251300573349,0.18451330065727234,-0.8228123188018799,-0.2762444019317627
Right,Major,0.0,0.0,0.0,-0.15775001049041748,-0.03337143361568451,-0.059121355414390564,-0.290507972240448,-0.0939684733748436,-0.1039360761642456,-0.4026321470737457,-0.12980563938617706,-0.14673011004924774,-0.5005922317504883,-0.1645742952823639,-0.19021914899349213,-0.2104804366827011,-0.46229061484336853,-0.05163424089550972,-0.2772464454174042,-0.6415099501609802,-0.10224064439535141,-0.32369837164878845,-0.7422217726707458,-0.14903780817985535,-0.36923933029174805,-0.8215451836585999,-0.18305082619190216,-0.11820722371339798,-0.5135613679885864,-0.06240251660346985,-0.15170404314994812,-0.7321652770042419,-0.09956180304288864,-0.18578805029392242,-0.8613818883895874,-0.13596850633621216,-0.22462055087089539,-0.9603894352912903,-0.16491734981536865,-0.024092063307762146,-0.507631778717041,-0.08350752294063568,-0.027335675433278084,-0.7116129994392395,-0.12402161955833435,-0.05457225814461708,-0.8338503241539001,-0.15575820207595825,-0.09681917726993561,-0.9302452802658081,-0.17967884242534637,0.06996626406908035,-0.4556446671485901,-0.11048339307308197,0.11039069294929504,-0.6100021004676819,-0.1482587307691574,0.1056784838438034,-0.7015250325202942,-0.164561927318573,0.07744628190994263,-0.7737720012664795,-0.17566408216953278
Right,Major,0.0,0.0,0.0,-0.13054998219013214,-0.055621128529310226,-0.0405464768409729,-0.2562835216522217,-0.13098672032356262,-0.07312002032995224,-0.37076419591903687,-0.11017239093780518,-0.10850842297077179,-0.46567612886428833,-0.05574803426861763,-0.14790664613246918,-0.1823020875453949,-0.46955612301826477,-0.03161892294883728,-0.22346995770931244,-0.6707493662834167,-0.06482036411762238,-0.23871314525604248,-0.7974162697792053,-0.09722325950860977,-0.2443425953388214,-0.8995707035064697,-0.12269741296768188,-0.09858264774084091,-0.5110553503036499,-0.04704124853014946,-0.12542682886123657,-0.7351021766662598,-0.06826844066381454,-0.1318167746067047,-0.8726559281349182,-0.09866046160459518,-0.1306305080652237,-0.9834944605827332,-0.12519711256027222,-0.009110836312174797,-0.5075960159301758,-0.06999024003744125,-0.005931999068707228,-0.7225338220596313,-0.09901820868253708,0.0063977050594985485,-0.8457844853401184,-0.13231916725635529,0.01486141700297594,-0.9457127451896667,-0.15813951194286346,0.07990606129169464,-0.4635874927043915,-0.0973203182220459,0.13459880650043488,-0.6156589388847351,-0.1267184317111969,0.17621923983097076,-0.7116090059280396,-0.1424984186887741,0.20938588678836823,-0.7923796772956848,-0.1542343944311142
Right,Major,0.0,0.0,0.0,-0.1444164365530014,-0.06897176057100296,-0.04315291717648506,-0.2723713219165802,-0.18300357460975647,-0.06952711194753647,-0.38613271713256836,-0.24111738801002502,-0.09691469371318817,-0.4851859509944916,-0.25847116112709045,-0.1253276765346527,-0.16085991263389587,-0.47985920310020447,-0.02224147692322731,-0.19394664466381073,-0.6754025816917419,-0.0546858049929142,-0.2088906615972519,-0.800247311592102,-0.08674585074186325,-0.21568582952022552,-0.9011861085891724,-0.11210817843675613,-0.07851223647594452,-0.5139452815055847,-0.0346669964492321,-0.09407057613134384,-0.7378615140914917,-0.05915126949548721,-0.09615826606750488,-0.8764188885688782,-0.08755151927471161,-0.09279397130012512,-0.9894707202911377,-0.11107207834720612,0.006739357020705938,-0.5049982666969299,-0.056038931012153625,0.014071687124669552,-0.7186100482940674,-0.09094948321580887,0.023387454450130463,-0.8444270491600037,-0.12143589556217194,0.02999820001423359,-0.9476827383041382,-0.14382460713386536,0.09376918524503708,-0.45610347390174866,-0.08207238465547562,0.15436622500419617,-0.6041548848152161,-0.11758358776569366,0.19794759154319763,-0.6992396712303162,-0.136026531457901,0.2338440716266632,-0.7797927856445312,-0.14867141842842102
Right,Major,0.0,0.0,0.0,-0.14795836806297302,-0.04904225096106529,-0.05665065720677376,-0.26442039012908936,-0.1507040113210678,-0.09080807864665985,-0.34707972407341003,-0.24215388298034668,-0.1227189227938652,-0.4155726432800293,-0.3242437243461609,-0.15314507484436035,-0.1547519564628601,-0.47059276700019836,-0.04215485602617264,-0.18237799406051636,-0.667142927646637,-0.0817360058426857,-0.1978999376296997,-0.7904728651046753,-0.11830656230449677,-0.2064565122127533,-0.8925289511680603,-0.14614146947860718,-0.07169874757528305,-0.5059403777122498,-0.05110558122396469,-0.0878315269947052,-0.7306442260742188,-0.08581290394067764,-0.09573286026716232,-0.8717122673988342,-0.1190040186047554,-0.09786178171634674,-0.984679639339447,-0.1443222612142563,0.012829010374844074,-0.4989258050918579,-0.06977474689483643,0.018391896039247513,-0.7181807160377502,-0.11385165899991989,0.022873641923069954,-0.8498953580856323,-0.14716482162475586,0.026491494849324226,-0.9609199166297913,-0.1702045053243637,0.10103809833526611,-0.45235541462898254,-0.0938916727900505,0.16056182980537415,-0.6163331270217896,-0.13828404247760773,0.2021142542362213,-0.7207534313201904,-0.16100090742111206,0.2370559126138687,-0.8133972883224487,-0.1751030832529068
Right,Major,0.0,0.0,0.0,0.08135569840669632,-0.15164680778980255,0.0031108602415770292,0.11926726251840591,-0.30856963992118835,-0.008127763867378235,0.13574446737766266,-0.4414426386356354,-0.022542595863342285,0.14911708235740662,-0.5416322946548462,-0.0390281155705452,-0.042118120938539505,-0.4863566756248474,-0.028936846181750298,-0.07788582891225815,-0.7145839929580688,-0.054142992943525314,-0.1007465124130249,-0.8489909768104553,-0.07076841592788696,-0.12217160314321518,-0.9531193375587463,-0.0808524340391159,-0.12139637768268585,-0.45920392870903015,-0.04960151016712189,-0.18927980959415436,-0.70113205909729,-0.07074105739593506,-0.23549415171146393,-0.8477392792701721,-0.08677978813648224,-0.27365103363990784,-0.9567020535469055,-0.09917805343866348,-0.19204983115196228,-0.39849716424942017,-0.06858877837657928,-0.2653961181640625,-0.6176865100860596,-0.08671123534440994,-0.3084046244621277,-0.7594934701919556,-0.10577969998121262,-0.33814939856529236,-0.8659507632255554,-0.12025009840726852,-0.2530551850795746,-0.3140218257904053,-0.0857505276799202,-0.33738797903060913,-0.4632565379142761,-0.10293737053871155,-0.3890761435031891,-0.5603772401809692,-0.11017346382141113,-0.42789924144744873,-0.6384019255638123,-0.11317146569490433
Right,Major,0.0,0.0,0.0,0.07448320090770721,-0.19744302332401276,-0.018213409930467606,0.10715406388044357,-0.3978666365146637,-0.04436773806810379,0.13475871086120605,-0.5649531483650208,-0.07241427153348923,0.16298170387744904,-0.6880764961242676,-0.10293751955032349,-0.09380209445953369,-0.5204727649688721,-0.04840729758143425,-0.2133551836013794,-0.7281978130340576,-0.08025861531496048,-0.2846902906894684,-0.8429672122001648,-0.10098108649253845,-0.33932703733444214,-0.9307131171226501,-0.11540920287370682,-0.1814090460538864,-0.45411416888237,-0.06459565460681915,-0.32447323203086853,-0.6583572030067444,-0.09416806697845459,-0.4130780100822449,-0.7789894938468933,-0.11752001196146011,-0.4775726795196533,-0.8681636452674866,-0.13496758043766022,-0.2519359290599823,-0.36302581429481506,-0.08087904006242752,-0.38683685660362244,-0.553051233291626,-0.10675650089979172,-0.46626734733581543,-0.6638779640197754,-0.12753833830356598,-0.5235351324081421,-0.7480229735374451,-0.14243294298648834,-0.30356770753860474,-0.26146337389945984,-0.09753609448671341,-0.42524415254592896,-0.3878013491630554,-0.12444405257701874,-0.5034740567207336,-0.46292051672935486,-0.1362210065126419,-0.5637392401695251,-0.5282917022705078,-0.14092853665351868
Right,Major,0.0,0.0,0.0,0.061858534812927246,-0.19724592566490173,0.02562050335109234,0.05812189355492592,-0.37980249524116516,0.02374383434653282,0.022287098690867424,-0.5152976512908936,0.013894195668399334,-0.01777404360473156,-0.6041315793991089,-0.001608522143214941,0.014737095683813095,-0.4791527986526489,-0.03212311118841171,-0.060870591551065445,-0.7245717644691467,-0.06306175142526627,-0.11521193385124207,-0.8637340664863586,-0.0789630189538002,-0.16412857174873352,-0.9632530808448792,-0.08686980605125427,-0.06660060584545135,-0.4454280138015747,-0.06445394456386566,-0.1757529377937317,-0.7057677507400513,-0.09266277402639389,-0.2573595643043518,-0.8462323546409607,-0.10892431437969208,-0.3256553113460541,-0.9379560351371765,-0.1191098690032959,-0.15070222318172455,-0.38312286138534546,-0.09186965227127075,-0.25753581523895264,-0.6118571162223816,-0.11252038180828094,-0.33225634694099426,-0.7386595606803894,-0.12602922320365906,-0.3914346694946289,-0.8217775821685791,-0.13511769473552704,-0.22992490231990814,-0.3037993907928467,-0.115165114402771,-0.3260100781917572,-0.4710107743740082,-0.13527515530586243,-0.3902568817138672,-0.5631147623062134,-0.13908836245536804,-0.4446541666984558,-0.6300804615020752,-0.1378968358039856
Right,Major,0.0,0.0,0.0,-0.1454887092113495,-0.053522989153862,-0.04759380221366882,-0.2773779332637787,-0.1630120873451233,-0.07689189910888672,-0.38584187626838684,-0.23107975721359253,-0.10471242666244507,-0.4777425527572632,-0.2653506100177765,-0.13270336389541626,-0.17960351705551147,-0.4668748080730438,-0.0362747386097908,-0.22376172244548798,-0.6606556177139282,-0.07239186763763428,-0.2473551481962204,-0.782336950302124,-0.10601823776960373,-0.2625626027584076,-0.8821347951889038,-0.13209423422813416,-0.09870342165231705,-0.5030847191810608,-0.0477190800011158,-0.1308196634054184,-0.72722327709198,-0.07763722538948059,-0.14673182368278503,-0.8663622736930847,-0.10760991275310516,-0.15571504831314087,-0.9790526628494263,-0.1311824768781662,-0.012823394499719143,-0.49557819962501526,-0.06756366789340973,-0.02361220493912697,-0.7181451916694641,-0.10530368983745575,-0.03090067021548748,-0.8491156697273254,-0.1344262957572937,-0.038483817130327225,-0.9589868187904358,-0.15538260340690613,0.07770631462335587,-0.45135921239852905,-0.09197228401899338,0.11849139630794525,-0.6208093166351318,-0.12864172458648682,0.14524146914482117,-0.7298092246055603,-0.14572957158088684,0.16630157828330994,-0.8272343873977661,-0.15708404779434204
Right,Major,0.0,0.0,0.0,-0.13249635696411133,-0.05887671187520027,-0.04692120850086212,-0.2513178586959839,-0.16720035672187805,-0.0791231170296669,-0.35815587639808655,-0.22813330590724945,-0.11039359122514725,-0.4557567536830902,-0.25157132744789124,-0.14291734993457794,-0.18594808876514435,-0.46391892433166504,-0.040287263691425323,-0.23332944512367249,-0.6566673517227173,-0.07978620380163193,-0.25854921340942383,-0.7788203954696655,-0.11491034924983978,-0.27492162585258484,-0.8808801770210266,-0.14179226756095886,-0.10505887866020203,-0.4987313151359558,-0.053687334060668945,-0.13869719207286835,-0.7220070958137512,-0.08638402074575424,-0.1547265350818634,-0.8615137338638306,-0.11793976277112961,-0.1662192940711975,-0.975764274597168,-0.14232130348682404,-0.017448144033551216,-0.4898877441883087,-0.07505480945110321,-0.029090574011206627,-0.7100340723991394,-0.11433851718902588,-0.03835362195968628,-0.842566967010498,-0.14351466298103333,-0.04980780929327011,-0.9552537798881531,-0.16449977457523346,0.07486129552125931,-0.445343554019928,-0.10076911002397537,0.11208667606115341,-0.6148256659507751,-0.13632234930992126,0.1359863579273224,-0.7242507934570312,-0.15161195397377014,0.1527843326330185,-0.8233761191368103,-0.16211965680122375
Right,Major,0.0,0.0,0.0,-0.1494903415441513,-0.07700745761394501,-0.046212732791900635,-0.26950106024742126,-0.2184389978647232,-0.06908249855041504,-0.3530450463294983,-0.3386380672454834,-0.09068633615970612,-0.41999655961990356,-0.4357221722602844,-0.11127457022666931,-0.1546369343996048,-0.4823038578033447,-0.02311711385846138,-0.19938819110393524,-0.681306779384613,-0.05979147180914879,-0.2248791605234146,-0.8041874766349792,-0.0938645526766777,-0.24160531163215637,-0.9080051779747009,-0.11990593373775482,-0.07158755511045456,-0.5106621384620667,-0.03371880203485489,-0.10525944083929062,-0.7330068349838257,-0.06636602431535721,-0.12685121595859528,-0.8698838353157043,-0.09941244125366211,-0.14176566898822784,-0.982099175453186,-0.12403140217065811,0.014774158596992493,-0.5005344748497009,-0.053274787962436676,-5.2660518122138456e-05,-0.7139564156532288,-0.09219326823949814,-0.016995413228869438,-0.8485042452812195,-0.12107861787080765,-0.032929062843322754,-0.9647929668426514,-0.14096981287002563,0.10801892727613449,-0.457706093788147,-0.07746537774801254,0.138471320271492,-0.6259657144546509,-0.11344584822654724,0.15121380984783173,-0.7364208698272705,-0.1299479454755783,0.15878751873970032,-0.8389779925346375,-0.1404687464237213
Right,Major,0.0,0.0,0.0,-0.14886322617530823,-0.08177588135004044,-0.05000363290309906,-0.26470959186553955,-0.21939335763454437,-0.07793400436639786,-0.34375759959220886,-0.34496113657951355,-0.10409794747829437,-0.40461668372154236,-0.46441850066185,-0.12792734801769257,-0.15444111824035645,-0.49707335233688354,-0.022841600701212883,-0.20345915853977203,-0.6888290643692017,-0.06565146893262863,-0.2414664477109909,-0.797985315322876,-0.10554993897676468,-0.27611789107322693,-0.893979549407959,-0.13476836681365967,-0.06830687075853348,-0.5248590707778931,-0.031386591494083405,-0.1008717343211174,-0.7411947250366211,-0.06862389296293259,-0.13378743827342987,-0.8696717023849487,-0.10464031249284744,-0.16888384521007538,-0.9768968224525452,-0.1309613436460495,0.01735452190041542,-0.5131891965866089,-0.04985479637980461,0.005411888938397169,-0.7164537906646729,-0.09103143215179443,-0.025366250425577164,-0.8387824892997742,-0.11980503052473068,-0.06560392677783966,-0.9429067373275757,-0.13856497406959534,0.10801559686660767,-0.46840476989746094,-0.07348089665174484,0.13577212393283844,-0.634136438369751,-0.11026982218027115,0.13100042939186096,-0.7416413426399231,-0.12791913747787476,0.10996038466691971,-0.8386585116386414,-0.1385272741317749
Right,Major,0.0,0.0,0.0,-0.14291849732398987,-0.06844889372587204,-0.04447486996650696,-0.2703930139541626,-0.17878058552742004,-0.07442831248044968,-0.38582444190979004,-0.22690244019031525,-0.10432679206132889,-0.48680561780929565,-0.23660215735435486,-0.1352292150259018,-0.16403956711292267,-0.486422598361969,-0.030962998047471046,-0.1980080008506775,-0.6896026134490967,-0.0653463676571846,-0.21332556009292603,-0.8129001259803772,-0.09816530346870422,-0.22173044085502625,-0.9154194593429565,-0.12354665994644165,-0.08178488910198212,-0.5167277455329895,-0.04326979070901871,-0.10564238578081131,-0.7396707534790039,-0.06762397289276123,-0.11448057740926743,-0.8751819133758545,-0.0954672247171402,-0.11798709630966187,-0.985912024974823,-0.11856072396039963,0.004684298764914274,-0.5042587518692017,-0.06381416320800781,0.0026449954602867365,-0.7129351496696472,-0.09365396946668625,0.007602482568472624,-0.8360229134559631,-0.11843269318342209,0.009233720600605011,-0.9395741820335388,-0.1372493952512741,0.09343264997005463,-0.4561014175415039,-0.08939888328313828,0.13262498378753662,-0.6161473393440247,-0.11723294854164124,0.16155080497264862,-0.7156183123588562,-0.1284635215997696,0.18392781913280487,-0.8028548359870911,-0.1363571286201477
Right,Major,0.0,0.0,0.0,0.10538025945425034,-0.14238740503787994,-0.02029900625348091,0.1646312028169632,-0.2913544476032257,-0.04215976223349571,0.21165069937705994,-0.41325241327285767,-0.06347236037254333,0.2591397762298584,-0.49125778675079346,-0.08581329137086868,-0.009443665854632854,-0.49034583568573,-0.044408369809389114,-0.04141782596707344,-0.7253704071044922,-0.06925515830516815,-0.06409554183483124,-0.8611891269683838,-0.08750133961439133,-0.08487293869256973,-0.9654843807220459,-0.09979601204395294,-0.10159200429916382,-0.4666396379470825,-0.05307877063751221,-0.15542039275169373,-0.7113922834396362,-0.07018952071666718,-0.19281885027885437,-0.8624119162559509,-0.08739675581455231,-0.2212485373020172,-0.9698628187179565,-0.1020541787147522,-0.17923806607723236,-0.4129077196121216,-0.06188265234231949,-0.23663954436779022,-0.6417886018753052,-0.07671000808477402,-0.26804491877555847,-0.7853138446807861,-0.09906318038702011,-0.288847953081131,-0.8878459334373474,-0.11699256300926208,-0.24099260568618774,-0.34085673093795776,-0.0712292492389679,-0.31652018427848816,-0.49307572841644287,-0.09093255549669266,-0.3654898703098297,-0.5919051766395569,-0.10393523424863815,-0.40199223160743713,-0.6697107553482056,-0.11105179786682129
Right,Major,0.0,0.0,0.0,-0.14445285499095917,-0.04052998125553131,-0.05021395534276962,-0.28209933638572693,-0.1347862333059311,-0.08061801642179489,-0.3918462097644806,-0.19080716371536255,-0.10835439711809158,-0.48327887058258057,-0.20565061271190643,-0.13624365627765656,-0.25396037101745605,-0.43048912286758423,-0.04390626400709152,-0.3132873773574829,-0.6316012144088745,-0.08692659437656403,-0.3419029116630554,-0.757318377494812,-0.12369776517152786,-0.3607005178928375,-0.8581255078315735,-0.14930512011051178,-0.16917864978313446,-0.49273979663848877,-0.05168920382857323,-0.21444272994995117,-0.7184791564941406,-0.08270476758480072,-0.23903486132621765,-0.8521971106529236,-0.11059311777353287,-0.2573997974395752,-0.957309901714325,-0.13154123723506927,-0.07932734489440918,-0.5114426016807556,-0.06751509010791779,-0.1103571355342865,-0.7290424704551697,-0.0980927050113678,-0.13426052033901215,-0.848845899105072,-0.1168600469827652,-0.1554815173149109,-0.9408942461013794,-0.1309560090303421,0.015649339184165,-0.49065592885017395,-0.08884939551353455,0.023259751498699188,-0.6604294776916504,-0.11479061841964722,0.02236856333911419,-0.7679979801177979,-0.12193277478218079,0.017196517437696457,-0.8586840629577637,-0.1261633187532425
Right,Major,0.0,0.0,0.0,-0.13672417402267456,-0.0545155294239521,-0.04379544407129288,-0.2725464999675751,-0.17890092730522156,-0.06111619248986244,-0.3771836459636688,-0.26731476187705994,-0.07667043805122375,-0.4676990211009979,-0.3012016713619232,-0.09140332788228989,-0.2307806760072708,-0.45290085673332214,-0.014090574346482754,-0.2894015312194824,-0.6531914472579956,-0.0460088811814785,-0.3232001066207886,-0.7755927443504333,-0.07624699175357819,-0.3469697833061218,-0.8730842471122742,-0.09790549427270889,-0.15463986992835999,-0.5045979619026184,-0.02037183754146099,-0.1994745433330536,-0.7293093204498291,-0.043190620839595795,-0.22416044771671295,-0.8617525696754456,-0.06632199883460999,-0.2422991544008255,-0.9665600657463074,-0.08398102968931198,-0.07504141330718994,-0.5192500948905945,-0.035756926983594894,-0.1058327704668045,-0.7314172983169556,-0.05884438008069992,-0.12832005321979523,-0.852553129196167,-0.07301861047744751,-0.14795105159282684,-0.9469479918479919,-0.08423934131860733,0.009960909374058247,-0.5022146105766296,-0.0569659061729908,0.006707145366817713,-0.667991042137146,-0.07541142404079437,-0.001172568998299539,-0.7726593017578125,-0.0790662094950676,-0.012670667842030525,-0.8608603477478027,-0.08185824751853943
Right,Major,0.0,0.0,0.0,-0.13724473118782043,-0.05069565027952194,-0.05060191825032234,-0.25953149795532227,-0.1525385081768036,-0.07980874180793762,-0.35004541277885437,-0.23608677089214325,-0.10501705855131149,-0.4282182455062866,-0.2771115303039551,-0.13070937991142273,-0.18959999084472656,-0.451445609331131,-0.045390788465738297,-0.24171115458011627,-0.6568099856376648,-0.08354879915714264,-0.2628694474697113,-0.7839154601097107,-0.11744404584169388,-0.2708735466003418,-0.8904505968093872,-0.14074623584747314,-0.10715816915035248,-0.48841553926467896,-0.04851170629262924,-0.1329217553138733,-0.7175096869468689,-0.07571129500865936,-0.13984490931034088,-0.86529940366745,-0.10335469990968704,-0.13443975150585175,-0.9830169081687927,-0.12491530179977417,-0.023383498191833496,-0.4833548665046692,-0.059503134340047836,-0.030967997387051582,-0.6898021697998047,-0.0871398001909256,-0.03626318648457527,-0.8225476145744324,-0.11327224969863892,-0.03583471104502678,-0.9276630878448486,-0.13284283876419067,0.06189341098070145,-0.4501710832118988,-0.07550201565027237,0.07695259898900986,-0.6115122437477112,-0.09877896308898926,0.08230238407850266,-0.7156974673271179,-0.11031997203826904,0.08890311419963837,-0.8084828853607178,-0.11884366720914841
Right,Major,0.0,0.0,0.0,-0.14189481735229492,-0.05179547891020775,-0.05434037744998932,-0.2801370322704315,-0.15626390278339386,-0.08348070085048676,-0.3842381536960602,-0.23163706064224243,-0.10838844627141953,-0.4717433750629425,-0.2664080858230591,-0.13260677456855774,-0.2512950301170349,-0.4370134174823761,-0.04307819902896881,-0.2999659478664398,-0.6514549851417542,-0.08564377576112747,-0.316383421421051,-0.7844847440719604,-0.12127228826284409,-0.32485297322273254,-0.8914561867713928,-0.14491015672683716,-0.1613444834947586,-0.485603392124176,-0.04757016524672508,-0.18739476799964905,-0.7211431264877319,-0.07815195620059967,-0.1942601203918457,-0.8619096279144287,-0.10440529882907867,-0.19766072928905487,-0.972438395023346,-0.1236681342124939,-0.0712146982550621,-0.49568668007850647,-0.0610368438065052,-0.08365470170974731,-0.7171316742897034,-0.09099270403385162,-0.09131106734275818,-0.846772313117981,-0.10782740265130997,-0.0969453752040863,-0.9480656385421753,-0.11964459717273712,0.02041725069284439,-0.47250521183013916,-0.08039959520101547,0.024421820417046547,-0.6490636467933655,-0.10456967353820801,0.026904145255684853,-0.7586769461631775,-0.10911451280117035,0.02687798999249935,-0.8520724773406982,-0.1113162487745285
Right,Major,0.0,0.0,0.0,-0.12696495652198792,-0.0634116381406784,-0.06488543003797531,-0.24938088655471802,-0.1732957512140274,-0.10256849974393845,-0.3495235741138458,-0.2633785605430603,-0.13490061461925507,-0.43985238671302795,-0.3181360363960266,-0.1663118153810501,-0.20397332310676575,-0.45637449622154236,-0.05245383083820343,-0.24809792637825012,-0.6666504740715027,-0.10119176656007767,-0.2650679647922516,-0.7993462681770325,-0.14220239222049713,-0.2738247513771057,-0.9087013006210327,-0.16944919526576996,-0.12280694395303726,-0.4979431927204132,-0.05404647812247276,-0.14431089162826538,-0.7276881337165833,-0.09093545377254486,-0.15006022155284882,-0.8678163290023804,-0.12102798372507095,-0.15023228526115417,-0.9783139824867249,-0.14258986711502075,-0.04089330509305,-0.5015665292739868,-0.06554143130779266,-0.04800146445631981,-0.717459499835968,-0.10025036334991455,-0.053494058549404144,-0.8494802713394165,-0.11727652698755264,-0.055149298161268234,-0.9536831974983215,-0.12830865383148193,0.043483443558216095,-0.47259393334388733,-0.08412505686283112,0.04733685031533241,-0.6494974493980408,-0.11052178591489792,0.04824026674032211,-0.7618202567100525,-0.1150798574090004,0.047556761652231216,-0.8562894463539124,-0.11668626964092255
Right,Major,0.0,0.0,0.0,-0.1393692046403885,-0.04806825518608093,-0.05603734776377678,-0.2797715663909912,-0.16509167850017548,-0.08357119560241699,-0.38174280524253845,-0.25837182998657227,-0.10681021958589554,-0.46705225110054016,-0.30882635712623596,-0.12859563529491425,-0.22789373993873596,-0.4575442373752594,-0.03583913296461105,-0.2704659104347229,-0.6661338806152344,-0.07636380195617676,-0.28694331645965576,-0.7979443073272705,-0.1125762015581131,-0.29589852690696716,-0.9046542048454285,-0.13747283816337585,-0.14645975828170776,-0.502501904964447,-0.03905625268816948,-0.16829799115657806,-0.7295979261398315,-0.06876132637262344,-0.17174309492111206,-0.8692607879638672,-0.09539763629436493,-0.17005771398544312,-0.9787046909332275,-0.11496773362159729,-0.06435265392065048,-0.5078945159912109,-0.05194530636072159,-0.075133316218853,-0.7223250269889832,-0.0818755179643631,-0.07813514024019241,-0.8488349318504333,-0.09857804328203201,-0.07808856666088104,-0.9491848349571228,-0.11003714799880981,0.020103715360164642,-0.4801180362701416,-0.07135449349880219,0.024638591334223747,-0.6543087959289551,-0.09586337953805923,0.028752680867910385,-0.7656656503677368,-0.10147567838430405,0.03265796974301338,-0.8616976737976074,-0.10421720892190933
Right,Major,0.0,0.0,0.0,-0.13506165146827698,0.18819214403629303,-0.0696750059723854,-0.2894638478755951,0.3376586139202118,-0.1212448999285698,-0.40714532136917114,0.4607846140861511,-0.1695040911436081,-0.49746134877204895,0.5559694170951843,-0.2185686230659485,-0.4975258708000183,0.005678065121173859,-0.07572446763515472,-0.7041593194007874,-0.02669183537364006,-0.13981163501739502,-0.8285877108573914,-0.04773771017789841,-0.1931396722793579,-0.9289054274559021,-0.07017761468887329,-0.23048065602779388,-0.4805910289287567,-0.12712106108665466,-0.09001538157463074,-0.7022677659988403,-0.18224811553955078,-0.14365427196025848,-0.8346443772315979,-0.22068193554878235,-0.1873159408569336,-0.9415401220321655,-0.256677508354187,-0.21821756660938263,-0.42576858401298523,-0.24925073981285095,-0.11460448801517487,-0.6315262317657471,-0.319975346326828,-0.1673232465982437,-0.7555084228515625,-0.3579699695110321,-0.1993415206670761,-0.8605589270591736,-0.38915741443634033,-0.2208355814218521,-0.3396078646183014,-0.3660547435283661,-0.14627210795879364,-0.4857082664966583,-0.47167786955833435,-0.19051381945610046,-0.5798660516738892,-0.5341574549674988,-0.20488324761390686,-0.6651158332824707,-0.5896679759025574,-0.21260854601860046
Right,Major,0.0,0.0,0.0,-0.15359139442443848,0.02613954059779644,0.008112529292702675,-0.29335087537765503,0.1027873307466507,-0.009175251238048077,-0.4089208245277405,0.14279788732528687,-0.030876267701387405,-0.49831077456474304,0.1376969963312149,-0.05856967717409134,-0.3340091109275818,0.314754456281662,-0.05677478015422821,-0.37666431069374084,0.5584281086921692,-0.09333320707082748,-0.3901068866252899,0.7090844511985779,-0.11605074256658554,-0.397302508354187,0.8301175236701965,-0.13302452862262726,-0.25580209493637085,0.35865262150764465,-0.08588913083076477,-0.27467575669288635,0.6499254703521729,-0.11960165202617645,-0.28007498383522034,0.8172324299812317,-0.14014817774295807,-0.2855044901371002,0.9452869296073914,-0.15785986185073853,-0.1583837866783142,0.38146230578422546,-0.11134647578001022,-0.15439753234386444,0.646062433719635,-0.14105263352394104,-0.15222731232643127,0.8014628887176514,-0.15830643475055695,-0.15484938025474548,0.919348418712616,-0.17294710874557495,-0.05485372245311737,0.38733598589897156,-0.1347295045852661,-0.023463353514671326,0.5997763276100159,-0.16574908792972565,-0.004064565524458885,0.7275087833404541,-0.17924675345420837,0.004278102423995733,0.8343656063079834,-0.18693853914737701
Right,Major,0.0,0.0,0.0,-0.15322262048721313,0.02743571437895298,0.012666385620832443,-0.29273611307144165,0.10690682381391525,-0.0002982267178595066,-0.40751636028289795,0.15219524502754211,-0.017612842842936516,-0.4940985441207886,0.15329357981681824,-0.04169928655028343,-0.3316931128501892,0.31055715680122375,-0.05680495873093605,-0.3711664378643036,0.557216227054596,-0.0909300222992897,-0.3858168125152588,0.7091639637947083,-0.11088918894529343,-0.3959730565547943,0.833139955997467,-0.12675800919532776,-0.25351861119270325,0.35017964243888855,-0.08712223917245865,-0.2710721790790558,0.6432456374168396,-0.12158317863941193,-0.2796799838542938,0.8125427961349487,-0.14199797809123993,-0.28854283690452576,0.9440627098083496,-0.1596514731645584,-0.15609896183013916,0.3726400136947632,-0.11300439387559891,-0.1553710252046585,0.6423173546791077,-0.14556211233139038,-0.15635234117507935,0.8007627129554749,-0.16510926187038422,-0.16031889617443085,0.9214794635772705,-0.18083882331848145,-0.051883041858673096,0.38022568821907043,-0.13580602407455444,-0.019218849018216133,0.5991082787513733,-0.17195630073547363,0.0020191804505884647,0.7287077307701111,-0.18932084739208221,0.013518321327865124,0.8364001512527466,-0.19927769899368286
Right,Major,0.0,0.0,0.0,-0.11777548491954803,0.1927119493484497,-0.07560665905475616,-0.261727899312973,0.3345368802547455,-0.13057859241962433,-0.3732549548149109,0.46012231707572937,-0.18132756650447845,-0.4647672176361084,0.5602597594261169,-0.23353850841522217,-0.4807727336883545,0.05245561897754669,-0.0941752940416336,-0.6847540140151978,0.043729018419981,-0.1678561419248581,-0.8101595044136047,0.030694250017404556,-0.2261165976524353,-0.9164054989814758,0.008016957901418209,-0.2673827111721039,-0.4704740643501282,-0.08700694143772125,-0.10904565453529358,-0.6927269101142883,-0.12280559539794922,-0.17357929050922394,-0.8319469094276428,-0.15127412974834442,-0.22307831048965454,-0.9493184089660645,-0.1798628717660904,-0.25776687264442444,-0.41655591130256653,-0.21671947836875916,-0.13396026194095612,-0.6185932159423828,-0.27529072761535645,-0.19958703219890594,-0.7491901516914368,-0.30588066577911377,-0.2383720427751541,-0.8637700080871582,-0.3288083076477051,-0.2633282244205475,-0.328386515378952,-0.34097784757614136,-0.16560117900371552,-0.47131025791168213,-0.4453180134296417,-0.22361896932125092,-0.5714111924171448,-0.5013519525527954,-0.2463039755821228,-0.6664804816246033,-0.546420693397522,-0.2591666579246521
Right,Major,0.0,0.0,0.0,-0.15068231523036957,-0.06523606181144714,-0.0536448210477829,-0.27846503257751465,-0.19479213654994965,-0.0825546532869339,-0.37385910749435425,-0.31173115968704224,-0.10915999114513397,-0.4536098539829254,-0.39871808886528015,-0.1344950646162033,-0.19352710247039795,-0.4686407446861267,-0.034900449216365814,-0.23291920125484467,-0.6667478680610657,-0.07760772109031677,-0.24803830683231354,-0.7903864979743958,-0.11465214937925339,-0.2529412508010864,-0.8923149704933167,-0.14156939089298248,-0.10493257641792297,-0.5057467222213745,-0.04281890392303467,-0.13418693840503693,-0.7286105751991272,-0.07889378070831299,-0.14767369627952576,-0.8651330471038818,-0.11157391965389252,-0.15557542443275452,-0.9784545302391052,-0.13573144376277924,-0.01338688749819994,-0.5020337104797363,-0.06039104238152504,-0.027325043454766273,-0.7207989692687988,-0.1033690869808197,-0.04024071618914604,-0.8471568822860718,-0.13110649585723877,-0.05236092209815979,-0.9503397345542908,-0.14979685842990875,0.08301794528961182,-0.46157482266426086,-0.08309464156627655,0.12129348516464233,-0.62752765417099,-0.12292832136154175,0.14416317641735077,-0.7337284684181213,-0.14019232988357544,0.16095352172851562,-0.8265848755836487,-0.15064771473407745
Right,Major,0.0,0.0,0.0,-0.15925225615501404,-0.02833438478410244,-0.04927289858460426,-0.310185968875885,-0.12110275775194168,-0.07475024461746216,-0.42616400122642517,-0.20492756366729736,-0.10000412911176682,-0.5180540680885315,-0.2695067822933197,-0.12477510422468185,-0.2529206871986389,-0.41620761156082153,-0.023040812462568283,-0.327712744474411,-0.6011388301849365,-0.06344153732061386,-0.3678002655506134,-0.7178968787193298,-0.09984296560287476,-0.3952319324016571,-0.8174814581871033,-0.12673556804656982,-0.17527873814105988,-0.477882981300354,-0.03365194797515869,-0.24215489625930786,-0.6971362829208374,-0.06940944492816925,-0.2789510488510132,-0.8334147930145264,-0.10242319107055664,-0.30583828687667847,-0.9436273574829102,-0.12661108374595642,-0.08637567609548569,-0.5038257837295532,-0.05448639765381813,-0.1375654935836792,-0.7193799018859863,-0.09629833698272705,-0.17235295474529266,-0.8505377173423767,-0.12473328411579132,-0.20140019059181213,-0.9563771486282349,-0.14366480708122253,0.012246251106262207,-0.500053882598877,-0.08062244206666946,0.012862923555076122,-0.6842420101165771,-0.11773162335157394,0.01294165849685669,-0.803455114364624,-0.13410711288452148,0.00965576246380806,-0.9053346514701843,-0.14452171325683594
Right,Major,0.0,0.0,0.0,-0.14203189313411713,-0.03391740098595619,-0.0482022687792778,-0.2770281434059143,-0.1287579983472824,-0.07706079632043839,-0.38763490319252014,-0.19103871285915375,-0.10494184494018555,-0.4749649167060852,-0.23777911067008972,-0.13311409950256348,-0.19519521296024323,-0.4370438754558563,-0.03550456464290619,-0.2628014385700226,-0.6241669654846191,-0.07523515075445175,-0.3060186803340912,-0.7411698698997498,-0.11088817566633224,-0.3370139002799988,-0.8393063545227051,-0.13760092854499817,-0.12893714010715485,-0.48493003845214844,-0.04716460779309273,-0.18759718537330627,-0.7051746845245361,-0.08263938128948212,-0.22523684799671173,-0.8448503017425537,-0.11535976827144623,-0.25106626749038696,-0.9578531384468079,-0.139581561088562,-0.05629289150238037,-0.49323439598083496,-0.06746090203523636,-0.09170817583799362,-0.7099543213844299,-0.1062953770160675,-0.11687662452459335,-0.8414832353591919,-0.13443782925605774,-0.1375986635684967,-0.9540641903877258,-0.15426860749721527,0.02252635359764099,-0.46921035647392273,-0.09283151477575302,0.0358000248670578,-0.644024133682251,-0.1281629055738449,0.045636266469955444,-0.7586901187896729,-0.1442161649465561,0.05343371257185936,-0.8628025054931641,-0.1547800749540329
Right,Major,0.0,0.0,0.0,-0.1481558382511139,-0.08309580385684967,-0.04651679843664169,-0.2820238173007965,-0.1996261328458786,-0.07805132865905762,-0.40481024980545044,-0.25388702750205994,-0.10978908836841583,-0.5105618834495544,-0.258289635181427,-0.1431780904531479,-0.1413193792104721,-0.4992256164550781,-0.029037706553936005,-0.17485536634922028,-0.7006688714027405,-0.060836311429739,-0.18769340217113495,-0.8231478929519653,-0.09258206933736801,-0.19351674616336823,-0.921465277671814,-0.11743821948766708,-0.048932235687971115,-0.5285905599594116,-0.040243469178676605,-0.05695236101746559,-0.7525873184204102,-0.060178086161613464,-0.0526759997010231,-0.8859440088272095,-0.08672769367694855,-0.04341234639286995,-0.9929883480072021,-0.10995200276374817,0.04036356508731842,-0.512488067150116,-0.060066577047109604,0.05540484935045242,-0.7197300791740417,-0.08461761474609375,0.07181055843830109,-0.8395815491676331,-0.11045873165130615,0.08332925289869308,-0.9385802149772644,-0.1317659616470337,0.12524481117725372,-0.46015065908432007,-0.08530575782060623,0.17857493460178375,-0.6052942872047424,-0.10755249112844467,0.21784785389900208,-0.6928501129150391,-0.11694761365652084,0.24908927083015442,-0.7669472098350525,-0.12498858571052551
Right,Major,0.0,0.0,0.0,-0.1375330239534378,-0.055547673255205154,-0.05690663680434227,-0.264885812997818,-0.14706337451934814,-0.09912442415952682,-0.3826006054878235,-0.1852138340473175,-0.13995622098445892,-0.4921190142631531,-0.18369296193122864,-0.1840437650680542,-0.15069954097270966,-0.4512043297290802,-0.06437815725803375,-0.19899876415729523,-0.6556881070137024,-0.10717044770717621,-0.225864440202713,-0.7833890914916992,-0.14424490928649902,-0.24168895184993744,-0.8897425532341003,-0.17233599722385406,-0.05942763388156891,-0.4854152500629425,-0.07526154816150665,-0.08165233582258224,-0.719291090965271,-0.1050674095749855,-0.08991061896085739,-0.8637435436248779,-0.13591910898685455,-0.08980343490839005,-0.9826673269271851,-0.1621735692024231,0.03228307142853737,-0.4714601933956146,-0.09350193291902542,0.04230519011616707,-0.6916938424110413,-0.127443328499794,0.05286101624369621,-0.8197785019874573,-0.15586569905281067,0.059531278908252716,-0.9273248314857483,-0.17859184741973877,0.12330947071313858,-0.4179452657699585,-0.11727076023817062,0.17425307631492615,-0.5686340928077698,-0.14734616875648499,0.2087395191192627,-0.6596753597259521,-0.15783733129501343,0.23481856286525726,-0.7377780675888062,-0.1660890132188797
Right,Major,0.0,0.0,0.0,-0.17951318621635437,-0.06720991432666779,-0.0518738217651844,-0.3314085006713867,-0.21686573326587677,-0.0693826898932457,-0.44166794419288635,-0.3393964469432831,-0.08613977581262589,-0.5326850414276123,-0.41468653082847595,-0.10068870335817337,-0.19317732751369476,-0.5249289274215698,0.01059219054877758,-0.23033618927001953,-0.7085564136505127,-0.010786146856844425,-0.24395710229873657,-0.8235554099082947,-0.04075409844517708,-0.2504086196422577,-0.9138104915618896,-0.06552708894014359,-0.09040866047143936,-0.566208004951477,0.006871035322546959,-0.10941880941390991,-0.7725464105606079,-0.005186386872082949,-0.11668016761541367,-0.8964380025863647,-0.030620822682976723,-0.11828578263521194,-0.9916155338287354,-0.052030906081199646,0.011895517818629742,-0.5595003366470337,-0.009353888221085072,0.011010106652975082,-0.756475567817688,-0.03556785359978676,0.011106787249445915,-0.8629632592201233,-0.05922628939151764,0.010332795791327953,-0.9485955834388733,-0.07682120054960251,0.11349895596504211,-0.5112286806106567,-0.032026879489421844,0.1598251760005951,-0.6528635025024414,-0.06161951273679733,0.18996982276439667,-0.7297745943069458,-0.07463724911212921,0.21515299379825592,-0.7930210828781128,-0.08271292597055435
Right,Major,0.0,0.0,0.0,-0.1811557114124298,-0.015475946478545666,-0.09837092459201813,-0.3392657935619354,-0.1694706380367279,-0.13650912046432495,-0.4421520531177521,-0.31850406527519226,-0.1585584580898285,-0.5108383297920227,-0.45174190402030945,-0.17465096712112427,-0.19685035943984985,-0.4799485206604004,-0.06485558301210403,-0.22896741330623627,-0.698934018611908,-0.10060679912567139,-0.2427828311920166,-0.8454958200454712,-0.13494163751602173,-0.2541976869106293,-0.9539542198181152,-0.15923191606998444,-0.07913617044687271,-0.5159364938735962,-0.0384858176112175,-0.10155637562274933,-0.7303079962730408,-0.0502006970345974,-0.11625353991985321,-0.8555058836936951,-0.06608467549085617,-0.1251957267522812,-0.9474827647209167,-0.07962493598461151,0.0287670586258173,-0.5045440793037415,-0.0240649301558733,0.012095069512724876,-0.690594494342804,-0.033702146261930466,-0.005196513142436743,-0.8036284446716309,-0.030897701159119606,-0.01289778109639883,-0.8967269659042358,-0.030674878507852554,0.12999585270881653,-0.4586452543735504,-0.020685754716396332,0.11687895655632019,-0.6010058522224426,-0.03260163590312004,0.10350595414638519,-0.6797340512275696,-0.023984448984265327,0.0944288969039917,-0.7435494065284729,-0.014693641103804111
Right,Major,0.0,0.0,0.0,-0.1494920700788498,-0.07702551037073135,-0.05081326887011528,-0.26719900965690613,-0.2214117795228958,-0.0796089917421341,-0.3403646647930145,-0.35869574546813965,-0.10522672533988953,-0.40514978766441345,-0.4629313051700592,-0.13043512403964996,-0.14729876816272736,-0.47614023089408875,-0.04752912372350693,-0.16789785027503967,-0.6899006962776184,-0.09289517253637314,-0.17326371371746063,-0.8193798065185547,-0.13079755008220673,-0.17299425601959229,-0.9250871539115906,-0.15674708783626556,-0.05109225586056709,-0.4964556396007538,-0.05646083131432533,-0.0537431426346302,-0.7291982769966125,-0.09168828278779984,-0.05106334760785103,-0.8721394538879395,-0.12321121990680695,-0.04591815546154976,-0.9882099628448486,-0.14605708420276642,0.03905544802546501,-0.4781241714954376,-0.07321155816316605,0.05078992247581482,-0.6988903284072876,-0.10996869206428528,0.05625744163990021,-0.8331215381622314,-0.13224588334560394,0.0568818598985672,-0.942202627658844,-0.14767204225063324,0.12501314282417297,-0.4266939163208008,-0.09476065635681152,0.157563254237175,-0.5893879532814026,-0.1269834339618683,0.17342138290405273,-0.6881262063980103,-0.13568122684955597,0.1804068237543106,-0.7712054252624512,-0.13990679383277893
Right,Major,0.0,0.0,0.0,-0.1510952115058899,-0.07711402326822281,-0.05474555864930153,-0.27397090196609497,-0.2242797166109085,-0.08372238278388977,-0.34733664989471436,-0.36318477988243103,-0.10873834043741226,-0.41225776076316833,-0.46381255984306335,-0.13275566697120667,-0.15357141196727753,-0.4811750650405884,-0.04383699968457222,-0.1784157007932663,-0.69034343957901,-0.08647920191287994,-0.1861933469772339,-0.8161950707435608,-0.12303333729505539,-0.18723516166210175,-0.9198318719863892,-0.1490340530872345,-0.0593445748090744,-0.5039409399032593,-0.05043855682015419,-0.06811797618865967,-0.7322295308113098,-0.08516954630613327,-0.06963720917701721,-0.8721905946731567,-0.11619648337364197,-0.06600328534841537,-0.9880697131156921,-0.13914628326892853,0.030170468613505363,-0.4886343777179718,-0.06584178656339645,0.03474101796746254,-0.7093694806098938,-0.10303762555122375,0.03364136815071106,-0.8409110307693481,-0.12617745995521545,0.03204347938299179,-0.9500796794891357,-0.14233435690402985,0.11893963813781738,-0.44022074341773987,-0.08656430244445801,0.1457962840795517,-0.6065124869346619,-0.11944353580474854,0.15843375027179718,-0.7111890912055969,-0.13027693331241608,0.16643497347831726,-0.8047739863395691,-0.13650396466255188
Right,Major,0.0,0.0,0.0,-0.14697431027889252,-0.07919689267873764,-0.05126790702342987,-0.26424315571784973,-0.22808413207530975,-0.07824909687042236,-0.33805713057518005,-0.36576634645462036,-0.10250330716371536,-0.4030723571777344,-0.46820369362831116,-0.12594746053218842,-0.1504741609096527,-0.4835607409477234,-0.0362069234251976,-0.17262375354766846,-0.6914923787117004,-0.07832038402557373,-0.1799180507659912,-0.8182414770126343,-0.11525538563728333,-0.18014317750930786,-0.9220489263534546,-0.1410720944404602,-0.057393647730350494,-0.5058485865592957,-0.04408494383096695,-0.06679036468267441,-0.7349779009819031,-0.07749790698289871,-0.06935227662324905,-0.875562310218811,-0.10857991874217987,-0.06781446933746338,-0.9890040159225464,-0.13142335414886475,0.03177664801478386,-0.4912690818309784,-0.06080110743641853,0.037151999771595,-0.7134549021720886,-0.09624254703521729,0.03632166236639023,-0.8436177968978882,-0.11855079978704453,0.033122468739748,-0.9504142999649048,-0.1340995877981186,0.12037665396928787,-0.44441699981689453,-0.08275916427373886,0.14641456305980682,-0.6133838891983032,-0.11377889662981033,0.15867632627487183,-0.7192090749740601,-0.12327738106250763,0.16507093608379364,-0.8123458027839661,-0.12846340239048004
Right,Major,0.0,0.0,0.0,-0.16437968611717224,-0.006476460490375757,-0.049876920878887177,-0.32702136039733887,-0.0806899219751358,-0.07639765739440918,-0.4477277994155884,-0.14756011962890625,-0.10080917924642563,-0.5422871708869934,-0.19717226922512054,-0.1239946112036705,-0.2787536382675171,-0.415498822927475,-0.02648008242249489,-0.368609756231308,-0.5915006399154663,-0.06378801167011261,-0.41829535365104675,-0.7003710865974426,-0.0992995947599411,-0.45490631461143494,-0.7941702604293823,-0.12562547624111176,-0.20615743100643158,-0.4778914749622345,-0.03578031435608864,-0.29076728224754333,-0.6871976256370544,-0.06516620516777039,-0.3385462164878845,-0.8148264288902283,-0.09341904520988464,-0.37431013584136963,-0.9201849102973938,-0.11468049138784409,-0.12206017225980759,-0.5017170310020447,-0.05481705069541931,-0.19132764637470245,-0.7085046768188477,-0.08839283138513565,-0.23365305364131927,-0.8253355026245117,-0.1088280975818634,-0.2711712419986725,-0.9246436953544617,-0.12303269654512405,-0.024940282106399536,-0.49668601155281067,-0.07968322187662125,-0.05278056859970093,-0.673462450504303,-0.10983047634363174,-0.07032344490289688,-0.7824577689170837,-0.11893827468156815,-0.08732713013887405,-0.8817136287689209,-0.12410501390695572
Right,Major,0.0,0.0,0.0,-0.14126764237880707,-0.07916466146707535,-0.05525076761841774,-0.25566327571868896,-0.19182075560092926,-0.0909528061747551,-0.3342832326889038,-0.30007266998291016,-0.12295308709144592,-0.39631032943725586,-0.39743852615356445,-0.15444311499595642,-0.15479670464992523,-0.47739100456237793,-0.05607397109270096,-0.17760135233402252,-0.6801100373268127,-0.10435796529054642,-0.18564896285533905,-0.8052130341529846,-0.14504888653755188,-0.1852901726961136,-0.9091155529022217,-0.17323705554008484,-0.06163288652896881,-0.4996584355831146,-0.06528766453266144,-0.06934352964162827,-0.7281733155250549,-0.10477810353040695,-0.06935133039951324,-0.8679289221763611,-0.13936205208301544,-0.061341870576143265,-0.9844335913658142,-0.16470445692539215,0.0275746937841177,-0.48164159059524536,-0.08234979957342148,0.038834888488054276,-0.7053827047348022,-0.1265261024236679,0.05048452317714691,-0.8397459983825684,-0.15263845026493073,0.06280785799026489,-0.9522913694381714,-0.17012646794319153,0.11768296360969543,-0.4256691634654999,-0.10396921634674072,0.16200067102909088,-0.5915343761444092,-0.1452142298221588,0.1881740242242813,-0.698530375957489,-0.15843409299850464,0.20851004123687744,-0.7956934571266174,-0.16479693353176117
Right,Major,0.0,0.0,0.0,-0.1654229611158371,-0.10238660871982574,-0.05754787102341652,-0.2970835566520691,-0.2649565637111664,-0.08695853501558304,-0.3864307105541229,-0.4107392430305481,-0.11424849927425385,-0.45977112650871277,-0.5231961011886597,-0.13921338319778442,-0.16142575442790985,-0.5508624315261841,-0.02630983479321003,-0.1761648952960968,-0.7559949159622192,-0.06805356591939926,-0.17878903448581696,-0.8773309588432312,-0.106536366045475,-0.17601200938224792,-0.9751378893852234,-0.13463248312473297,-0.053168825805187225,-0.5712193250656128,-0.031227465718984604,-0.05007339268922806,-0.7811781764030457,-0.061849627643823624,-0.043222229927778244,-0.8934871554374695,-0.09090878814458847,-0.03471703827381134,-0.9793490767478943,-0.11372952163219452,0.04854675009846687,-0.548788845539093,-0.047199152410030365,0.07282590121030807,-0.7364264130592346,-0.08253011107444763,0.08448625355958939,-0.8334604501724243,-0.0991198718547821,0.09059644490480423,-0.9021338224411011,-0.11074860394001007,0.1460689902305603,-0.4872378408908844,-0.07017140090465546,0.20124636590480804,-0.6318383812904358,-0.10209791362285614,0.23347027599811554,-0.7099137306213379,-0.11026883125305176,0.2570977210998535,-0.7676172852516174,-0.11384262144565582
Right,Major,0.0,0.0,0.0,-0.13105478882789612,-0.11718093603849411,-0.0701776072382927,-0.2154717594385147,-0.2887326776981354,-0.107542484998703,-0.2580997943878174,-0.44920042157173157,-0.13896678388118744,-0.28910598158836365,-0.5902920365333557,-0.16830076277256012,-0.04942183196544647,-0.5311826467514038,-0.0540776252746582,-0.02029409632086754,-0.7407839298248291,-0.1052573174238205,0.006227202247828245,-0.8694270849227905,-0.14884202182292938,0.035862840712070465,-0.9705687761306763,-0.17864499986171722,0.05428435280919075,-0.524208664894104,-0.0542137548327446,0.10175292193889618,-0.7396897077560425,-0.09330826997756958,0.1367482990026474,-0.8724413514137268,-0.12735597789287567,0.17042025923728943,-0.9736074209213257,-0.15180787444114685,0.14481639862060547,-0.47840416431427,-0.06499314308166504,0.20283375680446625,-0.6792804598808289,-0.10591455549001694,0.23851768672466278,-0.8037490844726562,-0.12792442739009857,0.26955705881118774,-0.9035897254943848,-0.14253246784210205,0.22531014680862427,-0.3953378200531006,-0.08282052725553513,0.29776883125305176,-0.5362007021903992,-0.12024129182100296,0.3415555953979492,-0.6290391683578491,-0.1319548785686493,0.3789522051811218,-0.708186149597168,-0.13702750205993652
Right,Major,0.0,0.0,0.0,-0.12945711612701416,-0.17002880573272705,-0.05908660218119621,-0.1947672814130783,-0.39674872159957886,-0.08757667988538742,-0.22918839752674103,-0.5720075964927673,-0.11286967992782593,-0.2692442536354065,-0.6985090374946594,-0.13679833710193634,0.06557271629571915,-0.596706211566925,-0.024328988045454025,0.14055699110031128,-0.7832861542701721,-0.05899390950798988,0.19806168973445892,-0.880353569984436,-0.09666143357753754,0.2501241862773895,-0.9493778944015503,-0.12499500811100006,0.17341472208499908,-0.5528573989868164,-0.02887984737753868,0.2692243754863739,-0.7420397400856018,-0.049457039684057236,0.3349708318710327,-0.8428484797477722,-0.07741355895996094,0.3957948088645935,-0.9127048254013062,-0.10156998783349991,0.25569838285446167,-0.4721328616142273,-0.04437926784157753,0.359293133020401,-0.6362770795822144,-0.06993041932582855,0.4277561604976654,-0.7299965023994446,-0.08861223608255386,0.4872831106185913,-0.7981337904930115,-0.1045575812458992,0.31401321291923523,-0.35807928442955017,-0.06737640500068665,0.4197026491165161,-0.4679138958454132,-0.09159809350967407,0.48694124817848206,-0.5292760133743286,-0.09635602682828903,0.5456113219261169,-0.5737128257751465,-0.09936709702014923
Right,Major,0.0,0.0,0.0,-0.13717272877693176,-0.17209705710411072,-0.05570928379893303,-0.21291913092136383,-0.38633352518081665,-0.08465088903903961,-0.2539946138858795,-0.5580132603645325,-0.11118689179420471,-0.2945965826511383,-0.6864522099494934,-0.136789470911026,0.05517745390534401,-0.59769207239151,-0.02395896054804325,0.13074257969856262,-0.7866674661636353,-0.0549338273704052,0.18717944622039795,-0.8887471556663513,-0.09034421294927597,0.23607663810253143,-0.964561939239502,-0.1178482249379158,0.16347254812717438,-0.5535491108894348,-0.029360175132751465,0.2605825364589691,-0.7413384318351746,-0.046404119580984116,0.32103317975997925,-0.844486653804779,-0.07245257496833801,0.37418150901794434,-0.9173135161399841,-0.09597048163414001,0.24387842416763306,-0.47174540162086487,-0.04527530074119568,0.3493278920650482,-0.6330363750457764,-0.068355992436409,0.4117492735385895,-0.7336714267730713,-0.08914362639188766,0.46352970600128174,-0.8088050484657288,-0.1077951118350029,0.29878348112106323,-0.35778069496154785,-0.06815149635076523,0.4084635376930237,-0.44959932565689087,-0.09268342703580856,0.4771832227706909,-0.5089636445045471,-0.10076726227998734,0.5362073183059692,-0.554577112197876,-0.10658298432826996
Right,Major,0.0,0.0,0.0,-0.1489608883857727,-0.076149582862854,-0.054654210805892944,-0.2702988386154175,-0.19978898763656616,-0.08671186119318008,-0.35873889923095703,-0.3079037368297577,-0.11539912968873978,-0.42335060238838196,-0.40332651138305664,-0.14229679107666016,-0.14138689637184143,-0.49529173970222473,-0.04190599173307419,-0.16352000832557678,-0.6984398365020752,-0.0800042375922203,-0.1716848462820053,-0.821776270866394,-0.1141727864742279,-0.17300574481487274,-0.9181766510009766,-0.13920684158802032,-0.050354279577732086,-0.5198370218276978,-0.04906404763460159,-0.054562825709581375,-0.7474862337112427,-0.08005457371473312,-0.053209029138088226,-0.8840699195861816,-0.10926373302936554,-0.04683317616581917,-0.9902112483978271,-0.13148486614227295,0.03804448992013931,-0.5001260042190552,-0.06550872325897217,0.05498078837990761,-0.7186303734779358,-0.10437039285898209,0.06395769864320755,-0.845135509967804,-0.13206090033054352,0.06988600641489029,-0.9474624991416931,-0.15140853822231293,0.12549538910388947,-0.44183167815208435,-0.08688008040189743,0.18399330973625183,-0.6005517244338989,-0.1254490464925766,0.2194913923740387,-0.700904369354248,-0.14241090416908264,0.24867863953113556,-0.7892456650733948,-0.15249614417552948
Right,Major,0.0,0.0,0.0,-0.16794805228710175,0.01914113201200962,-0.05514572188258171,-0.3406248092651367,-0.027989162132143974,-0.08021244406700134,-0.47668391466140747,-0.06277504563331604,-0.1021246388554573,-0.5815255641937256,-0.07905510812997818,-0.12204555422067642,-0.3331893980503082,-0.3826761245727539,-0.024429380893707275,-0.4436854422092438,-0.5480982065200806,-0.05345091596245766,-0.5086413025856018,-0.6484310030937195,-0.08335315436124802,-0.5574023127555847,-0.7292085886001587,-0.10723837465047836,-0.25687065720558167,-0.46779489517211914,-0.029492927715182304,-0.3603097200393677,-0.6624335646629333,-0.05265764892101288,-0.4224659204483032,-0.7836436629295349,-0.08033288270235062,-0.4675593972206116,-0.8780449032783508,-0.10210476815700531,-0.16248968243598938,-0.512291669845581,-0.04489700868725777,-0.2408047467470169,-0.7081140875816345,-0.08076953887939453,-0.29066988825798035,-0.8211578726768494,-0.11235661059617996,-0.3326004445552826,-0.9089635014533997,-0.13412955403327942,-0.05481290444731712,-0.5239295959472656,-0.0654570534825325,-0.06430663913488388,-0.7005648612976074,-0.10181776434183121,-0.06991808861494064,-0.808448851108551,-0.1206560879945755,-0.07471849024295807,-0.9011751413345337,-0.13245949149131775
Right,Major,0.0,0.0,0.0,-0.17682942748069763,0.029846221208572388,-0.04937613010406494,-0.34603822231292725,-0.010583899915218353,-0.07083821296691895,-0.4756099283695221,-0.04670173302292824,-0.09078212827444077,-0.5771265625953674,-0.07299811393022537,-0.10884653776884079,-0.342410683631897,-0.37928810715675354,-0.011985157616436481,-0.4560272991657257,-0.5419585704803467,-0.0382324755191803,-0.5201128721237183,-0.6441636085510254,-0.06768163293600082,-0.5687301754951477,-0.7282370924949646,-0.09139564633369446,-0.2648968994617462,-0.4641260504722595,-0.019731827080249786,-0.3688127100467682,-0.6615160703659058,-0.03928171098232269,-0.43083053827285767,-0.7813172936439514,-0.06715831905603409,-0.4764598608016968,-0.8746134042739868,-0.08965099602937698,-0.17099282145500183,-0.5086686611175537,-0.03790513426065445,-0.2531922161579132,-0.7080019116401672,-0.07051118463277817,-0.3076874911785126,-0.820992112159729,-0.1017681136727333,-0.3539426624774933,-0.9085234999656677,-0.12420225143432617,-0.0634496808052063,-0.5207312703132629,-0.061132948845624924,-0.07566236704587936,-0.6997902989387512,-0.09577467292547226,-0.08512819558382034,-0.8100413084030151,-0.11428441852331161,-0.09341903030872345,-0.9065214991569519,-0.12614655494689941
Right,Major,0.0,0.0,0.0,-0.15115639567375183,-0.08803211897611618,-0.05481623485684395,-0.2562081813812256,-0.2436014860868454,-0.08110962063074112,-0.316776305437088,-0.392519474029541,-0.10400646179914474,-0.37901777029037476,-0.5001767873764038,-0.1260247677564621,-0.14455977082252502,-0.5104008913040161,-0.03134361654520035,-0.15905483067035675,-0.7145774364471436,-0.07089488953351974,-0.16235177218914032,-0.8386785984039307,-0.10833398252725601,-0.15839752554893494,-0.9407561421394348,-0.13609832525253296,-0.046568091958761215,-0.5274927020072937,-0.0373205728828907,-0.05108814314007759,-0.7509278655052185,-0.06793839484453201,-0.05114205554127693,-0.8838661909103394,-0.10088885575532913,-0.048234887421131134,-0.9908258318901062,-0.12624423205852509,0.04509735107421875,-0.5008051991462708,-0.05269290879368782,0.05469636991620064,-0.7153960466384888,-0.0902293249964714,0.05644630640745163,-0.8409514427185059,-0.11776955425739288,0.054042551666498184,-0.9404593706130981,-0.1379389464855194,0.1356055587530136,-0.43634381890296936,-0.07338728755712509,0.18179278075695038,-0.5843939185142517,-0.11021683365106583,0.20655561983585358,-0.669639527797699,-0.12485560029745102,0.2213057279586792,-0.7404120564460754,-0.13366588950157166
Right,Major,0.0,0.0,0.0,-0.13774117827415466,-0.07738390564918518,-0.06851053237915039,-0.2424221783876419,-0.2094953954219818,-0.10641670972108841,-0.30833330750465393,-0.34264060854911804,-0.13800367712974548,-0.36405277252197266,-0.46644777059555054,-0.16756285727024078,-0.13420766592025757,-0.48502644896507263,-0.056810151785612106,-0.15197107195854187,-0.6904693245887756,-0.10517234355211258,-0.15962480008602142,-0.8160534501075745,-0.14655576646327972,-0.15986427664756775,-0.9207684993743896,-0.17602497339248657,-0.041352786123752594,-0.5057489275932312,-0.05953893065452576,-0.04300763085484505,-0.7331697344779968,-0.0965988039970398,-0.04034177586436272,-0.873417854309082,-0.13071484863758087,-0.03389173746109009,-0.9870447516441345,-0.15682409703731537,0.043815191835165024,-0.48176103830337524,-0.07240181416273117,0.06365122646093369,-0.6934857964515686,-0.11324715614318848,0.07557579129934311,-0.8183727264404297,-0.13970337808132172,0.08201811462640762,-0.9228238463401794,-0.1592351645231247,0.12491113692522049,-0.4198959469795227,-0.09174434095621109,0.1668919175863266,-0.565937876701355,-0.130722314119339,0.1906474530696869,-0.6486881971359253,-0.14448846876621246,0.20489761233329773,-0.7186214327812195,-0.1526901125907898
Right,Minor,0.0,0.0,0.0,-0.14851981401443481,-0.15541118383407593,-0.009716272354125977,-0.2621084153652191,-0.362069308757782,-0.03324911370873451,-0.36784589290618896,-0.48074230551719666,-0.07254685461521149,-0.48071449995040894,-0.5685349106788635,-0.11113528907299042,-0.0792146846652031,-0.6156977415084839,0.03553560748696327,-0.21669511497020721,-0.7398214340209961,-0.023526690900325775,-0.3191065788269043,-0.8292653560638428,-0.06875396519899368,-0.40606895089149475,-0.9077085852622986,-0.10570257902145386,-0.0027655051089823246,-0.6262969374656677,-0.006090088747441769,-0.19681493937969208,-0.6629947423934937,-0.0922393649816513,-0.19039024412631989,-0.4680972993373871,-0.11393105983734131,-0.13322973251342773,-0.3864630460739136,-0.11199871450662613,0.06476210802793503,-0.5904423594474792,-0.05834502354264259,-0.14802581071853638,-0.5892881155014038,-0.14470194280147552,-0.13671262562274933,-0.3988872468471527,-0.11889543384313583,-0.07976032048463821,-0.3319942355155945,-0.08418260514736176,0.1179044246673584,-0.5127711892127991,-0.11467854678630829,-0.06841113418340683,-0.512958288192749,-0.17116503417491913,-0.07457448542118073,-0.3787449598312378,-0.14841489493846893,-0.026277385652065277,-0.32082927227020264,-0.12089172005653381
Right,Minor,0.0,0.0,0.0,-0.14081971347332,-0.18866239488124847,-0.007815737277269363,-0.22881053388118744,-0.43048185110092163,-0.03279945254325867,-0.32440873980522156,-0.5845705270767212,-0.07122091948986053,-0.4354575276374817,-0.7041394710540771,-0.10997448116540909,0.031361959874629974,-0.6594787240028381,0.03223579376935959,-0.15516389906406403,-0.7628860473632812,-0.03326379880309105,-0.25853195786476135,-0.8448861837387085,-0.09174352139234543,-0.33987459540367126,-0.9301431775093079,-0.13899284601211548,0.10738841444253922,-0.6606920957565308,-0.011301763355731964,-0.1274305135011673,-0.7397891283035278,-0.09735693782567978,-0.14662572741508484,-0.5388460159301758,-0.125340536236763,-0.09624562412500381,-0.43771594762802124,-0.1310015469789505,0.16458289325237274,-0.6127375960350037,-0.06456990540027618,-0.08687548339366913,-0.6688367128372192,-0.14489620923995972,-0.10172475129365921,-0.4718649685382843,-0.12033374607563019,-0.04446453973650932,-0.3890450596809387,-0.09163039177656174,0.19683004915714264,-0.5249082446098328,-0.12222889810800552,-0.021240852773189545,-0.562897801399231,-0.18468497693538666,-0.040608424693346024,-0.42470329999923706,-0.16786770522594452,0.010625052265822887,-0.3519647419452667,-0.14432293176651
Right,Minor,0.0,0.0,0.0,-0.19324514269828796,-0.1343618482351303,-0.004707529209554195,-0.3403065800666809,-0.35517778992652893,-0.0021402775309979916,-0.4475460350513458,-0.538489043712616,-0.024476446211338043,-0.555711030960083,-0.6649754047393799,-0.05172828212380409,-0.20956860482692719,-0.4946330785751343,0.11568532884120941,-0.2947169840335846,-0.6577547788619995,0.08198703080415726,-0.3886054456233978,-0.7797059416770935,0.060313545167446136,-0.4605662524700165,-0.8866642117500305,0.04129577428102493,-0.12539547681808472,-0.5253798365592957,0.08000656962394714,-0.23605157434940338,-0.6807502508163452,0.003165542846545577,-0.22190767526626587,-0.4897603690624237,-0.014730718918144703,-0.15344427525997162,-0.4003211557865143,0.003506419248878956,-0.021773802116513252,-0.5352391004562378,0.03013131208717823,-0.13633993268013,-0.6873747706413269,-0.06221315264701843,-0.1366884559392929,-0.4845154881477356,-0.04229753464460373,-0.07218951731920242,-0.37933820486068726,0.004484009929001331,0.09958318620920181,-0.5297096967697144,-0.02142229489982128,-0.024989308789372444,-0.6508938670158386,-0.07882498949766159,-0.05508296564221382,-0.5036960244178772,-0.05549529939889908,-0.0066093336790800095,-0.39695215225219727,-0.020429333671927452
Right,Minor,0.0,0.0,0.0,-0.14467987418174744,-0.13556836545467377,-0.023389922454953194,-0.24218535423278809,-0.38415881991386414,-0.02142753265798092,-0.28050696849823,-0.5927750468254089,-0.03148958459496498,-0.3340708911418915,-0.737916111946106,-0.04458310455083847,-0.10842669755220413,-0.5128945708274841,0.032208625227212906,-0.13891145586967468,-0.7145648002624512,-0.00523368502035737,-0.17259521782398224,-0.8578409552574158,-0.033471547067165375,-0.2106601595878601,-0.9758756160736084,-0.05735033378005028,-0.01821104809641838,-0.50179123878479,0.011197516694664955,-0.09366333484649658,-0.6433323621749878,-0.07515463978052139,-0.12973561882972717,-0.4825650751590729,-0.10456424206495285,-0.14463220536708832,-0.32331106066703796,-0.09970938414335251,0.08226019144058228,-0.4629983901977539,-0.01801515370607376,-0.0010822757612913847,-0.6005087494850159,-0.11601067334413528,-0.03750625625252724,-0.4206532835960388,-0.10438813269138336,-0.04737681522965431,-0.25313425064086914,-0.0652211531996727,0.1930379867553711,-0.40021178126335144,-0.048670053482055664,0.10963243991136551,-0.528847336769104,-0.11976251006126404,0.06145615130662918,-0.41504842042922974,-0.10439065843820572,0.04806147515773773,-0.28541943430900574,-0.07322532683610916
Right,Minor,0.0,0.0,0.0,0.15683062374591827,-0.2088325172662735,-0.02814609557390213,0.20525296032428741,-0.46954184770584106,-0.03648924455046654,0.17215490341186523,-0.7106257677078247,-0.034882910549640656,0.15397830307483673,-0.8966634273529053,-0.029189791530370712,0.02844150736927986,-0.5533754229545593,-0.0319448821246624,-0.06312243640422821,-0.7995433807373047,-0.017407462000846863,-0.10222821682691574,-0.9196210503578186,-0.0039756265468895435,-0.11870458722114563,-0.9929224252700806,0.0037774567026644945,-0.10245497524738312,-0.5245930552482605,-0.00796374399214983,-0.09553515166044235,-0.6976388692855835,0.0238048005849123,-0.05218140408396721,-0.6973141431808472,0.040984127670526505,-0.01572970673441887,-0.6588349342346191,0.04458194971084595,-0.19255535304546356,-0.46660205721855164,0.018287086859345436,-0.15736857056617737,-0.6245143413543701,0.05343367159366608,-0.11707530170679092,-0.609574556350708,0.0742298886179924,-0.0871519073843956,-0.5637217164039612,0.07529284805059433,-0.2602233290672302,-0.41176697611808777,0.04238216578960419,-0.21515005826950073,-0.5305160880088806,0.07196147739887238,-0.17172040045261383,-0.5222583413124084,0.09226956963539124,-0.14802981913089752,-0.4853806793689728,0.1036645695567131
Right,Minor,0.0,0.0,0.0,0.15071117877960205,-0.21142467856407166,-0.019889771938323975,0.1987214833498001,-0.46431246399879456,-0.028664106503129005,0.18089506030082703,-0.7045465111732483,-0.028778156265616417,0.1689322292804718,-0.883598268032074,-0.02466687746345997,0.052076250314712524,-0.5612965822219849,-0.047237128019332886,-0.039659835398197174,-0.8066626787185669,-0.043879058212041855,-0.07854928821325302,-0.9239020347595215,-0.03613753989338875,-0.10009454935789108,-0.9944703578948975,-0.03177563101053238,-0.08452650904655457,-0.5436156392097473,-0.030179841443896294,-0.04194590076804161,-0.7038477659225464,-0.01602555625140667,0.0058294241316616535,-0.6508697271347046,-0.0009553878917358816,0.028459109365940094,-0.5690396428108215,0.0046207788400352,-0.1789775937795639,-0.49111828207969666,-0.009057313203811646,-0.1135292798280716,-0.6292881369590759,0.015062562189996243,-0.07527921348810196,-0.5722783207893372,0.042181145399808884,-0.060480996966362,-0.49451813101768494,0.05018337443470955,-0.24852488934993744,-0.4391994774341583,0.010477226227521896,-0.17727553844451904,-0.5439020991325378,0.03595978766679764,-0.13738182187080383,-0.4995381832122803,0.061002153903245926,-0.12669803202152252,-0.43678227066993713,0.0767412781715393
Right,Minor,0.0,0.0,0.0,-0.12890483438968658,-0.16678625345230103,-0.022811409085989,-0.21147562563419342,-0.44607698917388916,-0.026439854875206947,-0.2536861002445221,-0.6584578156471252,-0.041580211371183395,-0.32956239581108093,-0.7979357242584229,-0.0605112724006176,-0.061704955995082855,-0.5364370346069336,0.029147038236260414,-0.10201355069875717,-0.7282930612564087,-0.018352016806602478,-0.15137730538845062,-0.8643833994865417,-0.05389505252242088,-0.20253752171993256,-0.9758599996566772,-0.08170635998249054,0.029970506206154823,-0.519136905670166,0.0054154726676642895,-0.03619396686553955,-0.6700958609580994,-0.09117359668016434,-0.0750623270869255,-0.4957423806190491,-0.12330774962902069,-0.09526657313108444,-0.3316940367221832,-0.11875934153795242,0.12950022518634796,-0.47533726692199707,-0.02704465575516224,0.04603298753499985,-0.6097562909126282,-0.13125964999198914,0.00479485746473074,-0.41941338777542114,-0.12147753685712814,-0.010610208846628666,-0.24757863581180573,-0.0827568918466568,0.2369706630706787,-0.40924587845802307,-0.06061158701777458,0.14270758628845215,-0.5372667908668518,-0.13440875709056854,0.08532392233610153,-0.4135231673717499,-0.12085255980491638,0.06485709547996521,-0.2810800075531006,-0.09192022681236267
Right,Minor,0.0,0.0,0.0,-0.18760564923286438,-0.1388242095708847,-0.023497791960835457,-0.30631178617477417,-0.40325459837913513,-0.010089214891195297,-0.35022053122520447,-0.6374802589416504,-0.008825239725410938,-0.4086054563522339,-0.7938618063926697,-0.007925278507173061,-0.23920728266239166,-0.5071646571159363,0.07348228245973587,-0.2917291224002838,-0.6996792554855347,0.05082482099533081,-0.33542972803115845,-0.8210970163345337,0.03373350575566292,-0.3771636188030243,-0.9259660840034485,0.01828809641301632,-0.1291576474905014,-0.511471688747406,0.05484512075781822,-0.17616192996501923,-0.6429864764213562,-0.02422626130282879,-0.1513616293668747,-0.4913082420825958,-0.05241105332970619,-0.12561027705669403,-0.35063835978507996,-0.04462830349802971,-0.01409086026251316,-0.4923190772533417,0.025443298742175102,-0.06629063934087753,-0.6192496418952942,-0.06615111976861954,-0.0531107522547245,-0.4429122507572174,-0.055327996611595154,-0.030218472704291344,-0.2880096137523651,-0.016319284215569496,0.10930370539426804,-0.45585963129997253,-0.005992176942527294,0.045419685542583466,-0.5753899216651917,-0.06672798842191696,0.03434416651725769,-0.44489288330078125,-0.04878304898738861,0.04855876788496971,-0.31907159090042114,-0.01712583377957344
Right,Minor,0.0,0.0,0.0,-0.15428052842617035,-0.05432461202144623,-0.0515190027654171,-0.29038700461387634,-0.2443469613790512,-0.07056235522031784,-0.3611411154270172,-0.39562302827835083,-0.09059583395719528,-0.45560914278030396,-0.4604828357696533,-0.11156642436981201,-0.2980451285839081,-0.529245913028717,-0.011563840322196484,-0.3852042555809021,-0.6608113646507263,-0.09041788429021835,-0.44967275857925415,-0.7615188360214233,-0.14433252811431885,-0.5007709264755249,-0.8466150164604187,-0.18019838631153107,-0.16802598536014557,-0.6071403622627258,-0.03224117308855057,-0.2565245032310486,-0.7185676693916321,-0.16483426094055176,-0.19213572144508362,-0.4631567895412445,-0.19508859515190125,-0.12934917211532593,-0.27551552653312683,-0.17353717982769012,-0.02341240830719471,-0.6280971169471741,-0.0654812678694725,-0.09308076649904251,-0.6418753862380981,-0.19853301346302032,-0.049672387540340424,-0.388130247592926,-0.17603495717048645,-0.009978375397622585,-0.23441588878631592,-0.11763754487037659,0.12968936562538147,-0.6074845194816589,-0.10223905742168427,0.057708486914634705,-0.6192873120307922,-0.18687531352043152,0.058936893939971924,-0.4335850775241852,-0.16289974749088287,0.07654603570699692,-0.3175058662891388,-0.12063375115394592
Right,Minor,0.0,0.0,0.0,-0.22577856481075287,-0.09598804265260696,-0.012484678067266941,-0.4200686514377594,-0.23728211224079132,-0.05042293295264244,-0.5768948793411255,-0.28611645102500916,-0.1031099185347557,-0.734627366065979,-0.29244866967201233,-0.1588882952928543,-0.26186221837997437,-0.6470375061035156,0.007910610176622868,-0.4888354539871216,-0.6378501057624817,-0.08900845050811768,-0.6391580104827881,-0.6161349415779114,-0.17609858512878418,-0.7725493907928467,-0.5898499488830566,-0.23504136502742767,-0.18066591024398804,-0.6954845786094666,-0.03588300943374634,-0.4354408383369446,-0.5609650611877441,-0.1520535796880722,-0.3687816858291626,-0.33443325757980347,-0.20154331624507904,-0.28687968850135803,-0.20874185860157013,-0.21605455875396729,-0.10208161920309067,-0.6808925271034241,-0.08915988355875015,-0.36604219675064087,-0.5165851712226868,-0.19198264181613922,-0.27969443798065186,-0.3006790280342102,-0.1788017898797989,-0.1940564513206482,-0.18597640097141266,-0.14917941391468048,-0.025812067091464996,-0.6087287664413452,-0.14681874215602875,-0.24424821138381958,-0.47053301334381104,-0.2241733968257904,-0.1997048556804657,-0.3157936632633209,-0.21152625977993011,-0.13214720785617828,-0.2360837310552597,-0.18499617278575897
Right,Minor,0.0,0.0,0.0,-0.16617727279663086,0.22635097801685333,0.015673479065299034,-0.3163815438747406,0.4016426205635071,-0.01911570131778717,-0.39163902401924133,0.5669047832489014,-0.0693819597363472,-0.426178902387619,0.7545316815376282,-0.11986406147480011,-0.5554847121238708,0.08502846211194992,-0.0011092026252299547,-0.6118260622024536,0.39124202728271484,-0.08977609127759933,-0.6143397092819214,0.5876535177230835,-0.16177140176296234,-0.6122239232063293,0.7625303864479065,-0.20911560952663422,-0.5307693481445312,0.011753616854548454,-0.051778730005025864,-0.5023724436759949,0.42516854405403137,-0.1398955136537552,-0.35204270482063293,0.3952573537826538,-0.16497476398944855,-0.2795150876045227,0.3136976659297943,-0.17484845221042633,-0.4673793911933899,-0.014471184462308884,-0.10817167162895203,-0.41041213274002075,0.3925280272960663,-0.1759495586156845,-0.2668286859989166,0.3395706117153168,-0.14726200699806213,-0.2014951854944229,0.2524459958076477,-0.12240090221166611,-0.37545451521873474,-0.0036741781514137983,-0.1675879806280136,-0.32146450877189636,0.3029101490974426,-0.21938884258270264,-0.21823234856128693,0.2870815694332123,-0.20284207165241241,-0.16896818578243256,0.2225976586341858,-0.18289129436016083
Right,Minor,0.0,0.0,0.0,-0.19954022765159607,-0.05249714478850365,-0.027010304853320122,-0.41273918747901917,-0.2247592806816101,-0.039676375687122345,-0.5663954615592957,-0.35089364647865295,-0.06425506621599197,-0.7055134773254395,-0.39278078079223633,-0.09185009449720383,-0.32605862617492676,-0.48144322633743286,0.026090193539857864,-0.48380279541015625,-0.5988612771034241,-0.03937918320298195,-0.6038931608200073,-0.6548147201538086,-0.0859263688325882,-0.7034764885902405,-0.7007565498352051,-0.11857914179563522,-0.23314829170703888,-0.5458869338035583,-0.004418563563376665,-0.39431893825531006,-0.6060598492622375,-0.12506042420864105,-0.33789047598838806,-0.3896007239818573,-0.16131703555583954,-0.2595498263835907,-0.22799527645111084,-0.1515369415283203,-0.11851572245359421,-0.5785694718360901,-0.045290231704711914,-0.27491870522499084,-0.5802850723266602,-0.1712607592344284,-0.21461375057697296,-0.35862720012664795,-0.15518108010292053,-0.1390930861234665,-0.20832009613513947,-0.10505694150924683,0.011035870760679245,-0.5829795002937317,-0.08767877519130707,-0.1371830254793167,-0.5767270922660828,-0.17049014568328857,-0.12256018817424774,-0.404231995344162,-0.14889423549175262,-0.06899291276931763,-0.2822698652744293,-0.11019299179315567
Right,Minor,0.0,0.0,0.0,-0.16284804046154022,-0.17130796611309052,-0.03888833522796631,-0.2547157108783722,-0.4442043602466583,-0.03958146646618843,-0.29260459542274475,-0.6857666373252869,-0.0522003136575222,-0.3526933789253235,-0.853550374507904,-0.06587930768728256,-0.13869942724704742,-0.5093901753425598,0.05957692116498947,-0.17914527654647827,-0.6898471713066101,0.02104056067764759,-0.2144974321126938,-0.8361135721206665,-0.009753241203725338,-0.24503692984580994,-0.9690791368484497,-0.02902686595916748,-0.0336594432592392,-0.5112313628196716,0.045017171651124954,-0.07040514796972275,-0.7213454246520996,-0.015563073568046093,-0.09968308359384537,-0.850814163684845,-0.05671907961368561,-0.12029841542243958,-0.9538699388504028,-0.06945665925741196,0.07998984307050705,-0.47139060497283936,0.017326101660728455,0.02711435779929161,-0.6266804337501526,-0.08563380688428879,-0.012749029323458672,-0.45471611618995667,-0.10138245671987534,-0.02598855085670948,-0.27840402722358704,-0.07192015647888184,0.20350755751132965,-0.40404364466667175,-0.011591107584536076,0.14579874277114868,-0.5464800596237183,-0.0799860954284668,0.10034089535474777,-0.43706655502319336,-0.07197529822587967,0.08555197715759277,-0.299013614654541,-0.04388542100787163
Right,Minor,0.0,0.0,0.0,-0.1680728793144226,-0.09803637862205505,-0.010128706693649292,-0.3284430503845215,-0.27860233187675476,-0.024101383984088898,-0.45499005913734436,-0.387472540140152,-0.05448710173368454,-0.583050012588501,-0.4360893964767456,-0.08774018287658691,-0.22575430572032928,-0.5534469485282898,0.030409397557377815,-0.3528718650341034,-0.7034624218940735,-0.03527554124593735,-0.45388999581336975,-0.7766097187995911,-0.08327902108430862,-0.5500719547271729,-0.8271189332008362,-0.11530472338199615,-0.14417585730552673,-0.5783987641334534,-0.004605573136359453,-0.3028717339038849,-0.5768950581550598,-0.12146978825330734,-0.24961058795452118,-0.364452987909317,-0.1574506163597107,-0.18629612028598785,-0.2152596116065979,-0.15176670253276825,-0.05525869503617287,-0.5811252593994141,-0.04866647720336914,-0.21793758869171143,-0.5402500033378601,-0.157401442527771,-0.15749004483222961,-0.3382037878036499,-0.14030233025550842,-0.09527010470628738,-0.20290438830852509,-0.09708217531442642,0.04254784435033798,-0.5571126937866211,-0.09523574262857437,-0.11217308789491653,-0.532550573348999,-0.16418616473674774,-0.095618337392807,-0.37723127007484436,-0.1440870612859726,-0.05005933716893196,-0.27044790983200073,-0.10925378650426865
Right,Minor,0.0,0.0,0.0,-0.163747638463974,-0.1332894265651703,-0.025020698085427284,-0.28312018513679504,-0.3737119436264038,-0.029039982706308365,-0.34969791769981384,-0.5731005668640137,-0.045844390988349915,-0.3977460265159607,-0.7242600917816162,-0.06252781301736832,-0.12679007649421692,-0.5384305119514465,0.03585454821586609,-0.1348097175359726,-0.7612860798835754,-0.014861519448459148,-0.17696265876293182,-0.8834892511367798,-0.04638417065143585,-0.2294437736272812,-0.9710822105407715,-0.06599146872758865,-0.03436329960823059,-0.527843713760376,0.012370056472718716,-0.11608205735683441,-0.6495378613471985,-0.0933324471116066,-0.12390277534723282,-0.4556245803833008,-0.12337832897901535,-0.1086127907037735,-0.28855061531066895,-0.1109829768538475,0.06309293955564499,-0.501507043838501,-0.021421728655695915,-0.026052268221974373,-0.5913214087486267,-0.12971565127372742,-0.033407505601644516,-0.38692590594291687,-0.1142909973859787,-0.020542901009321213,-0.2296609729528427,-0.06760241091251373,0.1707291305065155,-0.4560692310333252,-0.0571926049888134,0.08104082942008972,-0.5487939715385437,-0.1260078400373459,0.05231921374797821,-0.4045584797859192,-0.10386094450950623,0.059685155749320984,-0.27980709075927734,-0.06543757766485214
Right,Minor,0.0,0.0,0.0,0.11991844326257706,-0.24594074487686157,-0.04538395628333092,0.12621746957302094,-0.5294353365898132,-0.0667751207947731,0.05570537969470024,-0.7615962028503418,-0.07496774196624756,0.0071549913845956326,-0.9432445168495178,-0.08101274073123932,-0.02699309214949608,-0.5245998501777649,-0.10020022094249725,-0.14341700077056885,-0.7470479011535645,-0.1207088753581047,-0.1822797656059265,-0.8785548806190491,-0.12399028986692429,-0.19589786231517792,-0.972454845905304,-0.126316100358963,-0.15609779953956604,-0.45460137724876404,-0.07983013242483139,-0.12057862430810928,-0.6160019636154175,-0.10072489082813263,-0.0619063638150692,-0.5685293078422546,-0.09188907593488693,-0.030261993408203125,-0.48429471254348755,-0.08643975108861923,-0.23909373581409454,-0.37577444314956665,-0.0567665733397007,-0.18606781959533691,-0.5164245367050171,-0.06344486027956009,-0.13875073194503784,-0.46877697110176086,-0.03494524955749512,-0.11125286668539047,-0.39914125204086304,-0.020889101549983025,-0.299897700548172,-0.3123258054256439,-0.03724195063114166,-0.2398129105567932,-0.43613219261169434,-0.03845268487930298,-0.1951838731765747,-0.3929300606250763,-0.018947051838040352,-0.1772143542766571,-0.33474603295326233,-0.004308481700718403
Right,Minor,0.0,0.0,0.0,0.13653947412967682,-0.2140015810728073,-0.10562966018915176,0.15072093904018402,-0.5027303695678711,-0.16644079983234406,0.07204610854387283,-0.7294822335243225,-0.19479209184646606,0.026611734181642532,-0.9239099621772766,-0.2149192988872528,-0.0371379479765892,-0.407071053981781,-0.22005832195281982,-0.22228188812732697,-0.6484673023223877,-0.26822835206985474,-0.2472647726535797,-0.8259097933769226,-0.27275192737579346,-0.22214767336845398,-0.9377650618553162,-0.26692143082618713,-0.1815573275089264,-0.33432531356811523,-0.16945573687553406,-0.2068387269973755,-0.6266158223152161,-0.20750905573368073,-0.13408657908439636,-0.6986534595489502,-0.1908513456583023,-0.06871164590120316,-0.6859517693519592,-0.17526467144489288,-0.2725823223590851,-0.2889542877674103,-0.11690578609704971,-0.27652695775032043,-0.5744025707244873,-0.12717588245868683,-0.21688392758369446,-0.6534817814826965,-0.10203414410352707,-0.16689246892929077,-0.6707364916801453,-0.09126173704862595,-0.32997116446495056,-0.2725689113140106,-0.07141988724470139,-0.2994551360607147,-0.4907830059528351,-0.08081763982772827,-0.23518095910549164,-0.5485988259315491,-0.07010145485401154,-0.1941254884004593,-0.5538851022720337,-0.060877345502376556
Right,Minor,0.0,0.0,0.0,0.12498880177736282,-0.22920213639736176,-0.09036877006292343,0.1273752748966217,-0.5047570466995239,-0.13468517363071442,0.04251759871840477,-0.7211074233055115,-0.15290969610214233,-0.02203906700015068,-0.8995624780654907,-0.1662139743566513,-0.050911251455545425,-0.42024150490760803,-0.170344278216362,-0.22314977645874023,-0.6526362299919128,-0.2192028909921646,-0.24962419271469116,-0.8274182081222534,-0.23698942363262177,-0.22889310121536255,-0.9432033896446228,-0.24078066647052765,-0.18972896039485931,-0.34767815470695496,-0.13015291094779968,-0.2229745239019394,-0.6200403571128845,-0.17453566193580627,-0.1705627590417862,-0.7025352716445923,-0.17360937595367432,-0.11563768982887268,-0.6976727843284607,-0.16547547280788422,-0.28032851219177246,-0.29184970259666443,-0.08997580409049988,-0.3047133982181549,-0.5583564043045044,-0.10873757302761078,-0.279122531414032,-0.6608671545982361,-0.09602896124124527,-0.24901095032691956,-0.6975877285003662,-0.08949922025203705,-0.33906179666519165,-0.2644994854927063,-0.05610518902540207,-0.3187369108200073,-0.4648952782154083,-0.07138671725988388,-0.26623696088790894,-0.5131829977035522,-0.06253563612699509,-0.2236776500940323,-0.5086977481842041,-0.05227474868297577
Right,Minor,0.0,0.0,0.0,-0.14533956348896027,-0.1547292321920395,-0.025285562500357628,-0.23552392423152924,-0.4446333050727844,-0.020738884806632996,-0.26887744665145874,-0.6743151545524597,-0.0286011453717947,-0.31090033054351807,-0.8487079739570618,-0.03814002871513367,-0.08314330875873566,-0.571601390838623,0.055582333356142044,-0.09985700249671936,-0.7624975442886353,0.009677629917860031,-0.14860418438911438,-0.8840987086296082,-0.02378195710480213,-0.20763620734214783,-0.9770398736000061,-0.04775194078683853,0.005438199732452631,-0.5483314990997314,0.03303498774766922,-0.08483544737100601,-0.6990370750427246,-0.06179755926132202,-0.12567907571792603,-0.5184100866317749,-0.09161672741174698,-0.13912522792816162,-0.3528013527393341,-0.08236301690340042,0.09970048069953918,-0.49684616923332214,-0.0016194097697734833,-0.003017263952642679,-0.6259966492652893,-0.10862372815608978,-0.03898710384964943,-0.42024630308151245,-0.09556463360786438,-0.04534901678562164,-0.2525278329849243,-0.05157817155122757,0.2031427025794983,-0.4220075309276581,-0.0382222943007946,0.09850751608610153,-0.5365665555000305,-0.1152467206120491,0.05225883796811104,-0.39315924048423767,-0.0995885506272316,0.04854855686426163,-0.2620337903499603,-0.06622233241796494
Right,Minor,0.0,0.0,0.0,-0.15018080174922943,-0.1559239774942398,-0.026982417330145836,-0.2402021437883377,-0.44852662086486816,-0.02365245670080185,-0.26603513956069946,-0.6894904971122742,-0.032405585050582886,-0.2996787130832672,-0.8752933740615845,-0.042227331548929214,-0.10084361582994461,-0.585745632648468,0.053302258253097534,-0.11664390563964844,-0.7776742577552795,0.0014334117295220494,-0.1652332991361618,-0.8914671540260315,-0.03627695515751839,-0.22283944487571716,-0.9729743599891663,-0.06052574887871742,-0.004520270507782698,-0.5633407831192017,0.03048088774085045,-0.09402643889188766,-0.726062536239624,-0.07005027681589127,-0.137140154838562,-0.5529024004936218,-0.10342799872159958,-0.15544964373111725,-0.38332483172416687,-0.09387112408876419,0.09509620070457458,-0.5103369951248169,-0.00485145952552557,-0.006673241965472698,-0.6293155550956726,-0.11981678009033203,-0.046210043132305145,-0.4216301143169403,-0.10994060337543488,-0.06151019036769867,-0.2462405264377594,-0.06407039612531662,0.20375290513038635,-0.4323442876338959,-0.04180014878511429,0.10438235849142075,-0.5379090309143066,-0.12345371395349503,0.05128130689263344,-0.3910194933414459,-0.1081707701086998,0.030870001763105392,-0.25147873163223267,-0.07259561121463776
Right,Minor,0.0,0.0,0.0,-0.06295499950647354,-0.22573824226856232,-0.006210637744516134,-0.07315609604120255,-0.4744548499584198,-0.025273215025663376,-0.09396788477897644,-0.6592504978179932,-0.05957093834877014,-0.1385994404554367,-0.8285490274429321,-0.09612580388784409,0.19134344160556793,-0.558910071849823,0.0222169142216444,0.173221156001091,-0.7481071352958679,-0.04817155748605728,0.126861110329628,-0.8800259232521057,-0.1053382158279419,0.07266635447740555,-0.9872907400131226,-0.14133824408054352,0.26448148488998413,-0.5068846344947815,-0.00875071994960308,0.08418907225131989,-0.6269434094429016,-0.10614943504333496,-0.018041331321001053,-0.45350220799446106,-0.1417013555765152,-0.06633154302835464,-0.3079128563404083,-0.14519569277763367,0.3112401068210602,-0.4273225665092468,-0.04789535701274872,0.10137717425823212,-0.5337441563606262,-0.1358116716146469,0.021279780194163322,-0.3559606075286865,-0.12328926473855972,-0.023148417472839355,-0.2117563635110855,-0.09231964498758316,0.3349193036556244,-0.31895753741264343,-0.09038980305194855,0.1616213321685791,-0.4307937026023865,-0.15284475684165955,0.07931852340698242,-0.3230452239513397,-0.14082051813602448,0.032310277223587036,-0.2135496884584427,-0.11407875269651413
Right,Minor,0.0,0.0,0.0,-0.07347295433282852,-0.22794370353221893,0.001999322324991226,-0.08036850392818451,-0.46568411588668823,-0.014075218699872494,-0.1118980273604393,-0.6411667466163635,-0.046298813074827194,-0.16630983352661133,-0.8000209331512451,-0.07928424328565598,0.16746145486831665,-0.5649330615997314,0.025158878415822983,0.1524505913257599,-0.7693824172019958,-0.04090702533721924,0.09874757379293442,-0.897594153881073,-0.0904163345694542,0.03647132217884064,-0.9920731782913208,-0.12025268375873566,0.22429604828357697,-0.5191840529441833,-0.009172697551548481,0.030528560280799866,-0.6508253216743469,-0.09578517824411392,-0.057508062571287155,-0.48482614755630493,-0.12304455041885376,-0.08285930752754211,-0.3505401909351349,-0.12409403175115585,0.24874180555343628,-0.4448716640472412,-0.05098092555999756,0.031143616884946823,-0.5500497221946716,-0.1305111199617386,-0.04033314809203148,-0.37834519147872925,-0.1140655130147934,-0.061661817133426666,-0.2517818808555603,-0.08390039205551147,0.24643121659755707,-0.3493827283382416,-0.09515953063964844,0.07344549894332886,-0.4445955753326416,-0.14944909512996674,0.0059448834508657455,-0.3402809202671051,-0.1358407437801361,-0.013728322461247444,-0.2431737184524536,-0.11095629632472992
Right,Minor,0.0,0.0,0.0,-0.08783762156963348,-0.24063219130039215,0.00133551936596632,-0.10913844406604767,-0.4868195056915283,-0.01826864294707775,-0.13945360481739044,-0.6748844385147095,-0.05572900176048279,-0.1845732033252716,-0.8527737259864807,-0.09119942784309387,0.15452387928962708,-0.6311014294624329,0.042831435799598694,0.1083749383687973,-0.8406930565834045,-0.03808504715561867,0.016615424305200577,-0.9383307695388794,-0.09968650341033936,-0.07452791929244995,-0.9883473515510559,-0.13272182643413544,0.22093060612678528,-0.5928405523300171,0.007215616758912802,0.021873174235224724,-0.712450385093689,-0.09313923865556717,-0.0647570788860321,-0.5127080678939819,-0.12917907536029816,-0.08962760865688324,-0.3502216339111328,-0.13022972643375397,0.26015231013298035,-0.5281037092208862,-0.03846510127186775,0.026921775192022324,-0.6228179335594177,-0.13079839944839478,-0.03509964048862457,-0.4134182929992676,-0.1159972995519638,-0.05252925306558609,-0.2566835582256317,-0.0808827355504036,0.2736622989177704,-0.43367651104927063,-0.08693873137235641,0.07608477026224136,-0.5211319327354431,-0.15013067424297333,0.012585594318807125,-0.37870654463768005,-0.1353687047958374,-0.004428286105394363,-0.2548363208770752,-0.10505728423595428
Right,Minor,0.0,0.0,0.0,-0.08917596191167831,-0.24087689816951752,0.0006472789100371301,-0.1108856350183487,-0.489742249250412,-0.020600231364369392,-0.14345337450504303,-0.6757034659385681,-0.05983222648501396,-0.1868688315153122,-0.8543273210525513,-0.09733946621417999,0.15484462678432465,-0.6286953687667847,0.03888135775923729,0.11478787660598755,-0.839948296546936,-0.041349127888679504,0.025278914719820023,-0.9389563202857971,-0.10270877182483673,-0.0637345016002655,-0.9885377287864685,-0.1368616670370102,0.22720612585544586,-0.5857197046279907,0.0014315062435343862,0.025846170261502266,-0.7144718170166016,-0.09549436718225479,-0.06612137705087662,-0.5222092270851135,-0.13008737564086914,-0.08895693719387054,-0.36535340547561646,-0.13192953169345856,0.268470823764801,-0.5149399638175964,-0.04600847139954567,0.0274170134216547,-0.6135892868041992,-0.13647492229938507,-0.04184504598379135,-0.40741589665412903,-0.11934904009103775,-0.059107061475515366,-0.2546599209308624,-0.08425970375537872,0.2818228304386139,-0.41401758790016174,-0.09616219997406006,0.07597456872463226,-0.5057756304740906,-0.1576661765575409,0.010364825837314129,-0.36546263098716736,-0.1406702697277069,-0.0029643354937434196,-0.24367710947990417,-0.1098894476890564
Right,Minor,0.0,0.0,0.0,-0.09116718173027039,-0.2403487116098404,0.00019227145821787417,-0.11165255308151245,-0.4897170960903168,-0.020764879882335663,-0.14288710057735443,-0.6766027808189392,-0.05925474688410759,-0.18638990819454193,-0.8541320562362671,-0.09597758948802948,0.1531738042831421,-0.6246129870414734,0.035963453352451324,0.11478826403617859,-0.8385022282600403,-0.04382695257663727,0.025536777451634407,-0.9384520053863525,-0.10432665050029755,-0.06368385255336761,-0.9884538054466248,-0.13749027252197266,0.22288861870765686,-0.5827959775924683,-0.00019821642490569502,0.023313187062740326,-0.7098880410194397,-0.09729251265525818,-0.06795243173837662,-0.5161479711532593,-0.13201643526554108,-0.09175368398427963,-0.35929611325263977,-0.13348419964313507,0.2627633512020111,-0.5126845240592957,-0.045863281935453415,0.023821257054805756,-0.6106136441230774,-0.1353863924741745,-0.0433463528752327,-0.4041115343570709,-0.11932865530252457,-0.060686152428388596,-0.2522680461406708,-0.08486136794090271,0.27473440766334534,-0.41276687383651733,-0.09418635070323944,0.07221829891204834,-0.504298210144043,-0.15464074909687042,0.008158686570823193,-0.36446255445480347,-0.13802307844161987,-0.005539614707231522,-0.24274133145809174,-0.10733772069215775
Right,Minor,0.0,0.0,0.0,-0.11104042828083038,-0.18728302419185638,-0.020668478682637215,-0.17454425990581512,-0.44273293018341064,-0.02853185124695301,-0.21794871985912323,-0.6413918733596802,-0.04970880225300789,-0.28239554166793823,-0.7805163860321045,-0.07440797984600067,-0.025216102600097656,-0.5351495742797852,0.028858888894319534,-0.05179775133728981,-0.7367295622825623,-0.021604111418128014,-0.09118889272212982,-0.8713753819465637,-0.05774133279919624,-0.13267552852630615,-0.9875347018241882,-0.0846903920173645,0.05796229466795921,-0.5090240240097046,0.004712468478828669,-0.014515258371829987,-0.6386939883232117,-0.09927845746278763,-0.0671929121017456,-0.4634343683719635,-0.13293549418449402,-0.09517122060060501,-0.30690857768058777,-0.12838520109653473,0.14446648955345154,-0.4609242379665375,-0.028390051797032356,0.04497526213526726,-0.5710301995277405,-0.1365877091884613,-0.00565923610702157,-0.38629376888275146,-0.1284567415714264,-0.025469321757555008,-0.22326220571994781,-0.08951505273580551,0.23640471696853638,-0.39055562019348145,-0.06269154697656631,0.13158074021339417,-0.4963838458061218,-0.1369393914937973,0.0745852142572403,-0.37746986746788025,-0.12560847401618958,0.05533616989850998,-0.25354480743408203,-0.09707774966955185
Right,Minor,0.0,0.0,0.0,-0.11076172441244125,-0.16360792517662048,-0.023694949224591255,-0.1707598865032196,-0.43608054518699646,-0.027921047061681747,-0.18942448496818542,-0.6503774523735046,-0.04277985170483589,-0.2232172042131424,-0.8095820546150208,-0.05946362391114235,-0.005886750295758247,-0.5493499040603638,0.02232164889574051,-0.024228665977716446,-0.7528928518295288,-0.03297492489218712,-0.06507870554924011,-0.8840006589889526,-0.07219083607196808,-0.11461891233921051,-0.9885467290878296,-0.09817233681678772,0.08214419335126877,-0.5195386409759521,0.0013972845626994967,-0.002176703419536352,-0.6516425013542175,-0.09780339896678925,-0.06767488270998001,-0.4915313124656677,-0.1275801807641983,-0.1078161895275116,-0.3419112265110016,-0.12095002830028534,0.16670291125774384,-0.4633980989456177,-0.029108289629220963,0.05820830538868904,-0.5679874420166016,-0.13446202874183655,-0.006028470583260059,-0.3831409513950348,-0.12180007249116898,-0.04266722872853279,-0.22518327832221985,-0.08072641491889954,0.2494460642337799,-0.37999221682548523,-0.061512868851423264,0.14436236023902893,-0.47424060106277466,-0.1379278302192688,0.0785115659236908,-0.34681931138038635,-0.12482818216085434,0.045929644256830215,-0.2223614603281021,-0.09358920902013779
Right,Minor,0.0,0.0,0.0,-0.14987978339195251,-0.15855376422405243,-0.015583192929625511,-0.2630400061607361,-0.41714221239089966,-0.01959337294101715,-0.3081341087818146,-0.6405256986618042,-0.03663879260420799,-0.36927685141563416,-0.8114577531814575,-0.05748536065220833,-0.1209849864244461,-0.5893362164497375,0.039021097123622894,-0.20839528739452362,-0.7557612657546997,-0.023038312792778015,-0.2944832444190979,-0.8513023257255554,-0.0693376362323761,-0.37284284830093384,-0.9224503040313721,-0.10036779940128326,-0.020053153857588768,-0.5940836668014526,0.010094772092998028,-0.15162909030914307,-0.6977857351303101,-0.09178324043750763,-0.1777079701423645,-0.48619386553764343,-0.12360911071300507,-0.17583732306957245,-0.30391252040863037,-0.11894066631793976,0.08417409658432007,-0.5667517781257629,-0.029989447444677353,-0.07309843599796295,-0.6317178606987,-0.13903291523456573,-0.08701790869235992,-0.40710723400115967,-0.1244429498910904,-0.0730782151222229,-0.2178450971841812,-0.08257987350225449,0.19585883617401123,-0.5094095468521118,-0.07184453308582306,0.03882686048746109,-0.5590136051177979,-0.15304914116859436,0.005608692299574614,-0.3966694176197052,-0.14087499678134918,0.014589939266443253,-0.24802260100841522,-0.11106280237436295
Right,Minor,0.0,0.0,0.0,-0.14694644510746002,-0.15845413506031036,-0.008356490172445774,-0.2494102269411087,-0.3876914083957672,-0.02474789321422577,-0.31652605533599854,-0.570553719997406,-0.05716560035943985,-0.37387463450431824,-0.7318505644798279,-0.08936576545238495,-0.05660831928253174,-0.6218765377998352,0.032140497118234634,-0.10999443382024765,-0.8159121870994568,-0.043135177344083786,-0.18867094814777374,-0.9070904850959778,-0.09692476689815521,-0.2743552327156067,-0.9533446431159973,-0.1259489804506302,0.027711454778909683,-0.6132172346115112,0.0013520848006010056,-0.15182378888130188,-0.6487654447555542,-0.10743150115013123,-0.17930997908115387,-0.4400325119495392,-0.14277952909469604,-0.1704225391149521,-0.2780780494213104,-0.13863755762577057,0.09975442290306091,-0.575933575630188,-0.03961098566651344,-0.10502739250659943,-0.5635433197021484,-0.14445547759532928,-0.10805724561214447,-0.3476124405860901,-0.131408229470253,-0.08809660375118256,-0.19302469491958618,-0.09112425148487091,0.16328750550746918,-0.5033246278762817,-0.08279644697904587,-0.021112123504281044,-0.5052968859672546,-0.15409530699253082,-0.036731842905282974,-0.34757399559020996,-0.13995303213596344,-0.015197012573480606,-0.225937619805336,-0.10653294622898102
Right,Minor,0.0,0.0,0.0,-0.13944505155086517,-0.15854446589946747,-0.01407261099666357,-0.24162104725837708,-0.41424572467803955,-0.01760942116379738,-0.2993530035018921,-0.6133209466934204,-0.034461915493011475,-0.3778986930847168,-0.7547145485877991,-0.05433543398976326,-0.0881841629743576,-0.5737002491950989,0.0390092134475708,-0.18016648292541504,-0.7399244904518127,-0.01836525835096836,-0.25969406962394714,-0.8461992740631104,-0.06252463161945343,-0.3330487310886383,-0.9380990266799927,-0.09512456506490707,-0.003301600692793727,-0.5798884630203247,0.010589126497507095,-0.14609825611114502,-0.667850911617279,-0.08925263583660126,-0.16527530550956726,-0.4663409888744354,-0.12105162441730499,-0.1581001728773117,-0.305765837430954,-0.11820709705352783,0.08401383459568024,-0.5518210530281067,-0.027936924248933792,-0.0811372697353363,-0.5997257828712463,-0.13021214306354523,-0.08674244582653046,-0.3889440894126892,-0.11642181873321533,-0.07001364231109619,-0.22505392134189606,-0.07799378037452698,0.16915303468704224,-0.49233922362327576,-0.06899053603410721,0.01220987644046545,-0.5265686511993408,-0.14422833919525146,-0.00922746304422617,-0.38217994570732117,-0.13510480523109436,0.0073641445487737656,-0.2610805630683899,-0.1093520075082779
Right,Minor,0.0,0.0,0.0,-0.1288803219795227,-0.18667484819889069,-0.022961990907788277,-0.18496596813201904,-0.454841673374176,-0.021517781540751457,-0.1984848976135254,-0.6683196425437927,-0.03144332766532898,-0.23119767010211945,-0.8273919224739075,-0.04268178716301918,-0.06607550382614136,-0.5497663617134094,0.03712257370352745,-0.07465482503175735,-0.7487627267837524,0.001304127392359078,-0.0845586508512497,-0.8822132349014282,-0.025014055892825127,-0.09996940195560455,-0.9939053654670715,-0.046456463634967804,0.02357783354818821,-0.5185849666595459,0.01741795241832733,-0.02512388303875923,-0.6429103016853333,-0.07071448117494583,-0.06241772323846817,-0.4905630946159363,-0.10038772225379944,-0.08870654553174973,-0.34606119990348816,-0.09541377425193787,0.11391659826040268,-0.4628385901451111,-0.010935449041426182,0.05184287950396538,-0.5680505633354187,-0.10619524866342545,0.004533356986939907,-0.4014429450035095,-0.09769827872514725,-0.025206519290804863,-0.25242552161216736,-0.0620255246758461,0.20728833973407745,-0.38095828890800476,-0.040927037596702576,0.1398593783378601,-0.4825794994831085,-0.10813836008310318,0.07393881678581238,-0.37215253710746765,-0.09652767330408096,0.0326227992773056,-0.25568315386772156,-0.06943444162607193
Right,Minor,0.0,0.0,0.0,0.0538729652762413,-0.2516462802886963,-0.020043253898620605,0.00703724380582571,-0.5482304692268372,-0.0598829947412014,-0.10936179012060165,-0.7782723903656006,-0.09632652997970581,-0.1838637888431549,-0.9601487517356873,-0.13720950484275818,0.11347511410713196,-0.5269886255264282,-0.11646735668182373,-0.09893275797367096,-0.7497852444648743,-0.17964774370193481,-0.21529681980609894,-0.850476086139679,-0.2104218453168869,-0.30360648036003113,-0.9237405061721802,-0.23350940644741058,0.02169097401201725,-0.4073655605316162,-0.14478671550750732,-0.2070903182029724,-0.6432220339775085,-0.2105824202299118,-0.18285402655601501,-0.5579540729522705,-0.2106044739484787,-0.1163988932967186,-0.47943738102912903,-0.21409299969673157,-0.08285904675722122,-0.2878573536872864,-0.17057263851165771,-0.28059709072113037,-0.5228337645530701,-0.23957403004169464,-0.24387238919734955,-0.42832452058792114,-0.1974039226770401,-0.1787995994091034,-0.3480246365070343,-0.1657046228647232,-0.19565320014953613,-0.17767302691936493,-0.1951623260974884,-0.3307987153530121,-0.3783499598503113,-0.25349855422973633,-0.2949798107147217,-0.3065234124660492,-0.22550152242183685,-0.242752805352211,-0.23427122831344604,-0.20080195367336273
Right,Minor,0.0,0.0,0.0,-0.1754092425107956,-0.2231312096118927,0.0334780290722847,-0.2433355152606964,-0.42446860671043396,0.01863217167556286,-0.3086526691913605,-0.5849042534828186,-0.022110240533947945,-0.3835699260234833,-0.7282026410102844,-0.059997107833623886,-0.013682604767382145,-0.6699284911155701,0.06136942282319069,-0.08246372640132904,-0.8841288685798645,-0.005167609080672264,-0.1885818988084793,-0.9482831358909607,-0.05667771399021149,-0.286627858877182,-0.95421302318573,-0.0855683982372284,0.04017912968993187,-0.659406840801239,0.009841196238994598,-0.21204976737499237,-0.6496852040290833,-0.06929338723421097,-0.2359354943037033,-0.464328408241272,-0.09504251927137375,-0.19933228194713593,-0.34535664319992065,-0.09989098459482193,0.051631610840559006,-0.6108019351959229,-0.04933090880513191,-0.21336327493190765,-0.5643219351768494,-0.11521840840578079,-0.2181994467973709,-0.38143104314804077,-0.09210103005170822,-0.18316996097564697,-0.2698904573917389,-0.06469259411096573,0.03305315971374512,-0.5368348360061646,-0.11066536605358124,-0.18000280857086182,-0.48805609345436096,-0.14999213814735413,-0.20010802149772644,-0.35476431250572205,-0.13090436160564423,-0.1773475706577301,-0.2712247967720032,-0.10585622489452362
Right,Minor,0.0,0.0,0.0,-0.14858746528625488,-0.14083288609981537,-0.021376049146056175,-0.24799996614456177,-0.3866216838359833,-0.022210853174328804,-0.2899611294269562,-0.5955827236175537,-0.03524672985076904,-0.32412824034690857,-0.7597224712371826,-0.04935494810342789,-0.12865635752677917,-0.5354567766189575,0.03631383925676346,-0.1637692004442215,-0.7456885576248169,-0.006750124506652355,-0.20765259861946106,-0.8689208030700684,-0.03242424875497818,-0.2528527081012726,-0.9662052392959595,-0.050128910690546036,-0.038235776126384735,-0.5187724828720093,0.012735755182802677,-0.12863922119140625,-0.6308850049972534,-0.0877031683921814,-0.1410907655954361,-0.4457648992538452,-0.11524718254804611,-0.13243961334228516,-0.2852436602115631,-0.10295452922582626,0.052137330174446106,-0.48572248220443726,-0.02012261003255844,-0.04606185480952263,-0.5658000111579895,-0.12707383930683136,-0.05540156736969948,-0.36667105555534363,-0.11256849020719528,-0.0449335090816021,-0.21369169652462006,-0.06733985990285873,0.14859406650066376,-0.43360820412635803,-0.05439497157931328,0.04918941855430603,-0.5151296854019165,-0.1268664002418518,0.022205490618944168,-0.370469331741333,-0.10934165865182877,0.029043124988675117,-0.24932117760181427,-0.07442702353000641
Right,Minor,0.0,0.0,0.0,-0.16205787658691406,-0.12943650782108307,-0.022139020264148712,-0.285053014755249,-0.3585870862007141,-0.024759944528341293,-0.35166770219802856,-0.5575605034828186,-0.03897631913423538,-0.426733136177063,-0.6870049238204956,-0.05492791533470154,-0.19663749635219574,-0.4998718798160553,0.024294693022966385,-0.2735562026500702,-0.6950719952583313,-0.022182989865541458,-0.3338198959827423,-0.815232515335083,-0.05101953446865082,-0.3896218240261078,-0.9181522727012634,-0.07204899936914444,-0.10416467487812042,-0.5126486420631409,0.0005343028460629284,-0.1859927922487259,-0.6153997778892517,-0.09964227676391602,-0.17799820005893707,-0.43249911069869995,-0.12410382181406021,-0.15905076265335083,-0.27668336033821106,-0.1118985265493393,-0.0050268047489225864,-0.5025951862335205,-0.03220367431640625,-0.0960254892706871,-0.5684522986412048,-0.13691802322864532,-0.08874417841434479,-0.3711012303829193,-0.11955633759498596,-0.06667019426822662,-0.21511080861091614,-0.07448749989271164,0.10335090756416321,-0.47025299072265625,-0.06689400225877762,0.00829867459833622,-0.5376059412956238,-0.13617335259914398,-0.015292967669665813,-0.396003782749176,-0.11726353317499161,-0.00992506556212902,-0.27061834931373596,-0.08369846642017365
Right,Minor,0.0,0.0,0.0,-0.10741926729679108,-0.19731426239013672,-0.016351832076907158,-0.15630842745304108,-0.46670570969581604,-0.028468625620007515,-0.19641797244548798,-0.6666043400764465,-0.05207383260130882,-0.2720299959182739,-0.8222179412841797,-0.07924751192331314,0.060146305710077286,-0.5851044654846191,0.027721963822841644,-0.03438807651400566,-0.7589991688728333,-0.03208126500248909,-0.10728335380554199,-0.8778071999549866,-0.08147881925106049,-0.17000940442085266,-0.9783154726028442,-0.11830254644155502,0.14943760633468628,-0.5656278133392334,-0.0014531504129990935,-0.01168983057141304,-0.6820313930511475,-0.09862178564071655,-0.08220792561769485,-0.49162688851356506,-0.13241547346115112,-0.11205034703016281,-0.32999104261398315,-0.13367033004760742,0.22229379415512085,-0.5054637789726257,-0.0403168685734272,0.021886609494686127,-0.5896342396736145,-0.14168842136859894,-0.03216927498579025,-0.38658204674720764,-0.13232815265655518,-0.04962813854217529,-0.21903401613235474,-0.0993357002735138,0.275363028049469,-0.41251668334007263,-0.08163247257471085,0.0923876166343689,-0.4921688735485077,-0.1612413376569748,0.027119064703583717,-0.3571907579898834,-0.1558501124382019,0.005895709618926048,-0.22934330999851227,-0.13295063376426697
Right,Minor,0.0,0.0,0.0,-0.0966348722577095,-0.20421336591243744,-0.00269820773974061,-0.14342518150806427,-0.4497905373573303,-0.012460624799132347,-0.18999141454696655,-0.6263841390609741,-0.036454904824495316,-0.26705577969551086,-0.7654629349708557,-0.06357917934656143,0.07475477457046509,-0.5744621157646179,0.03567164018750191,-0.00641592824831605,-0.7553262114524841,-0.0184165146201849,-0.0743224248290062,-0.8798889517784119,-0.06340090930461884,-0.1340659260749817,-0.9862014055252075,-0.09712418913841248,0.15600968897342682,-0.5503168106079102,0.0027914978563785553,-0.0121958302333951,-0.6549937725067139,-0.08886979520320892,-0.0748736709356308,-0.47338131070137024,-0.12071677297353745,-0.092432901263237,-0.3220389187335968,-0.12158092111349106,0.21837036311626434,-0.49248579144477844,-0.03748380392789841,0.017570365220308304,-0.5601259469985962,-0.12848162651062012,-0.029672561213374138,-0.37247082591056824,-0.11614344269037247,-0.04032685607671738,-0.22076760232448578,-0.0836036279797554,0.2596733868122101,-0.4036763608455658,-0.07971493154764175,0.07847244292497635,-0.4668547809123993,-0.14801882207393646,0.021468166261911392,-0.334911584854126,-0.13904327154159546,0.009138451889157295,-0.2150542140007019,-0.11497156322002411
Right,Minor,0.0,0.0,0.0,-0.10141778737306595,-0.19209247827529907,-0.0018674434395506978,-0.1495593637228012,-0.44337862730026245,-0.009787335991859436,-0.18857084214687347,-0.626843273639679,-0.03248271346092224,-0.26270121335983276,-0.77114337682724,-0.05860600620508194,0.06118004024028778,-0.5716831684112549,0.039210475981235504,-0.018256086856126785,-0.7481810450553894,-0.017264029011130333,-0.08489196002483368,-0.8751670718193054,-0.06464067846536636,-0.14436575770378113,-0.9844467639923096,-0.10011602193117142,0.13804763555526733,-0.554190993309021,0.0052123465575277805,-0.023084145039319992,-0.6652785539627075,-0.08937440812587738,-0.08990848064422607,-0.4867563843727112,-0.12279008328914642,-0.11126264929771423,-0.33679863810539246,-0.12319353222846985,0.2009059190750122,-0.5030872225761414,-0.03652041405439377,0.003878791118040681,-0.580001175403595,-0.12889611721038818,-0.04266329109668732,-0.38605520129203796,-0.11724542081356049,-0.05014713853597641,-0.2336626648902893,-0.0843018889427185,0.24691744148731232,-0.41732245683670044,-0.08032815158367157,0.06639141589403152,-0.48491767048835754,-0.14965832233428955,0.017664410173892975,-0.34966427087783813,-0.1413460224866867,0.01594310998916626,-0.229625403881073,-0.11712650954723358
Right,Minor,0.0,0.0,0.0,-0.1342492699623108,-0.19228219985961914,-0.015667259693145752,-0.21743378043174744,-0.4484817683696747,-0.01755877584218979,-0.26732444763183594,-0.6544780135154724,-0.035113103687763214,-0.33475494384765625,-0.7990509867668152,-0.055561747401952744,-0.08778402209281921,-0.5373954772949219,0.051062893122434616,-0.12655983865261078,-0.7324649095535278,0.004035507328808308,-0.17426104843616486,-0.8609347343444824,-0.030745506286621094,-0.22473803162574768,-0.9727232456207275,-0.05746570974588394,-0.0012655954342335463,-0.5199059844017029,0.02390388771891594,-0.06988660246133804,-0.648078978061676,-0.07843703031539917,-0.10103645920753479,-0.4722211956977844,-0.1147632822394371,-0.11477965861558914,-0.3171684741973877,-0.11219104379415512,0.09044911712408066,-0.48528918623924255,-0.013151954859495163,-0.002859571948647499,-0.5967577695846558,-0.12261059880256653,-0.031648311764001846,-0.4065723121166229,-0.11469519883394241,-0.035876303911209106,-0.24231824278831482,-0.07522869855165482,0.19078800082206726,-0.430778831243515,-0.05120734125375748,0.08444560319185257,-0.5402275919914246,-0.12326105684041977,0.03893078491091728,-0.40995097160339355,-0.10881263762712479,0.032391197979450226,-0.2804288864135742,-0.07864812761545181
Right,Minor,0.0,0.0,0.0,-0.13742519915103912,-0.155981183052063,-0.020631933584809303,-0.2264014184474945,-0.4092346131801605,-0.021303197368979454,-0.2686429023742676,-0.6205846071243286,-0.033824823796749115,-0.32389190793037415,-0.7679071426391602,-0.047893229871988297,-0.10730547457933426,-0.5259894132614136,0.034957531839609146,-0.14969205856323242,-0.7250463366508484,-0.011144312098622322,-0.19455569982528687,-0.8596060276031494,-0.04233676567673683,-0.24094581604003906,-0.9683136940002441,-0.06567812711000443,-0.01862926594913006,-0.5141524076461792,0.011934353969991207,-0.09327244758605957,-0.6552883386611938,-0.08317343890666962,-0.12379210442304611,-0.48921674489974976,-0.11196348071098328,-0.13516321778297424,-0.33523625135421753,-0.10428883880376816,0.07512200623750687,-0.4797469973564148,-0.020363526418805122,-0.02017775923013687,-0.5924875736236572,-0.12302058935165405,-0.04767356440424919,-0.4047164022922516,-0.1098310574889183,-0.04949098452925682,-0.24470777809619904,-0.06822565943002701,0.17642930150032043,-0.4215666651725769,-0.05418091267347336,0.07355264574289322,-0.5207608342170715,-0.1253807097673416,0.028235357254743576,-0.3907518982887268,-0.11069981008768082,0.020043870434165,-0.26662737131118774,-0.08032236248254776
Right,Minor,0.0,0.0,0.0,-0.13799498975276947,-0.1718931496143341,-0.022991815581917763,-0.23295123875141144,-0.42720916867256165,-0.02595631591975689,-0.2839455306529999,-0.6361464262008667,-0.041418083012104034,-0.3494419455528259,-0.77875155210495,-0.05894562602043152,-0.11739350110292435,-0.5301942825317383,0.03719159960746765,-0.15995155274868011,-0.731118381023407,-0.0099932961165905,-0.20613470673561096,-0.8577114939689636,-0.042911455035209656,-0.2553558051586151,-0.9644883871078491,-0.06749449670314789,-0.02811625227332115,-0.5199981331825256,0.014107742346823215,-0.10193523019552231,-0.6548848152160645,-0.08475282788276672,-0.12256914377212524,-0.4821076989173889,-0.11616019159555435,-0.13037435710430145,-0.3279817998409271,-0.11030405014753342,0.06669589132070541,-0.487361341714859,-0.018808603286743164,-0.02002793364226818,-0.5951979160308838,-0.12465617805719376,-0.04238705709576607,-0.40300026535987854,-0.11235056072473526,-0.046581756323575974,-0.24099114537239075,-0.07079136371612549,0.16907984018325806,-0.4306349754333496,-0.05349014699459076,0.07701971381902695,-0.5247542262077332,-0.12551657855510712,0.033451419323682785,-0.3922826647758484,-0.11096415668725967,0.019651833921670914,-0.26699715852737427,-0.08071315288543701
Right,Minor,0.0,0.0,0.0,-0.14658720791339874,-0.16489733755588531,-0.024607708677649498,-0.24831035733222961,-0.43435418605804443,-0.025708887726068497,-0.2965563237667084,-0.6565721035003662,-0.03791468217968941,-0.3628588020801544,-0.8084288835525513,-0.052599966526031494,-0.1308961659669876,-0.5512734651565552,0.033801306039094925,-0.17403677105903625,-0.743130087852478,-0.014728091657161713,-0.22680650651454926,-0.8604249954223633,-0.04794160649180412,-0.2848232686519623,-0.9558666348457336,-0.07207360118627548,-0.03540074825286865,-0.5427895188331604,0.011026150546967983,-0.10915670543909073,-0.6733372211456299,-0.08696747571229935,-0.12553656101226807,-0.49271491169929504,-0.11558474600315094,-0.1298564076423645,-0.3310239315032959,-0.10755617171525955,0.06606583297252655,-0.5066019296646118,-0.02195134572684765,-0.021195217967033386,-0.5972395539283752,-0.12742626667022705,-0.03627324104309082,-0.39960312843322754,-0.11406631767749786,-0.035634033381938934,-0.23431891202926636,-0.07242700457572937,0.17500467598438263,-0.4442419111728668,-0.05689569562673569,0.08094606548547745,-0.5227386355400085,-0.13158832490444183,0.04186626896262169,-0.3785457909107208,-0.11783012002706528,0.03247072175145149,-0.2455996423959732,-0.08788367360830307
Right,Minor,0.0,0.0,0.0,-0.11816893517971039,0.21685698628425598,-0.025716356933116913,-0.2050926238298416,0.4317528009414673,-0.0806320384144783,-0.18938866257667542,0.6410565972328186,-0.137248232960701,-0.1623169481754303,0.8187873363494873,-0.19254890084266663,-0.46269407868385315,0.2617398202419281,-0.0864524319767952,-0.40668317675590515,0.552520215511322,-0.17555777728557587,-0.3576164245605469,0.7357881665229797,-0.24795055389404297,-0.31422123312950134,0.9015644788742065,-0.2973996698856354,-0.411139577627182,0.16637283563613892,-0.11703864485025406,-0.27821841835975647,0.49238449335098267,-0.1822766214609146,-0.2179974764585495,0.40968841314315796,-0.20023779571056366,-0.23160147666931152,0.31858542561531067,-0.21893389523029327,-0.31223538517951965,0.09812124818563461,-0.15218596160411835,-0.1668858379125595,0.41965407133102417,-0.19204212725162506,-0.13574464619159698,0.3291415572166443,-0.16298244893550873,-0.17444676160812378,0.2475072294473648,-0.15175367891788483,-0.19352629780769348,0.05215594545006752,-0.19318927824497223,-0.09026005864143372,0.3171682357788086,-0.22080351412296295,-0.07794910669326782,0.2549920976161957,-0.19549277424812317,-0.1154436245560646,0.17403148114681244,-0.17834895849227905
Right,Minor,0.0,0.0,0.0,-0.11133566498756409,0.19930733740329742,-0.03180728852748871,-0.20328620076179504,0.4161960184574127,-0.09192345291376114,-0.19248120486736298,0.6288883090019226,-0.15171796083450317,-0.16366595029830933,0.8145582675933838,-0.20947425067424774,-0.46015074849128723,0.23241417109966278,-0.0985758826136589,-0.40149053931236267,0.5342749357223511,-0.1916791945695877,-0.3561500906944275,0.7242422699928284,-0.26184672117233276,-0.3216068744659424,0.8950256109237671,-0.3090278208255768,-0.4045376777648926,0.1329873949289322,-0.12688739597797394,-0.2744218707084656,0.4742564857006073,-0.1882849931716919,-0.21930725872516632,0.38257426023483276,-0.19740043580532074,-0.24031274020671844,0.2843579947948456,-0.21054817736148834,-0.2998543977737427,0.06292753666639328,-0.16073960065841675,-0.1580279916524887,0.4013179540634155,-0.1972966343164444,-0.133075550198555,0.3033078610897064,-0.16068097949028015,-0.1764521449804306,0.21460391581058502,-0.14499904215335846,-0.1762014627456665,0.016694290563464165,-0.20087610185146332,-0.07989295572042465,0.30423614382743835,-0.22897249460220337,-0.07205576449632645,0.24200716614723206,-0.2013929784297943,-0.11030236631631851,0.1552501916885376,-0.18202657997608185
Right,Minor,0.0,0.0,0.0,-0.11114581674337387,0.19715434312820435,-0.03526747599244118,-0.206698939204216,0.4102066159248352,-0.09523595124483109,-0.1980268955230713,0.622818648815155,-0.1539594531059265,-0.16941101849079132,0.8065537810325623,-0.2099982351064682,-0.4649127721786499,0.2295876294374466,-0.09983790665864944,-0.403573215007782,0.5346933603286743,-0.1952139437198639,-0.3579034209251404,0.7223031520843506,-0.26596754789352417,-0.32329466938972473,0.8930322527885437,-0.31300798058509827,-0.40990084409713745,0.1309056580066681,-0.1269228309392929,-0.2813297212123871,0.47710898518562317,-0.19190944731235504,-0.22404524683952332,0.38602903485298157,-0.2018858790397644,-0.24388618767261505,0.28965163230895996,-0.21435336768627167,-0.3056558072566986,0.0621679425239563,-0.16013215482234955,-0.1641489416360855,0.4025321900844574,-0.2008691430091858,-0.13752678036689758,0.3040103316307068,-0.16510462760925293,-0.1810709536075592,0.21628835797309875,-0.14848028123378754,-0.18207351863384247,0.01709449291229248,-0.1997983604669571,-0.08519559353590012,0.3028858006000519,-0.2302418202161789,-0.07544365525245667,0.23990464210510254,-0.20369447767734528,-0.1139308288693428,0.15402889251708984,-0.18429243564605713
Right,Minor,0.0,0.0,0.0,-0.10374905169010162,0.1982918381690979,-0.033907003700733185,-0.187655508518219,0.4062722623348236,-0.09406983107328415,-0.1764800250530243,0.6136906743049622,-0.15324048697948456,-0.14481979608535767,0.7917804718017578,-0.2097574919462204,-0.4429681897163391,0.24583931267261505,-0.10044298321008682,-0.3806925415992737,0.5480013489723206,-0.19634006917476654,-0.328884482383728,0.7361088991165161,-0.2691752314567566,-0.2862257659435272,0.904283344745636,-0.31677502393722534,-0.3910417854785919,0.15294131636619568,-0.12799414992332458,-0.2641030550003052,0.481701135635376,-0.18967299163341522,-0.2038191258907318,0.4003610908985138,-0.19884824752807617,-0.21983680129051208,0.30847251415252686,-0.21123996376991272,-0.2917589247226715,0.08794327080249786,-0.16139216721057892,-0.15422935783863068,0.41327208280563354,-0.19865766167640686,-0.1228015273809433,0.32845327258110046,-0.1608409732580185,-0.16061809659004211,0.24808956682682037,-0.14383865892887115,-0.17204812169075012,0.043991923332214355,-0.2017340064048767,-0.07114725559949875,0.3144870698451996,-0.22993507981300354,-0.05818814039230347,0.2601962685585022,-0.20066475868225098,-0.09236681461334229,0.1844828575849533,-0.1796226054430008
Right,Minor,0.0,0.0,0.0,-0.08489865064620972,-0.19334717094898224,-0.018481122329831123,-0.12561799585819244,-0.4689039885997772,-0.03854814171791077,-0.17505398392677307,-0.6622821688652039,-0.0715223029255867,-0.23777182400226593,-0.8202877640724182,-0.10424228012561798,0.11594285815954208,-0.5874399542808533,0.028386281803250313,0.09150432050228119,-0.7616056799888611,-0.04295868054032326,0.033783119171857834,-0.8879938721656799,-0.09248985350131989,-0.025443589314818382,-0.9915790557861328,-0.12697841227054596,0.19766823947429657,-0.5491689443588257,-0.0044208853505551815,0.0671473890542984,-0.686055600643158,-0.09632696956396103,-0.020907683297991753,-0.5095497369766235,-0.11527618765830994,-0.007937267422676086,-0.40814757347106934,-0.11007893085479736,0.2648673951625824,-0.4715742766857147,-0.05050497502088547,0.11724395304918289,-0.5987654328346252,-0.14727967977523804,0.04216371476650238,-0.4184495806694031,-0.11780009418725967,0.06789545714855194,-0.32498905062675476,-0.07755251973867416,0.3211878538131714,-0.35878127813339233,-0.10005480796098709,0.1850929856300354,-0.4803628921508789,-0.16247966885566711,0.11252103000879288,-0.3612706959247589,-0.13613620400428772,0.12940248847007751,-0.27507495880126953,-0.10420403629541397
Right,Minor,0.0,0.0,0.0,-0.08906501531600952,-0.1866011917591095,-0.02055947296321392,-0.13506974279880524,-0.45664194226264954,-0.04366658627986908,-0.18500208854675293,-0.652593195438385,-0.07972284406423569,-0.24612386524677277,-0.8113595843315125,-0.11478249728679657,0.08948277682065964,-0.5815536379814148,0.023622360080480576,0.07575715333223343,-0.7627061009407043,-0.047630224376916885,0.022810565307736397,-0.8893133997917175,-0.09232489764690399,-0.031802523881196976,-0.9920009970664978,-0.12215857952833176,0.16861794888973236,-0.5426654815673828,-0.00813200417906046,0.051116496324539185,-0.6771426200866699,-0.10083480179309845,-0.03313754126429558,-0.49598175287246704,-0.1150013878941536,-0.015071094036102295,-0.3997042179107666,-0.10473807156085968,0.238652765750885,-0.4672382175922394,-0.05333608388900757,0.10311756283044815,-0.5884818434715271,-0.1528559774160385,0.03057669848203659,-0.4014355540275574,-0.12113642692565918,0.05969337001442909,-0.311367005109787,-0.07764775305986404,0.30127784609794617,-0.35777154564857483,-0.10175982862710953,0.17339381575584412,-0.47878003120422363,-0.16469401121139526,0.10137026757001877,-0.35301509499549866,-0.13636498153209686,0.11886139214038849,-0.26672062277793884,-0.10209990292787552
Right,Minor,0.0,0.0,0.0,-0.1186290830373764,-0.2493281215429306,0.006924694869667292,-0.16679027676582336,-0.4561145007610321,-0.025437792763113976,-0.2209247499704361,-0.6108139157295227,-0.07671679556369781,-0.27393239736557007,-0.7635721564292908,-0.1211773157119751,0.11204115301370621,-0.6586194038391113,0.01107044517993927,0.08056826889514923,-0.8932321071624756,-0.0632408931851387,-0.014707380905747414,-0.9769071936607361,-0.10561025887727737,-0.10359823703765869,-0.986395001411438,-0.1276417374610901,0.16169898211956024,-0.6091881394386292,-0.03420116379857063,-0.08287421613931656,-0.7148677706718445,-0.11161965876817703,-0.12931568920612335,-0.5520025491714478,-0.1221378967165947,-0.09041246026754379,-0.4580545723438263,-0.12131410092115402,0.1684078425168991,-0.5363321900367737,-0.08903152495622635,-0.09123767167329788,-0.6047045588493347,-0.15435458719730377,-0.11094983667135239,-0.4426829516887665,-0.11988291889429092,-0.06779246777296066,-0.36881157755851746,-0.09206483513116837,0.14561183750629425,-0.445715993642807,-0.14778542518615723,-0.06154700368642807,-0.49036329984664917,-0.19048738479614258,-0.08654248714447021,-0.3782854676246643,-0.16651475429534912,-0.05309632048010826,-0.3168942928314209,-0.14186270534992218
Right,Minor,0.0,0.0,0.0,-0.11802902072668076,-0.24656935036182404,0.006538045592606068,-0.1637512892484665,-0.4511166512966156,-0.023774582892656326,-0.22054332494735718,-0.6020236611366272,-0.07192695140838623,-0.2785893678665161,-0.7495083212852478,-0.11479417979717255,0.11145197600126266,-0.6432507038116455,0.013370227999985218,0.07349883019924164,-0.8729514479637146,-0.06050913780927658,-0.017954254522919655,-0.9616676568984985,-0.10732325166463852,-0.10439643263816833,-0.9855407476425171,-0.13345779478549957,0.1601923704147339,-0.5969559550285339,-0.02968432940542698,-0.0845169648528099,-0.701702892780304,-0.10723477602005005,-0.13146445155143738,-0.5392784476280212,-0.12196704745292664,-0.09697842597961426,-0.44078996777534485,-0.12394333630800247,0.16806569695472717,-0.5281193852424622,-0.0819282978773117,-0.09011349081993103,-0.5972574353218079,-0.14599721133708954,-0.11098822951316833,-0.433559387922287,-0.11472806334495544,-0.07105156779289246,-0.3547857701778412,-0.0890079066157341,0.14822697639465332,-0.4401414692401886,-0.138119637966156,-0.06015472486615181,-0.4797933101654053,-0.18024751543998718,-0.08514894545078278,-0.36558276414871216,-0.15868346393108368,-0.05193543806672096,-0.30268046259880066,-0.13602416217327118
Right,Minor,0.0,0.0,0.0,-0.12209977209568024,-0.16752935945987701,-0.0180625319480896,-0.20767463743686676,-0.41230547428131104,-0.038349319249391556,-0.26612594723701477,-0.6021218299865723,-0.07612285017967224,-0.28944411873817444,-0.777208149433136,-0.11104018241167068,-0.01875757984817028,-0.5947199463844299,0.04552845656871796,-0.029219388961791992,-0.781335175037384,-0.022831285372376442,-0.0812450721859932,-0.8989092111587524,-0.059714365750551224,-0.13574159145355225,-0.9872702360153198,-0.08289569616317749,0.06118220463395119,-0.5727797150611877,0.009547315537929535,-0.05772489309310913,-0.6956462860107422,-0.08576040714979172,-0.0976497158408165,-0.4956190288066864,-0.0939372181892395,-0.05362996459007263,-0.41528216004371643,-0.0749618262052536,0.14169681072235107,-0.5186266303062439,-0.0423416942358017,0.015892475843429565,-0.6316230893135071,-0.1453760862350464,-0.02431059442460537,-0.4354877173900604,-0.10667098313570023,0.020493915304541588,-0.36549150943756104,-0.05468856170773506,0.2246217578649521,-0.43360236287117004,-0.09834134578704834,0.10331335663795471,-0.5302141308784485,-0.16347481310367584,0.05498739704489708,-0.39374840259552,-0.1335451900959015,0.08689186722040176,-0.3200829327106476,-0.0960821732878685
Right,Minor,0.0,0.0,0.0,-0.11997940391302109,-0.15982595086097717,-0.02211977355182171,-0.20833349227905273,-0.40724530816078186,-0.043309152126312256,-0.2668147683143616,-0.6012851595878601,-0.07962287217378616,-0.2806064188480377,-0.7753434777259827,-0.11250752210617065,-0.021684808656573296,-0.6021097302436829,0.038397856056690216,-0.0313594713807106,-0.7921430468559265,-0.03373675048351288,-0.08779355138540268,-0.9045757055282593,-0.07094866037368774,-0.14643613994121552,-0.9848891496658325,-0.09246501326560974,0.06373262405395508,-0.5815415382385254,0.005543434992432594,-0.056779954582452774,-0.7011297345161438,-0.09378884732723236,-0.10285623371601105,-0.4944963753223419,-0.10185921937227249,-0.06603430956602097,-0.40825679898262024,-0.08060985803604126,0.14772360026836395,-0.5271528959274292,-0.04323352873325348,0.014231518842279911,-0.6228684186935425,-0.15084148943424225,-0.022494085133075714,-0.41547584533691406,-0.11238821595907211,0.02099716104567051,-0.34329333901405334,-0.05836348235607147,0.23312146961688995,-0.44039422273635864,-0.09570752829313278,0.09886184334754944,-0.5266031622886658,-0.16261033713817596,0.056173987686634064,-0.38000115752220154,-0.13180840015411377,0.09262992441654205,-0.3083021938800812,-0.09239157289266586
Right,Minor,0.0,0.0,0.0,-0.11600596457719803,-0.16725704073905945,-0.020484142005443573,-0.1990102380514145,-0.41081908345222473,-0.04650342836976051,-0.2521938383579254,-0.6014615893363953,-0.08821738511323929,-0.26416313648223877,-0.7766513228416443,-0.12635526061058044,0.004784901160746813,-0.5991401672363281,0.027443479746580124,-0.009235834702849388,-0.7911466956138611,-0.05323781073093414,-0.0678158849477768,-0.8997035026550293,-0.0985676646232605,-0.13115039467811584,-0.9834291338920593,-0.12516693770885468,0.08631349354982376,-0.5710055828094482,-0.007480527274310589,-0.04008912667632103,-0.6882728934288025,-0.11196480691432953,-0.08706144243478775,-0.4823663532733917,-0.12295184284448624,-0.04904124140739441,-0.39998987317085266,-0.1058739498257637,0.16410388052463531,-0.5152765512466431,-0.058281060308218,0.02217821031808853,-0.6198567748069763,-0.16727329790592194,-0.016897819936275482,-0.41208723187446594,-0.12875546514987946,0.028564678505063057,-0.33946266770362854,-0.07698701322078705,0.24135452508926392,-0.4290916919708252,-0.11308342218399048,0.103138267993927,-0.5333040952682495,-0.18312938511371613,0.056490231305360794,-0.3852175176143646,-0.1534489095211029,0.0913488045334816,-0.30704522132873535,-0.11542413383722305
Right,Minor,0.0,0.0,0.0,-0.1254672259092331,-0.17369629442691803,-0.00618679029867053,-0.2158072143793106,-0.4214068651199341,-0.015446288511157036,-0.25956618785858154,-0.6226791739463806,-0.045156508684158325,-0.268757700920105,-0.7970917224884033,-0.0746980756521225,-0.061097800731658936,-0.580052375793457,0.06514901667833328,-0.08129483461380005,-0.7715656161308289,0.008664185181260109,-0.13603205978870392,-0.8889164328575134,-0.017976222559809685,-0.18713216483592987,-0.9817231297492981,-0.03465960547327995,0.02329265885055065,-0.5607924461364746,0.026322854682803154,-0.07349297404289246,-0.7018963694572449,-0.056612949818372726,-0.10299957543611526,-0.4928765296936035,-0.055293601006269455,-0.056032318621873856,-0.41332846879959106,-0.02842969261109829,0.11540616303682327,-0.5147603154182434,-0.027398057281970978,0.013853730633854866,-0.6525898575782776,-0.12211354076862335,-0.018800297752022743,-0.44315409660339355,-0.07593493163585663,0.025512313470244408,-0.3616870045661926,-0.017737288028001785,0.21523645520210266,-0.43799349665641785,-0.08430537581443787,0.11720266193151474,-0.5616443157196045,-0.1440008133649826,0.07024390250444412,-0.41547614336013794,-0.10667750239372253,0.09802251309156418,-0.32681402564048767,-0.06354623287916183
Right,Minor,0.0,0.0,0.0,-0.1473425179719925,-0.1650516390800476,-0.00020228118228260428,-0.2562060058116913,-0.4151192009449005,-0.0010388019727542996,-0.2945326566696167,-0.6284964084625244,-0.02578042820096016,-0.3080001175403595,-0.8070922493934631,-0.053749360144138336,-0.11408136785030365,-0.5602254867553711,0.08590869605541229,-0.15188632905483246,-0.7423206567764282,0.04082242771983147,-0.2123006135225296,-0.8614606857299805,0.018876200541853905,-0.2642187774181366,-0.9644607305526733,0.001984532456845045,-0.021724145859479904,-0.5535010695457458,0.043569937348365784,-0.11916616559028625,-0.698104977607727,-0.03830093890428543,-0.12688694894313812,-0.4754883646965027,-0.040409062057733536,-0.074275441467762,-0.3831164836883545,-0.013066716492176056,0.08034396171569824,-0.5205841064453125,-0.012947776354849339,-0.021898863837122917,-0.6774439215660095,-0.10753076523542404,-0.038029734045267105,-0.4532614052295685,-0.06247757375240326,0.00989401713013649,-0.3510544002056122,-0.002595650963485241,0.19285766780376434,-0.4574010670185089,-0.07233714312314987,0.09455802291631699,-0.5905682444572449,-0.13443297147750854,0.05492347106337547,-0.4379781186580658,-0.09844798594713211,0.08463193476200104,-0.33591002225875854,-0.0553288534283638
Right,Minor,0.0,0.0,0.0,-0.12858617305755615,-0.15329793095588684,-0.0032206326723098755,-0.23136766254901886,-0.40863966941833496,-0.006664770655333996,-0.2738855183124542,-0.6195135116577148,-0.03138710558414459,-0.2837139666080475,-0.7955870032310486,-0.05794083699584007,-0.08775404095649719,-0.5688779354095459,0.07083999365568161,-0.11392141878604889,-0.7604007720947266,0.02004823088645935,-0.17505721747875214,-0.8815005421638489,-0.002757288748398423,-0.2306506186723709,-0.9728769063949585,-0.017628995701670647,0.0016223950078710914,-0.5551761984825134,0.03233522176742554,-0.09623146802186966,-0.7000799775123596,-0.047665201127529144,-0.12255596369504929,-0.4886803925037384,-0.04573530703783035,-0.07568468898534775,-0.3982692062854767,-0.017193401232361794,0.10054131597280502,-0.5145102739334106,-0.020541731268167496,-0.002253606915473938,-0.6604801416397095,-0.11343201994895935,-0.03145022317767143,-0.4466484487056732,-0.06891758739948273,0.013085491955280304,-0.35439902544021606,-0.011131283827126026,0.21005117893218994,-0.4455544054508209,-0.07607007026672363,0.11029256135225296,-0.5755478739738464,-0.13734164834022522,0.06323560327291489,-0.42618924379348755,-0.10258649289608002,0.09146888554096222,-0.3276376724243164,-0.06080777198076248
Right,Minor,0.0,0.0,0.0,-0.09115815907716751,-0.2578147053718567,-0.0072097815573215485,-0.11978399008512497,-0.48170673847198486,-0.0504932701587677,-0.169876828789711,-0.6404632925987244,-0.10611772537231445,-0.22773399949073792,-0.8020356297492981,-0.1541866958141327,0.19777807593345642,-0.6264498829841614,-0.027340570464730263,0.12142825871706009,-0.8571025133132935,-0.11211229860782623,0.009098543785512447,-0.9471989274024963,-0.1611630618572235,-0.09217527508735657,-0.9776545763015747,-0.18893210589885712,0.23731543123722076,-0.5548704266548157,-0.06907915323972702,-0.022757427766919136,-0.7043061256408691,-0.1488839089870453,-0.08295509219169617,-0.5413663983345032,-0.1565656065940857,-0.04435141757130623,-0.44352099299430847,-0.1565721184015274,0.22709284722805023,-0.4638412296772003,-0.1201021820306778,-0.04957296699285507,-0.5873485803604126,-0.18568836152553558,-0.08452637493610382,-0.4236224591732025,-0.14883418381214142,-0.04139519855380058,-0.3458063304424286,-0.12313004583120346,0.1835670918226242,-0.3583992123603821,-0.17643393576145172,-0.036358293145895004,-0.44661977887153625,-0.22951552271842957,-0.07726196944713593,-0.3363354802131653,-0.21097682416439056,-0.051687225699424744,-0.2691253125667572,-0.1908295899629593
Right,Minor,0.0,0.0,0.0,0.05906837806105614,-0.21706056594848633,-0.015199982561171055,0.021860048174858093,-0.49583345651626587,-0.048752542585134506,-0.06617946922779083,-0.6947392225265503,-0.07518418878316879,-0.1339256763458252,-0.8357406854629517,-0.10653021186590195,0.07880167663097382,-0.4666765630245209,-0.13881509006023407,-0.08612507581710815,-0.7139191627502441,-0.19120851159095764,-0.18641993403434753,-0.8428788185119629,-0.2108428180217743,-0.2721092402935028,-0.9358189702033997,-0.22405226528644562,-0.022656884044408798,-0.3502989709377289,-0.16381092369556427,-0.208259716629982,-0.6380192637443542,-0.2256237268447876,-0.17432086169719696,-0.561752438545227,-0.21826255321502686,-0.11398625373840332,-0.4594014585018158,-0.20755356550216675,-0.12748003005981445,-0.23810836672782898,-0.1816149801015854,-0.28042346239089966,-0.5279451012611389,-0.23485080897808075,-0.2379985749721527,-0.44992631673812866,-0.18599450588226318,-0.1833987981081009,-0.35518455505371094,-0.14649389684200287,-0.2319788932800293,-0.13763627409934998,-0.1983582228422165,-0.3332825303077698,-0.38056519627571106,-0.23939412832260132,-0.2913707196712494,-0.33626070618629456,-0.2031121402978897,-0.24820759892463684,-0.2580340802669525,-0.17183609306812286
Right,Minor,0.0,0.0,0.0,-0.08313252776861191,-0.2611081600189209,0.009244369342923164,-0.11261535435914993,-0.46386975049972534,-0.025561153888702393,-0.16638194024562836,-0.6139200925827026,-0.07512328028678894,-0.23149561882019043,-0.7454473972320557,-0.11774657666683197,0.15618471801280975,-0.6184364557266235,-0.009593901224434376,0.10273930430412292,-0.8708971738815308,-0.08962812274694443,-0.00529387965798378,-0.9629607796669006,-0.13537909090518951,-0.09552626311779022,-0.9826832413673401,-0.15877068042755127,0.17837275564670563,-0.5521656274795532,-0.0527852401137352,-0.0763067826628685,-0.7026742696762085,-0.1260347068309784,-0.12019731104373932,-0.5759737491607666,-0.1320822834968567,-0.07514476776123047,-0.5022019147872925,-0.13212476670742035,0.1498178392648697,-0.47809064388275146,-0.10381043702363968,-0.12273719906806946,-0.5784669518470764,-0.16208069026470184,-0.13453461229801178,-0.44724151492118835,-0.12729483842849731,-0.07849323749542236,-0.3949407637119293,-0.10216367989778519,0.0892430916428566,-0.40261638164520264,-0.1582987904548645,-0.12289893627166748,-0.4638247787952423,-0.1962004154920578,-0.14377814531326294,-0.36789295077323914,-0.17293022572994232,-0.10680526494979858,-0.318418949842453,-0.1507326066493988
Right,Minor,0.0,0.0,0.0,-0.20177996158599854,-0.10167337208986282,-0.011055749841034412,-0.39373424649238586,-0.2993786633014679,-0.028669381514191628,-0.5313246846199036,-0.41201019287109375,-0.060351334512233734,-0.6792165637016296,-0.4573220908641815,-0.09463111311197281,-0.24335527420043945,-0.6610222458839417,0.034863270819187164,-0.41910767555236816,-0.713567316532135,-0.04767784848809242,-0.5573612451553345,-0.7210628390312195,-0.12221308797597885,-0.6832875609397888,-0.7096563577651978,-0.17177261412143707,-0.143508642911911,-0.7188060879707336,-0.0024820519611239433,-0.3535628318786621,-0.6385571956634521,-0.11322059482336044,-0.3053658604621887,-0.389276385307312,-0.15876564383506775,-0.24136964976787567,-0.21725808084011078,-0.16607104241847992,-0.039039283990859985,-0.7211184501647949,-0.05054116249084473,-0.262561172246933,-0.5948637127876282,-0.15502426028251648,-0.2000792920589447,-0.3523656129837036,-0.14094771444797516,-0.13170017302036285,-0.188188374042511,-0.10525088012218475,0.06728146970272064,-0.6739853024482727,-0.10283641517162323,-0.13017286360263824,-0.5776625871658325,-0.17983990907669067,-0.11822432279586792,-0.386331170797348,-0.16554617881774902,-0.07455281168222427,-0.25432872772216797,-0.1359933763742447
Right,Minor,0.0,0.0,0.0,-0.20033885538578033,-0.12472076714038849,-0.013886258006095886,-0.3780740201473236,-0.30730241537094116,-0.04538635164499283,-0.5182675719261169,-0.41712403297424316,-0.09199881553649902,-0.6717277765274048,-0.482179194688797,-0.14229053258895874,-0.19383472204208374,-0.6753981709480286,0.016463175415992737,-0.38205498456954956,-0.7222752571105957,-0.07145585864782333,-0.5222861170768738,-0.7325699329376221,-0.14986708760261536,-0.6463571786880493,-0.7355866432189941,-0.20281696319580078,-0.09422992914915085,-0.7299771904945374,-0.02206021174788475,-0.33134469389915466,-0.6372209191322327,-0.1373356580734253,-0.29274141788482666,-0.37875500321388245,-0.18565714359283447,-0.23294150829315186,-0.2062131017446518,-0.19745886325836182,0.003055539447814226,-0.728419303894043,-0.07038970291614532,-0.24931223690509796,-0.5868273973464966,-0.1785188764333725,-0.1914442777633667,-0.33471837639808655,-0.1669403612613678,-0.12436068058013916,-0.1636449247598648,-0.13483962416648865,0.09765850007534027,-0.6740705370903015,-0.12314225733280182,-0.1252213567495346,-0.5743169784545898,-0.20574389398097992,-0.11667720973491669,-0.3778945207595825,-0.1948103904724121,-0.07457822561264038,-0.236180379986763,-0.167863667011261
Right,Minor,0.0,0.0,0.0,-0.1738353967666626,-0.017035026103258133,-0.05899907648563385,-0.36495262384414673,-0.19104298949241638,-0.08327461034059525,-0.4718855619430542,-0.37279340624809265,-0.11141794919967651,-0.5743253827095032,-0.5108237266540527,-0.1394311487674713,-0.3865695893764496,-0.4809156656265259,0.0028369268402457237,-0.49474483728408813,-0.6214112043380737,-0.07620367407798767,-0.5541492104530334,-0.7249522805213928,-0.12505851686000824,-0.584075391292572,-0.7971657514572144,-0.15291433036327362,-0.2593429684638977,-0.5836384892463684,-0.01700986735522747,-0.3669835329055786,-0.7041909098625183,-0.15693451464176178,-0.26752179861068726,-0.45563820004463196,-0.1839592158794403,-0.1753491461277008,-0.27156996726989746,-0.15397275984287262,-0.10789409279823303,-0.6413832306861877,-0.05185357481241226,-0.18801604211330414,-0.7014564871788025,-0.2088283896446228,-0.10163386911153793,-0.4311491549015045,-0.18143333494663239,-0.03328836336731911,-0.24873961508274078,-0.10953674465417862,0.056472234427928925,-0.6621705293655396,-0.0892452746629715,-0.0234017763286829,-0.7131452560424805,-0.2014613151550293,0.009861961007118225,-0.5033956170082092,-0.1755867302417755,0.05093008279800415,-0.3548748195171356,-0.1224735751748085
Right,Minor,0.0,0.0,0.0,-0.22324201464653015,-0.0857330933213234,-0.007968850433826447,-0.4426340162754059,-0.24517232179641724,-0.03304748982191086,-0.5960022807121277,-0.34096142649650574,-0.07547029852867126,-0.750180721282959,-0.386169970035553,-0.12255203723907471,-0.3134033679962158,-0.6681386232376099,0.031366586685180664,-0.4950321316719055,-0.6658868789672852,-0.057231269776821136,-0.6392504572868347,-0.6381049752235413,-0.13833476603031158,-0.771767258644104,-0.605999231338501,-0.1927182525396347,-0.2086225301027298,-0.7474172115325928,-0.012389885261654854,-0.42184552550315857,-0.6088944673538208,-0.12955938279628754,-0.3481419086456299,-0.35471007227897644,-0.17973817884922028,-0.26316890120506287,-0.18740858137607574,-0.19097739458084106,-0.09225466847419739,-0.768532931804657,-0.06611815094947815,-0.3139854371547699,-0.5861536860466003,-0.17359696328639984,-0.23318688571453094,-0.3430213928222656,-0.1586759090423584,-0.1471148133277893,-0.180955171585083,-0.12302552163600922,0.03603263944387436,-0.738817036151886,-0.12387999892234802,-0.1698983758687973,-0.6112125515937805,-0.19997873902320862,-0.14910444617271423,-0.4090220630168915,-0.18084993958473206,-0.09402260929346085,-0.2706871032714844,-0.1479533612728119
Right,Minor,0.0,0.0,0.0,-0.24471445381641388,-0.0063488478772342205,-0.00875090528279543,-0.5001608729362488,-0.13444775342941284,-0.004688344895839691,-0.6631242036819458,-0.2637314796447754,-0.020621411502361298,-0.8063677549362183,-0.34114402532577515,-0.041300270706415176,-0.40818893909454346,-0.4573691189289093,0.07853689044713974,-0.572742223739624,-0.5239826440811157,0.014532703906297684,-0.7123837471008301,-0.5371938943862915,-0.038171760737895966,-0.8375757336616516,-0.5410861372947693,-0.07544886320829391,-0.30732882022857666,-0.5640845894813538,0.037123292684555054,-0.4817333519458771,-0.5880698561668396,-0.0893787071108818,-0.39070239663124084,-0.3551281690597534,-0.13873586058616638,-0.28626877069473267,-0.1659662425518036,-0.13474106788635254,-0.1798766553401947,-0.6544989347457886,-0.016030605882406235,-0.3491780161857605,-0.6165215373039246,-0.15358547866344452,-0.2514330744743347,-0.36908578872680664,-0.14929385483264923,-0.14699962735176086,-0.19006313383579254,-0.10146329551935196,-0.02586497738957405,-0.7292816042900085,-0.0687350481748581,-0.20640364289283752,-0.7035977840423584,-0.15671610832214355,-0.1752547174692154,-0.500365138053894,-0.13557183742523193,-0.10472767055034637,-0.3498717248439789,-0.0944032147526741
Right,Minor,0.0,0.0,0.0,-0.19573912024497986,-0.12194862216711044,-0.01472453586757183,-0.3756856322288513,-0.314585417509079,-0.04592055827379227,-0.5081273317337036,-0.43430083990097046,-0.0921657532453537,-0.6536393761634827,-0.5131293535232544,-0.14133697748184204,-0.19087089598178864,-0.6908290386199951,0.016777129843831062,-0.3716948926448822,-0.7359074950218201,-0.0772891417145729,-0.509667158126831,-0.7452405691146851,-0.15816926956176758,-0.6362597942352295,-0.7423348426818848,-0.21002991497516632,-0.0848657563328743,-0.7435725331306458,-0.02202420122921467,-0.31745827198028564,-0.6489773392677307,-0.1409773975610733,-0.2814709544181824,-0.3860088884830475,-0.18869942426681519,-0.2227870225906372,-0.2146669626235962,-0.19742977619171143,0.02039163000881672,-0.7349684834480286,-0.07119081169366837,-0.2248476892709732,-0.5971394777297974,-0.18109166622161865,-0.17899161577224731,-0.3440698981285095,-0.1679518222808838,-0.12084490060806274,-0.1816924512386322,-0.1327539086341858,0.12309889495372772,-0.6723529696464539,-0.12454228848218918,-0.088152214884758,-0.5728046298027039,-0.20282796025276184,-0.07747946679592133,-0.38472241163253784,-0.18848975002765656,-0.03188799321651459,-0.2627759873867035,-0.1581297069787979
Right,Minor,0.0,0.0,0.0,-0.22830243408679962,-0.08043140918016434,-0.0027757317293435335,-0.4514071047306061,-0.25417840480804443,-0.009011916816234589,-0.610160768032074,-0.35295844078063965,-0.03553437441587448,-0.7596142888069153,-0.37758511304855347,-0.06911836564540863,-0.33125412464141846,-0.5501638054847717,0.0611749067902565,-0.4939022362232208,-0.6171098351478577,-0.007669192738831043,-0.6301760673522949,-0.6346417665481567,-0.0664188340306282,-0.7558682560920715,-0.6458383798599243,-0.1074989065527916,-0.2336401492357254,-0.6256449222564697,0.018735568970441818,-0.41919466853141785,-0.6246811151504517,-0.09919365495443344,-0.36613523960113525,-0.38513046503067017,-0.14537854492664337,-0.29500818252563477,-0.19963526725769043,-0.14647042751312256,-0.11688767373561859,-0.6767662167549133,-0.033702123910188675,-0.3120211958885193,-0.6193872690200806,-0.15416431427001953,-0.24036677181720734,-0.3784767687320709,-0.14519190788269043,-0.15698140859603882,-0.2080737054347992,-0.10336457192897797,0.019500384107232094,-0.7022650837898254,-0.08670979738235474,-0.17097745835781097,-0.667640209197998,-0.1647477000951767,-0.154323011636734,-0.4736804962158203,-0.1438487470149994,-0.09832320362329483,-0.331664502620697,-0.10748427361249924
Right,Minor,0.0,0.0,0.0,-0.2158997356891632,-0.07278764247894287,-0.012881405651569366,-0.4229772984981537,-0.23303264379501343,-0.027559541165828705,-0.5760842561721802,-0.342111736536026,-0.06004402041435242,-0.7213139533996582,-0.39074277877807617,-0.09770573675632477,-0.28885382413864136,-0.5142784118652344,0.03991718590259552,-0.44603052735328674,-0.6215551495552063,-0.02680211327970028,-0.577989399433136,-0.6735243201255798,-0.08085279166698456,-0.6946396231651306,-0.7092573642730713,-0.12012379616498947,-0.1918652355670929,-0.5793505311012268,0.0028251809999346733,-0.356057733297348,-0.6076034307479858,-0.11848879605531693,-0.3142465054988861,-0.37847137451171875,-0.16427215933799744,-0.2526894211769104,-0.19372642040252686,-0.16604933142662048,-0.07955193519592285,-0.6252527832984924,-0.04380245506763458,-0.25664129853248596,-0.6065580248832703,-0.16726469993591309,-0.20152901113033295,-0.37290942668914795,-0.1606115698814392,-0.1286865472793579,-0.19715586304664612,-0.12104093283414841,0.05177544057369232,-0.6529977321624756,-0.0914335697889328,-0.12678484618663788,-0.6399140357971191,-0.17378981411457062,-0.13045240938663483,-0.4581573009490967,-0.1595715582370758,-0.09277090430259705,-0.31547415256500244,-0.12837594747543335
Right,Minor,0.0,0.0,0.0,-0.22533206641674042,-0.06625403463840485,-0.009969265200197697,-0.45268526673316956,-0.2489834725856781,-0.016455402597784996,-0.5960093140602112,-0.39782655239105225,-0.04119747132062912,-0.7328084111213684,-0.49118342995643616,-0.07250817865133286,-0.3448823094367981,-0.537297248840332,0.05405318737030029,-0.5023494958877563,-0.6279612183570862,-0.02847769856452942,-0.6419001221656799,-0.6402978897094727,-0.09182995557785034,-0.7660381197929382,-0.6292209625244141,-0.13140204548835754,-0.23618781566619873,-0.6244873404502869,0.012599630281329155,-0.4256925880908966,-0.6723107695579529,-0.11638426780700684,-0.3694900870323181,-0.4172549843788147,-0.16330958902835846,-0.29246294498443604,-0.2070814073085785,-0.15984857082366943,-0.10284329950809479,-0.6848267316818237,-0.04090961813926697,-0.3019424378871918,-0.6599318981170654,-0.17919346690177917,-0.23034335672855377,-0.39610981941223145,-0.17141230404376984,-0.1455165147781372,-0.20501254498958588,-0.12410881370306015,0.05224921181797981,-0.7202209234237671,-0.0940360352396965,-0.1451813280582428,-0.69569331407547,-0.18961843848228455,-0.13278184831142426,-0.4818379878997803,-0.17114797234535217,-0.07901481539011002,-0.3229072391986847,-0.13175980746746063
Right,Minor,0.0,0.0,0.0,-0.2014048844575882,-0.0718507394194603,-0.007940040901303291,-0.40832090377807617,-0.23572979867458344,-0.02595512755215168,-0.548466145992279,-0.3621540665626526,-0.0628935694694519,-0.6653522253036499,-0.48263663053512573,-0.10025468468666077,-0.27451857924461365,-0.5977128744125366,0.042308878153562546,-0.4029630720615387,-0.7734004259109497,-0.05351301282644272,-0.5326153635978699,-0.7888790369033813,-0.1238543763756752,-0.6447998881340027,-0.747485339641571,-0.15968288481235504,-0.17562779784202576,-0.6464062929153442,0.005135956685990095,-0.37068235874176025,-0.6508610844612122,-0.12318328768014908,-0.3279564380645752,-0.39138147234916687,-0.16812925040721893,-0.261222243309021,-0.2008824348449707,-0.1654638946056366,-0.06908650696277618,-0.6779348850250244,-0.04492124915122986,-0.2785463035106659,-0.6182103157043457,-0.1702764928340912,-0.21196243166923523,-0.35993847250938416,-0.15772494673728943,-0.13548016548156738,-0.1871940940618515,-0.11148630827665329,0.05393025279045105,-0.6831899881362915,-0.09622358530759811,-0.14713481068611145,-0.6384615302085876,-0.17903245985507965,-0.12744887173175812,-0.4357711970806122,-0.1589030772447586,-0.06992975622415543,-0.2955493628978729,-0.1186443343758583
Right,Minor,0.0,0.0,0.0,-0.18049515783786774,-0.05294593423604965,-0.018757810816168785,-0.372406005859375,-0.17939674854278564,-0.036005813628435135,-0.5189706683158875,-0.2278747409582138,-0.06629464775323868,-0.6444041132926941,-0.22777314484119415,-0.10111048072576523,-0.27509671449661255,-0.49525630474090576,0.0077421641908586025,-0.42473104596138,-0.6363282799720764,-0.04840368777513504,-0.5311460494995117,-0.7125262022018433,-0.0887271910905838,-0.6226931810379028,-0.7733882069587708,-0.11884422600269318,-0.1843014508485794,-0.5550820827484131,-0.022121289744973183,-0.33106738328933716,-0.5485393404960632,-0.132954403758049,-0.28353947401046753,-0.33784371614456177,-0.16675125062465668,-0.2197912037372589,-0.18257462978363037,-0.16160286962985992,-0.08231427520513535,-0.5861695408821106,-0.05943436920642853,-0.2291611135005951,-0.5243296027183533,-0.16481877863407135,-0.1733936369419098,-0.3187611699104309,-0.15604369342327118,-0.10821709036827087,-0.17815130949020386,-0.12009889632463455,0.03079291246831417,-0.5950050950050354,-0.09898833185434341,-0.11562903970479965,-0.5583727955818176,-0.16671282052993774,-0.11494412273168564,-0.3943904638290405,-0.15244174003601074,-0.08097220957279205,-0.2734731137752533,-0.123792864382267
Right,Minor,0.0,0.0,0.0,-0.21151739358901978,-0.07803001254796982,-0.014459162950515747,-0.4177398979663849,-0.23117193579673767,-0.03162584453821182,-0.5769392251968384,-0.3073786795139313,-0.06634869426488876,-0.7244218587875366,-0.3251670002937317,-0.10696796327829361,-0.29547515511512756,-0.5156746506690979,0.029904821887612343,-0.45490485429763794,-0.6191545724868774,-0.03831034526228905,-0.5813095569610596,-0.6727790832519531,-0.09232675284147263,-0.6925987005233765,-0.7095013856887817,-0.13005703687667847,-0.19946473836898804,-0.5794495940208435,-0.0058344327844679356,-0.34893614053726196,-0.587489128112793,-0.1277097761631012,-0.30728402733802795,-0.3663729429244995,-0.17251954972743988,-0.24992580711841583,-0.19321715831756592,-0.1731625646352768,-0.088752381503582,-0.6232362389564514,-0.05065309628844261,-0.24452060461044312,-0.5836772918701172,-0.16924811899662018,-0.1953764259815216,-0.3635176420211792,-0.1639259159564972,-0.131601482629776,-0.20369486510753632,-0.1257176250219345,0.03855910524725914,-0.6487101316452026,-0.0967857837677002,-0.12299174070358276,-0.6300474405288696,-0.1690804660320282,-0.12197240442037582,-0.4603090286254883,-0.15166184306144714,-0.08283419907093048,-0.3304295241832733,-0.11907804012298584
Right,Minor,0.0,0.0,0.0,-0.19976387917995453,-0.06898216158151627,-0.023533441126346588,-0.39789411425590515,-0.20737062394618988,-0.0470246896147728,-0.5531064867973328,-0.2861243188381195,-0.08597083389759064,-0.6930634379386902,-0.3337971270084381,-0.12799227237701416,-0.2809213697910309,-0.5066890120506287,0.019121848046779633,-0.43524405360221863,-0.6355153322219849,-0.04975222051143646,-0.5561318397521973,-0.6948270797729492,-0.10189210623502731,-0.6625728607177734,-0.7360695600509644,-0.13856036961078644,-0.18822844326496124,-0.5649155974388123,-0.01199440285563469,-0.3465133309364319,-0.5781440138816833,-0.1331040859222412,-0.29616066813468933,-0.35471758246421814,-0.17438365519046783,-0.23229087889194489,-0.18923792243003845,-0.17376987636089325,-0.08517659455537796,-0.6069059371948242,-0.05333717539906502,-0.2560559809207916,-0.5707675218582153,-0.17116320133209229,-0.19565962255001068,-0.34953442215919495,-0.16104376316070557,-0.12466089427471161,-0.1952359974384308,-0.12132556736469269,0.03184506297111511,-0.6300414204597473,-0.0973723754286766,-0.13396042585372925,-0.6054596304893494,-0.1729477345943451,-0.13000507652759552,-0.43480727076530457,-0.1571989208459854,-0.09020724892616272,-0.3080417811870575,-0.1261417120695114
Right,Minor,0.0,0.0,0.0,-0.18599437177181244,-0.05118633806705475,-0.0304619949311018,-0.38379931449890137,-0.213703453540802,-0.037045810371637344,-0.5139131546020508,-0.3437548577785492,-0.053542591631412506,-0.627625048160553,-0.40348097681999207,-0.07320363819599152,-0.3247925639152527,-0.4284692406654358,0.015146824531257153,-0.45669594407081604,-0.5896194577217102,-0.036115292459726334,-0.5424870848655701,-0.6914637684822083,-0.07000697404146194,-0.6185571551322937,-0.779770016670227,-0.09667357057332993,-0.22295205295085907,-0.4972854554653168,-0.010647553019225597,-0.3430534303188324,-0.5739406943321228,-0.12095130980014801,-0.27327507734298706,-0.382688969373703,-0.14983686804771423,-0.2021649330854416,-0.22935950756072998,-0.13792376220226288,-0.10077004134654999,-0.5356225371360779,-0.0452103316783905,-0.2078128159046173,-0.5755904316902161,-0.16120579838752747,-0.14089861512184143,-0.36982446908950806,-0.14055109024047852,-0.08011044561862946,-0.22215640544891357,-0.09105218201875687,0.03757132589817047,-0.5507348775863647,-0.08167403936386108,-0.0658535584807396,-0.5947468280792236,-0.15895970165729523,-0.04798690229654312,-0.43186938762664795,-0.1351761519908905,-0.01296315435320139,-0.3101339340209961,-0.09720346331596375
Right,Minor,0.0,0.0,0.0,-0.206080362200737,-0.07447509467601776,-0.016149429604411125,-0.41352832317352295,-0.23070436716079712,-0.03756430745124817,-0.5750336050987244,-0.31467390060424805,-0.07703420519828796,-0.7273990511894226,-0.34993550181388855,-0.1206764206290245,-0.29323112964630127,-0.5701661705970764,0.04049297422170639,-0.45884886384010315,-0.6506754159927368,-0.03770286589860916,-0.5940356850624084,-0.6735419034957886,-0.1028648167848587,-0.7161751389503479,-0.6822665929794312,-0.14698834717273712,-0.20262785255908966,-0.6340747475624084,0.0016955689061433077,-0.3952655494213104,-0.6039969325065613,-0.119212806224823,-0.33882930874824524,-0.3602028787136078,-0.16628143191337585,-0.267633855342865,-0.18852631747722626,-0.16980929672718048,-0.09839268028736115,-0.6669412851333618,-0.04856192320585251,-0.29916656017303467,-0.576956570148468,-0.16587227582931519,-0.22790369391441345,-0.33746594190597534,-0.15351338684558868,-0.1510208398103714,-0.17747117578983307,-0.11241711676120758,0.015617522411048412,-0.6671198010444641,-0.10196737945079803,-0.17222630977630615,-0.6113166809082031,-0.17742116749286652,-0.15338002145290375,-0.4274986982345581,-0.15620525181293488,-0.09999650716781616,-0.2993117868900299,-0.12053437530994415
Right,Minor,0.0,0.0,0.0,-0.20058012008666992,-0.08332061767578125,-0.0008496694499626756,-0.38598132133483887,-0.2464723140001297,-0.021904367953538895,-0.529332160949707,-0.3419077396392822,-0.06060649827122688,-0.6789892911911011,-0.3740335702896118,-0.10305324196815491,-0.24351347982883453,-0.6254122257232666,0.03420855477452278,-0.42639580368995667,-0.6864941120147705,-0.04628947377204895,-0.5646777153015137,-0.699832558631897,-0.11745484918355942,-0.6884049773216248,-0.7057843804359436,-0.16723357141017914,-0.15677888691425323,-0.687974214553833,-0.010517080314457417,-0.3875879943370819,-0.6266679167747498,-0.12491483241319656,-0.32552817463874817,-0.36751940846443176,-0.16911019384860992,-0.2511816918849945,-0.20119330286979675,-0.17451122403144836,-0.06627628207206726,-0.7113612294197083,-0.06430665403604507,-0.3164732754230499,-0.5842875242233276,-0.17053748667240143,-0.237754225730896,-0.3338678479194641,-0.15559202432632446,-0.1552276462316513,-0.17234639823436737,-0.11860150098800659,0.02645730786025524,-0.6880391836166382,-0.12118608504533768,-0.20152606070041656,-0.5741568207740784,-0.19945023953914642,-0.17433781921863556,-0.38705864548683167,-0.1869909018278122,-0.11613328009843826,-0.26020243763923645,-0.1586335003376007
Right,Minor,0.0,0.0,0.0,-0.21672020852565765,-0.033856384456157684,-0.010898618027567863,-0.43187639117240906,-0.16142487525939941,-0.029692409560084343,-0.5986135601997375,-0.24421259760856628,-0.06792906671762466,-0.7579094171524048,-0.2757549583911896,-0.11085782200098038,-0.3284897804260254,-0.5026770830154419,0.04464646801352501,-0.49568426609039307,-0.597886860370636,-0.026830021291971207,-0.6418676972389221,-0.6215929985046387,-0.08547753095626831,-0.7679399847984314,-0.6277982592582703,-0.127033069729805,-0.24564139544963837,-0.5829861760139465,0.004712835885584354,-0.43313008546829224,-0.5823430418968201,-0.11411253362894058,-0.37381815910339355,-0.344143807888031,-0.15933990478515625,-0.2945542633533478,-0.16830621659755707,-0.1611076444387436,-0.1455770581960678,-0.645368218421936,-0.04559702426195145,-0.34996798634529114,-0.5783765316009521,-0.16575470566749573,-0.2674301266670227,-0.34262222051620483,-0.15460754930973053,-0.1708623170852661,-0.17880333960056305,-0.11317719519138336,-0.027563361451029778,-0.6851982474327087,-0.09749069064855576,-0.22820331156253815,-0.6172856092453003,-0.1802573800086975,-0.20117303729057312,-0.4269087612628937,-0.1626797318458557,-0.13377879559993744,-0.29054877161979675,-0.12828028202056885
Right,Minor,0.0,0.0,0.0,-0.23031467199325562,-0.09241881966590881,0.0029363299254328012,-0.4426653981208801,-0.26680994033813477,-0.005890978500247002,-0.6028868556022644,-0.37193670868873596,-0.03714320808649063,-0.7643378973007202,-0.41194266080856323,-0.0763041228055954,-0.3307577967643738,-0.5769699811935425,0.07185289263725281,-0.4872799515724182,-0.6384493112564087,-0.0011207973584532738,-0.626829206943512,-0.6463520526885986,-0.06531337648630142,-0.7516615390777588,-0.6503157019615173,-0.10997526347637177,-0.23442105948925018,-0.6534400582313538,0.025552256032824516,-0.4202766418457031,-0.64472895860672,-0.09111696481704712,-0.3725883960723877,-0.3965992331504822,-0.14130663871765137,-0.30496683716773987,-0.21093294024467468,-0.14691030979156494,-0.11787103861570358,-0.7051177620887756,-0.031199712306261063,-0.3239651024341583,-0.6322383880615234,-0.1487618237733841,-0.2583845257759094,-0.38588428497314453,-0.14125800132751465,-0.17465093731880188,-0.2121286541223526,-0.10234127938747406,0.018809199333190918,-0.7258291244506836,-0.08834455907344818,-0.19127047061920166,-0.6654097437858582,-0.16833330690860748,-0.17229968309402466,-0.46788138151168823,-0.15042397379875183,-0.10804462432861328,-0.3238861560821533,-0.11572831869125366
Right,Minor,0.0,0.0,0.0,-0.2048729658126831,-0.06411395221948624,-0.01649993471801281,-0.4174163341522217,-0.23277175426483154,-0.0409199595451355,-0.5776689648628235,-0.3428775370121002,-0.08268262445926666,-0.7324336767196655,-0.4063618779182434,-0.1269329935312271,-0.3084261119365692,-0.5830441117286682,0.030448051169514656,-0.46292704343795776,-0.7095373272895813,-0.070904441177845,-0.6056488752365112,-0.7019475698471069,-0.14764291048049927,-0.7305987477302551,-0.6554867029190063,-0.1912137269973755,-0.21481145918369293,-0.6461559534072876,-0.007793812546879053,-0.420555979013443,-0.6509329676628113,-0.13419581949710846,-0.3742886185646057,-0.3973815441131592,-0.1780603677034378,-0.3041035532951355,-0.2149067521095276,-0.1783618927001953,-0.10688518732786179,-0.6857846975326538,-0.060059260576963425,-0.32914531230926514,-0.6261386275291443,-0.18695533275604248,-0.25526300072669983,-0.3701997399330139,-0.16975879669189453,-0.169764444231987,-0.19740164279937744,-0.12306100875139236,0.018471335992217064,-0.6944254636764526,-0.11485079675912857,-0.19698995351791382,-0.6366347074508667,-0.2034415453672409,-0.1669650673866272,-0.4325052499771118,-0.18308109045028687,-0.09827405214309692,-0.29189857840538025,-0.14463749527931213
Right,Minor,0.0,0.0,0.0,-0.2155441790819168,-0.08054270595312119,-0.00603070855140686,-0.424053817987442,-0.25562724471092224,-0.01925862953066826,-0.5777221918106079,-0.3729850947856903,-0.05208646506071091,-0.7346264123916626,-0.4277494549751282,-0.09075388312339783,-0.3134872019290924,-0.5887033939361572,0.056660011410713196,-0.47840481996536255,-0.6502151489257812,-0.023780498653650284,-0.6204960346221924,-0.6540136933326721,-0.0921415239572525,-0.746230959892273,-0.6511209607124329,-0.13849467039108276,-0.2186184972524643,-0.6628031134605408,0.013595327734947205,-0.41229262948036194,-0.6370896100997925,-0.10554322600364685,-0.3558465242385864,-0.3881065249443054,-0.15369443595409393,-0.2819424867630005,-0.20622260868549347,-0.15911810100078583,-0.10668164491653442,-0.7085785865783691,-0.04118254780769348,-0.317249596118927,-0.6253383159637451,-0.16122324764728546,-0.24182738363742828,-0.379878431558609,-0.15002228319644928,-0.15277515351772308,-0.20894162356853485,-0.10972843319177628,0.023312367498874664,-0.7212996482849121,-0.0976845771074295,-0.187120258808136,-0.653242826461792,-0.18142886459827423,-0.16278500854969025,-0.4577540457248688,-0.16367679834365845,-0.0970325618982315,-0.31644120812416077,-0.1293162852525711
Right,Minor,0.0,0.0,0.0,-0.2336820811033249,-0.0839012861251831,0.0019557680934667587,-0.4550234079360962,-0.27059292793273926,-0.00881977565586567,-0.609763503074646,-0.3988311290740967,-0.04156433418393135,-0.7699324488639832,-0.4662109315395355,-0.08099270612001419,-0.34776636958122253,-0.6372796297073364,0.07432369887828827,-0.5209440588951111,-0.6636528372764587,-0.014368240721523762,-0.6642367839813232,-0.6323143839836121,-0.09449740499258041,-0.792746901512146,-0.5922348499298096,-0.1442575305700302,-0.2458634376525879,-0.7199764847755432,0.027367237955331802,-0.45123612880706787,-0.6821655035018921,-0.09065690636634827,-0.39486321806907654,-0.41851478815078735,-0.14332890510559082,-0.3210776746273041,-0.2147347778081894,-0.14971353113651276,-0.1248617023229599,-0.7743497490882874,-0.0319359228014946,-0.35541820526123047,-0.6733656525611877,-0.15212689340114594,-0.27561116218566895,-0.4032735228538513,-0.14310739934444427,-0.1813659816980362,-0.20943057537078857,-0.10175762325525284,0.018480051308870316,-0.7914170026779175,-0.09247331321239471,-0.21046580374240875,-0.7018388509750366,-0.17669306695461273,-0.18007151782512665,-0.48658645153045654,-0.15625284612178802,-0.1078784316778183,-0.3283248841762543,-0.11742110550403595
Right,Minor,0.0,0.0,0.0,-0.20864622294902802,-0.07240121811628342,-0.016811462119221687,-0.4182322919368744,-0.2315523326396942,-0.03365131840109825,-0.5715711116790771,-0.3310098350048065,-0.06679799407720566,-0.7170279622077942,-0.3757426142692566,-0.10488923639059067,-0.3031529188156128,-0.529288649559021,0.03141259774565697,-0.46519291400909424,-0.6344183087348938,-0.04314747825264931,-0.5933372378349304,-0.6738003492355347,-0.1015438586473465,-0.7049565315246582,-0.6951624155044556,-0.14066120982170105,-0.20681144297122955,-0.5918859839439392,-0.003984595183283091,-0.37258994579315186,-0.6015093326568604,-0.1263892948627472,-0.3238024413585663,-0.36473146080970764,-0.16993343830108643,-0.25918546319007874,-0.18838904798030853,-0.16995932161808014,-0.09426338225603104,-0.6336190104484558,-0.050006717443466187,-0.2706054449081421,-0.5915486812591553,-0.17279815673828125,-0.21291741728782654,-0.356309711933136,-0.1637202501296997,-0.13939711451530457,-0.18798750638961792,-0.12229704856872559,0.03471164405345917,-0.65488600730896,-0.09748297184705734,-0.14388814568519592,-0.6236377358436584,-0.17846810817718506,-0.13457520306110382,-0.4442865550518036,-0.1614558845758438,-0.08448915928602219,-0.31105008721351624,-0.12731647491455078
Right,Minor,0.0,0.0,0.0,-0.21403682231903076,-0.14043541252613068,-0.0002714738075155765,-0.38903573155403137,-0.3412362337112427,-0.018253445625305176,-0.5541149973869324,-0.42415091395378113,-0.06141037866473198,-0.699356198310852,-0.4787236750125885,-0.1086309552192688,-0.23240463435649872,-0.6571054458618164,0.08487958461046219,-0.39752069115638733,-0.7233133316040039,0.002122989622876048,-0.5360490679740906,-0.7300195097923279,-0.06143088638782501,-0.636658787727356,-0.7637895345687866,-0.10625997185707092,-0.15075454115867615,-0.7084676623344421,0.02593117766082287,-0.32410648465156555,-0.880598783493042,-0.09302523732185364,-0.3228634297847748,-0.6447263360023499,-0.13186004757881165,-0.24745649099349976,-0.5446586608886719,-0.12525607645511627,-0.04817390441894531,-0.711397111415863,-0.04772789031267166,-0.24659620225429535,-0.8068852424621582,-0.16451144218444824,-0.24419313669204712,-0.5536929368972778,-0.14242947101593018,-0.1588316708803177,-0.4862724542617798,-0.09370553493499756,0.05850458890199661,-0.6690877079963684,-0.12407515943050385,-0.13530944287776947,-0.7134058475494385,-0.18594558537006378,-0.15305928885936737,-0.535162627696991,-0.15286791324615479,-0.07899422943592072,-0.468421071767807,-0.11292637884616852
Right,Minor,0.0,0.0,0.0,-0.2131018340587616,-0.08024777472019196,-0.020643441006541252,-0.42272496223449707,-0.2450447380542755,-0.04107888415455818,-0.5770272612571716,-0.34569355845451355,-0.07804228365421295,-0.7222455143928528,-0.4003739655017853,-0.12031511217355728,-0.305776983499527,-0.5512316226959229,0.02989220805466175,-0.4696502089500427,-0.6381359100341797,-0.04933471232652664,-0.5963311791419983,-0.6720876097679138,-0.11114604771137238,-0.7053363919258118,-0.6927692890167236,-0.1502373218536377,-0.20471806824207306,-0.6164126396179199,-0.004463542252779007,-0.3706064224243164,-0.6139295101165771,-0.1342199742794037,-0.3376273512840271,-0.3741251528263092,-0.18205700814723969,-0.28367677330970764,-0.18747183680534363,-0.18154297769069672,-0.08777081966400146,-0.6549820303916931,-0.04986508563160896,-0.25806015729904175,-0.6042423844337463,-0.17780831456184387,-0.21553535759449005,-0.36560794711112976,-0.17364831268787384,-0.15505404770374298,-0.19540388882160187,-0.13168217241764069,0.045766714960336685,-0.6745926141738892,-0.09661497920751572,-0.12451248615980148,-0.6652094721794128,-0.17481409013271332,-0.12402401119470596,-0.49321749806404114,-0.15671217441558838,-0.08522921800613403,-0.36060476303100586,-0.12020901590585709
Right,Minor,0.0,0.0,0.0,-0.20644479990005493,-0.08554863929748535,-0.025139864534139633,-0.4090132713317871,-0.2656981945037842,-0.04545394331216812,-0.5543525218963623,-0.3922887146472931,-0.08070999383926392,-0.6966737508773804,-0.4732324779033661,-0.11954750120639801,-0.29370763897895813,-0.5779218077659607,0.03270227462053299,-0.4502967298030853,-0.6655104160308838,-0.047964971512556076,-0.5703961849212646,-0.6970303058624268,-0.1129067987203598,-0.6789898872375488,-0.7176194787025452,-0.15490327775478363,-0.1864294707775116,-0.6408854126930237,-0.0004357395810075104,-0.3504635989665985,-0.6307559013366699,-0.12685531377792358,-0.30841389298439026,-0.3923017978668213,-0.175429105758667,-0.2561236023902893,-0.20811207592487335,-0.17785437405109406,-0.064304418861866,-0.6716319918632507,-0.045535001903772354,-0.23944208025932312,-0.6085084676742554,-0.17311905324459076,-0.18369078636169434,-0.3653005361557007,-0.16461271047592163,-0.12068609893321991,-0.18793289363384247,-0.12181223928928375,0.07196803390979767,-0.6730180382728577,-0.09327298402786255,-0.09966877102851868,-0.6353917717933655,-0.17891742289066315,-0.09365453571081161,-0.4477192163467407,-0.16187869012355804,-0.053567178547382355,-0.30425944924354553,-0.12557142972946167
Right,Minor,0.0,0.0,0.0,-0.18808729946613312,-0.07990381121635437,-0.02330654300749302,-0.38843581080436707,-0.24871134757995605,-0.04143250361084938,-0.5329985022544861,-0.3590959906578064,-0.07273641228675842,-0.670944094657898,-0.41441667079925537,-0.10756666213274002,-0.2711378037929535,-0.542201578617096,0.014325766824185848,-0.4247038960456848,-0.6615413427352905,-0.06224081292748451,-0.5459164381027222,-0.7099927067756653,-0.11893634498119354,-0.6547167301177979,-0.7396722435951233,-0.1556634157896042,-0.17235642671585083,-0.5960944890975952,-0.016063790768384933,-0.33758923411369324,-0.6060644388198853,-0.14018045365810394,-0.2950938642024994,-0.36747220158576965,-0.18024159967899323,-0.2380935549736023,-0.19034181535243988,-0.1767176240682602,-0.0593610443174839,-0.6244333982467651,-0.05668115243315697,-0.2255435734987259,-0.5869524478912354,-0.17871400713920593,-0.17562425136566162,-0.35336875915527344,-0.16708844900131226,-0.11332627385854721,-0.18829838931560516,-0.1236594021320343,0.0687091276049614,-0.6302697062492371,-0.09938514232635498,-0.08968967944383621,-0.614025354385376,-0.1782851666212082,-0.09046993404626846,-0.4388841986656189,-0.1610666960477829,-0.055328067392110825,-0.3092310130596161,-0.12676550447940826
Right,Minor,0.0,0.0,0.0,-0.2119441032409668,-0.08989008516073227,-0.016089146956801414,-0.4193342924118042,-0.2735942602157593,-0.027856193482875824,-0.5692905187606812,-0.40198636054992676,-0.056367479264736176,-0.7147516012191772,-0.4730105996131897,-0.09014895558357239,-0.29134565591812134,-0.5622221827507019,0.04798033833503723,-0.45244818925857544,-0.6494730114936829,-0.025656843557953835,-0.5800531506538391,-0.6849997043609619,-0.08665851503610611,-0.6926270127296448,-0.7099648714065552,-0.12734906375408173,-0.18984545767307281,-0.6240960359573364,0.014032243750989437,-0.3577965497970581,-0.6388115882873535,-0.10668347030878067,-0.3242594003677368,-0.39657115936279297,-0.15354207158088684,-0.27111947536468506,-0.20574791729450226,-0.15531086921691895,-0.06977985799312592,-0.6615812182426453,-0.03104879893362522,-0.2512623965740204,-0.6290814280509949,-0.15499967336654663,-0.20420199632644653,-0.384440541267395,-0.14776913821697235,-0.13822047412395477,-0.20178434252738953,-0.10583489388227463,0.06796974688768387,-0.6766172051429749,-0.07734476774930954,-0.11191628873348236,-0.6594354510307312,-0.15882453322410583,-0.11236345022916794,-0.4751306474208832,-0.14137959480285645,-0.07081662863492966,-0.3289735019207001,-0.10572518408298492
Right,Minor,0.0,0.0,0.0,-0.1685977429151535,-0.07444677501916885,-0.051820605993270874,-0.3192257285118103,-0.2844725251197815,-0.0693093091249466,-0.3887171149253845,-0.48499271273612976,-0.09177294373512268,-0.4612981379032135,-0.6450371742248535,-0.11382421106100082,-0.3178004324436188,-0.506092369556427,0.012400594539940357,-0.3984527587890625,-0.6570148468017578,-0.059344809502363205,-0.4411189556121826,-0.7777328491210938,-0.10682728886604309,-0.4660595953464508,-0.874135434627533,-0.13665936887264252,-0.19090406596660614,-0.5725823044776917,-0.006653239950537682,-0.27129554748535156,-0.7018952965736389,-0.14004895091056824,-0.20959925651550293,-0.4677428603172302,-0.16993196308612823,-0.15183879435062408,-0.2828552722930908,-0.147332102060318,-0.04444447159767151,-0.5977254509925842,-0.039575088769197464,-0.11425018310546875,-0.6813307404518127,-0.18790234625339508,-0.06380965560674667,-0.43053531646728516,-0.16517293453216553,-0.022251933813095093,-0.24525627493858337,-0.10043790936470032,0.1108526661992073,-0.5880801677703857,-0.07494252920150757,0.04134339466691017,-0.666182279586792,-0.18163198232650757,0.04905780404806137,-0.47693946957588196,-0.16017955541610718,0.06652877479791641,-0.3244498372077942,-0.11289452761411667
Right,Minor,0.0,0.0,0.0,-0.2098400890827179,-0.08070686459541321,-0.017220357432961464,-0.413413405418396,-0.24326913058757782,-0.032382234930992126,-0.5644223690032959,-0.350810170173645,-0.0640789270401001,-0.7076254487037659,-0.40621066093444824,-0.10063271224498749,-0.29107511043548584,-0.5413872003555298,0.03543591871857643,-0.4543003439903259,-0.633491575717926,-0.037306271493434906,-0.5811245441436768,-0.6781089305877686,-0.09628507494926453,-0.6909404993057251,-0.7099587321281433,-0.1362343430519104,-0.1950504332780838,-0.6023098230361938,0.0010219875257462263,-0.362008661031723,-0.6079993844032288,-0.12035827338695526,-0.3224004805088043,-0.373956561088562,-0.1664680689573288,-0.26304540038108826,-0.19322343170642853,-0.16816526651382446,-0.08113857358694077,-0.6379746794700623,-0.04371904209256172,-0.2528536021709442,-0.5967801213264465,-0.16657555103302002,-0.20080684125423431,-0.3656176030635834,-0.16050252318382263,-0.13070063292980194,-0.19471322000026703,-0.1205495148897171,0.048913873732089996,-0.6504794359207153,-0.09002760797739029,-0.12127228081226349,-0.6319164633750916,-0.17022302746772766,-0.12001515179872513,-0.45737743377685547,-0.15434780716896057,-0.07701203972101212,-0.3182941973209381,-0.12082947790622711
Right,Minor,0.0,0.0,0.0,-0.2185002565383911,-0.010068491101264954,-0.019065409898757935,-0.44650164246559143,-0.12289765477180481,-0.027141813188791275,-0.6115760803222656,-0.22687819600105286,-0.052435219287872314,-0.7588120698928833,-0.25702017545700073,-0.08281617611646652,-0.36069193482398987,-0.4244405925273895,0.04916759207844734,-0.5272172689437866,-0.5217673182487488,-0.013754108920693398,-0.6649801135063171,-0.5762339234352112,-0.06451749056577682,-0.7840902209281921,-0.6120761036872864,-0.10278748720884323,-0.27135831117630005,-0.5056434869766235,0.013632203452289104,-0.4277159571647644,-0.5267376899719238,-0.11336354166269302,-0.35035422444343567,-0.32297465205192566,-0.1619008183479309,-0.2585696578025818,-0.1605350375175476,-0.16056151688098907,-0.1628846526145935,-0.5718411207199097,-0.032006699591875076,-0.3193308711051941,-0.5491702556610107,-0.16388066112995148,-0.2333528846502304,-0.3334540128707886,-0.1572711020708084,-0.13771052658557892,-0.1796252578496933,-0.1120506078004837,-0.03493518382310867,-0.6238583326339722,-0.07881612330675125,-0.1951674222946167,-0.6043549180030823,-0.16661089658737183,-0.1618843972682953,-0.4387080669403076,-0.1492081880569458,-0.0894370749592781,-0.3215697109699249,-0.11214686930179596
Right,Minor,0.0,0.0,0.0,-0.1797492951154709,-0.0686815083026886,-0.023567385971546173,-0.36482900381088257,-0.21515856683254242,-0.0488521009683609,-0.5008028745651245,-0.3066948652267456,-0.08709700405597687,-0.624293327331543,-0.3736117482185364,-0.1268928200006485,-0.25593796372413635,-0.5550212264060974,0.0025531549472361803,-0.367724746465683,-0.7244702577590942,-0.07442790269851685,-0.4669839143753052,-0.7851481437683105,-0.12987275421619415,-0.5618398189544678,-0.8108615279197693,-0.16382776200771332,-0.1605738401412964,-0.6067899465560913,-0.025770854204893112,-0.3261350393295288,-0.5500987768173218,-0.14197979867458344,-0.27918726205825806,-0.32351016998291016,-0.17691384255886078,-0.21892273426055908,-0.17497068643569946,-0.17386770248413086,-0.06197662651538849,-0.6216995120048523,-0.06399993598461151,-0.2294875979423523,-0.5172883868217468,-0.1751798391342163,-0.16797931492328644,-0.3009026050567627,-0.15761765837669373,-0.1058637797832489,-0.1646745502948761,-0.11584944278001785,0.04460073634982109,-0.604249119758606,-0.10569248348474503,-0.11178183555603027,-0.5435127019882202,-0.18093007802963257,-0.09244102984666824,-0.3732549548149109,-0.16141045093536377,-0.045804463326931,-0.26236703991889954,-0.12571993470191956
Right,Minor,0.0,0.0,0.0,-0.21220406889915466,-0.07529900968074799,-0.018198709934949875,-0.41987085342407227,-0.2241169810295105,-0.03760256618261337,-0.5705699324607849,-0.29924964904785156,-0.07137277722358704,-0.7127469182014465,-0.31034165620803833,-0.1111665815114975,-0.3112552762031555,-0.5217962265014648,0.01660444401204586,-0.4784739017486572,-0.6168975830078125,-0.04850788414478302,-0.591250479221344,-0.6704348921775818,-0.10118895024061203,-0.6866216063499451,-0.7136687636375427,-0.1386638879776001,-0.20617082715034485,-0.5877566933631897,-0.017544742673635483,-0.3443368375301361,-0.5677535533905029,-0.1357347071170807,-0.29164889454841614,-0.3457036018371582,-0.17861635982990265,-0.22731150686740875,-0.1773671805858612,-0.1796281337738037,-0.08487307280302048,-0.6174611449241638,-0.059498533606529236,-0.2252548784017563,-0.5637142658233643,-0.17505958676338196,-0.17205074429512024,-0.34437721967697144,-0.16614674031734467,-0.10883779078722,-0.18594734370708466,-0.12811465561389923,0.04952901601791382,-0.6175342798233032,-0.10293768346309662,-0.09130235761404037,-0.5898516774177551,-0.17704904079437256,-0.08419189602136612,-0.4169068932533264,-0.1578758955001831,-0.04206391051411629,-0.2863941490650177,-0.12433996796607971
Right,Minor,0.0,0.0,0.0,-0.231170654296875,-0.08666153997182846,-0.015434063039720058,-0.45046332478523254,-0.27995914220809937,-0.030365871265530586,-0.595173716545105,-0.42492008209228516,-0.06081399321556091,-0.7425686717033386,-0.5121865272521973,-0.09711587429046631,-0.3534304201602936,-0.6235431432723999,0.04413430392742157,-0.5287886261940002,-0.6601614356040955,-0.043637964874506,-0.6541910171508789,-0.6510507464408875,-0.11535485088825226,-0.7611556053161621,-0.6291221976280212,-0.15763075649738312,-0.23253963887691498,-0.7059968113899231,0.0076461960561573505,-0.41515952348709106,-0.6805188059806824,-0.11805401742458344,-0.3510820269584656,-0.41786518692970276,-0.16629526019096375,-0.27404940128326416,-0.21560820937156677,-0.1662200689315796,-0.09081766754388809,-0.744662880897522,-0.0405382439494133,-0.27111512422561646,-0.6601662039756775,-0.1699240803718567,-0.20298637449741364,-0.39635375142097473,-0.1598469465970993,-0.12402387708425522,-0.2086815983057022,-0.11415459215641022,0.06648657470941544,-0.7493158578872681,-0.08959636837244034,-0.1117507740855217,-0.6882386207580566,-0.17472468316555023,-0.10035596787929535,-0.4767952859401703,-0.15350525081157684,-0.05203181505203247,-0.3247857689857483,-0.11296803504228592
Right,Minor,0.0,0.0,0.0,-0.17615246772766113,-0.06505462527275085,-0.023599205538630486,-0.36343467235565186,-0.21568416059017181,-0.04109499976038933,-0.49431005120277405,-0.3068161904811859,-0.06873039156198502,-0.6144763231277466,-0.3547581434249878,-0.09920844435691833,-0.25740888714790344,-0.5166404247283936,0.0016777782002463937,-0.3981366455554962,-0.6594632863998413,-0.05643463134765625,-0.4961266815662384,-0.7414941787719727,-0.09690577536821365,-0.5815264582633972,-0.8037334084510803,-0.1258554458618164,-0.15839873254299164,-0.5702242851257324,-0.023762105032801628,-0.3045707941055298,-0.5320987105369568,-0.13542097806930542,-0.2600330114364624,-0.3109837472438812,-0.16731341183185577,-0.20057842135429382,-0.15566782653331757,-0.1607416570186615,-0.05233190208673477,-0.5877979397773743,-0.05682917684316635,-0.19812676310539246,-0.503965437412262,-0.16642838716506958,-0.1463150680065155,-0.3000505268573761,-0.153948113322258,-0.08804454654455185,-0.16016732156276703,-0.11445248126983643,0.062430184334516525,-0.5747653245925903,-0.09196929633617401,-0.07866498082876205,-0.530974805355072,-0.16614164412021637,-0.06836617738008499,-0.36995190382003784,-0.15075460076332092,-0.02931889519095421,-0.2547427713871002,-0.11866028606891632
Right,Minor,0.0,0.0,0.0,-0.20781496167182922,-0.08304225653409958,-0.020593415945768356,-0.4162764847278595,-0.26317068934440613,-0.03757813200354576,-0.5565372705459595,-0.3881301283836365,-0.06786046922206879,-0.6904720664024353,-0.4663808345794678,-0.10048804432153702,-0.3032991290092468,-0.5855286717414856,0.021729564294219017,-0.4578476548194885,-0.6971592307090759,-0.05872819200158119,-0.5715223550796509,-0.7224016189575195,-0.1197855994105339,-0.6718983054161072,-0.7240151762962341,-0.1560600847005844,-0.19103319942951202,-0.6481596827507019,-0.00892765074968338,-0.3456398546695709,-0.6197355389595032,-0.13089677691459656,-0.2930337190628052,-0.37142258882522583,-0.17239493131637573,-0.23099784553050995,-0.18915686011314392,-0.1702684462070465,-0.06708569079637527,-0.6798565983772278,-0.050704557448625565,-0.22742612659931183,-0.6031524538993835,-0.17085601389408112,-0.16900421679019928,-0.36380672454833984,-0.15862157940864563,-0.10307442396879196,-0.19440893828868866,-0.11561931669712067,0.07042531669139862,-0.6805416345596313,-0.09464207291603088,-0.08642558753490448,-0.6346942186355591,-0.1735846996307373,-0.07780966907739639,-0.4456685185432434,-0.15526306629180908,-0.035451240837574005,-0.30846941471099854,-0.11930900067090988
Right,Minor,0.0,0.0,0.0,-0.22321593761444092,-0.09591219574213028,-0.017841309309005737,-0.44270139932632446,-0.2883087694644928,-0.03628004342317581,-0.5878641605377197,-0.43618160486221313,-0.07073676586151123,-0.734150767326355,-0.5374220013618469,-0.1106114313006401,-0.33360394835472107,-0.629971444606781,0.037565045058727264,-0.49860647320747375,-0.6920061111450195,-0.05953516438603401,-0.6270688772201538,-0.6774824261665344,-0.13925905525684357,-0.7397304773330688,-0.6467735171318054,-0.18569530546665192,-0.21340909600257874,-0.7034287452697754,0.0008922393899410963,-0.3959495723247528,-0.6783835887908936,-0.12718462944030762,-0.3447367250919342,-0.41037750244140625,-0.17776352167129517,-0.27767089009284973,-0.20655591785907745,-0.18144628405570984,-0.07464437931776047,-0.7371237277984619,-0.04854752868413925,-0.2646743655204773,-0.6603408455848694,-0.17755937576293945,-0.20144984126091003,-0.3924054503440857,-0.16547256708145142,-0.12624242901802063,-0.2003696709871292,-0.12053117901086807,0.08023440837860107,-0.7363440990447998,-0.09978899359703064,-0.10416919738054276,-0.6793803572654724,-0.1866966187953949,-0.09010104835033417,-0.4703233540058136,-0.1653314083814621,-0.03614575415849686,-0.3212050497531891,-0.12532292306423187
Right,Minor,0.0,0.0,0.0,-0.22795166075229645,-0.089523546397686,-0.01622171513736248,-0.44836264848709106,-0.2806089520454407,-0.03224269300699234,-0.5947895050048828,-0.4275332987308502,-0.06452909111976624,-0.7395220398902893,-0.5294097661972046,-0.10259104520082474,-0.3436320126056671,-0.6069113612174988,0.03955966234207153,-0.5051653981208801,-0.669846773147583,-0.05515255779027939,-0.634119987487793,-0.6633824110031128,-0.13214144110679626,-0.7470235228538513,-0.6408488154411316,-0.17682938277721405,-0.2254294604063034,-0.6819563508033752,0.0025102784857153893,-0.40538814663887024,-0.6743345260620117,-0.12621726095676422,-0.34768545627593994,-0.40908247232437134,-0.176620215177536,-0.2744179666042328,-0.2056008130311966,-0.17841096222400665,-0.08485525846481323,-0.7214140892028809,-0.04663008078932762,-0.2702212333679199,-0.6598203182220459,-0.177171990275383,-0.20375365018844604,-0.3921349346637726,-0.16617244482040405,-0.12407682836055756,-0.20208662748336792,-0.1202298030257225,0.0722731277346611,-0.7296092510223389,-0.09695404022932053,-0.11045858263969421,-0.6864221096038818,-0.18330296874046326,-0.09617934376001358,-0.4767344295978546,-0.16125433146953583,-0.040033601224422455,-0.3277326822280884,-0.12027552723884583
Right,Minor,0.0,0.0,0.0,-0.20382730662822723,-0.07212506979703903,-0.02365821786224842,-0.41440755128860474,-0.25025469064712524,-0.03877070173621178,-0.5547299981117249,-0.373077392578125,-0.06619665771722794,-0.6848626732826233,-0.44289612770080566,-0.0959995836019516,-0.30715954303741455,-0.5577906370162964,0.018516598269343376,-0.46222245693206787,-0.681910514831543,-0.05396585911512375,-0.5723517537117004,-0.7204137444496155,-0.10814714431762695,-0.6663609743118286,-0.7322127223014832,-0.14081016182899475,-0.19505730271339417,-0.6213897466659546,-0.00949766393750906,-0.32761892676353455,-0.5949326157569885,-0.1289006918668747,-0.2722778022289276,-0.3573780953884125,-0.16939899325370789,-0.21082888543605804,-0.18140558898448944,-0.16576260328292847,-0.07065864652395248,-0.6485645174980164,-0.047657791525125504,-0.20572316646575928,-0.5802084803581238,-0.16543950140476227,-0.15078294277191162,-0.3511504828929901,-0.15561938285827637,-0.09008549153804779,-0.1880209743976593,-0.11406556516885757,0.06596392393112183,-0.6450375914573669,-0.08766700327396393,-0.07205542176961899,-0.6132831573486328,-0.16524368524551392,-0.06373149901628494,-0.43244150280952454,-0.1477975845336914,-0.02300233766436577,-0.3000744879245758,-0.11231683194637299
Right,Minor,0.0,0.0,0.0,-0.19574570655822754,-0.07408690452575684,-0.013944662176072598,-0.39779362082481384,-0.24561282992362976,-0.030722202733159065,-0.5473353266716003,-0.357672780752182,-0.06422628462314606,-0.6940761208534241,-0.4171414077281952,-0.10209129750728607,-0.2731945812702179,-0.5699824690818787,0.03195648267865181,-0.42921167612075806,-0.6771690845489502,-0.05199884995818138,-0.5610569715499878,-0.7070232033729553,-0.11761512607336044,-0.6791440844535828,-0.7165285348892212,-0.15921719372272491,-0.1820991188287735,-0.6269786953926086,-0.0046501862816512585,-0.37098848819732666,-0.613366961479187,-0.1301344931125641,-0.3303956091403961,-0.363686203956604,-0.1748867928981781,-0.26695752143859863,-0.18345579504966736,-0.17527300119400024,-0.07811979204416275,-0.659562349319458,-0.05240081623196602,-0.2814348638057709,-0.5924017429351807,-0.1783483475446701,-0.21916276216506958,-0.3454727828502655,-0.16644710302352905,-0.1410997360944748,-0.17441529035568237,-0.12238956987857819,0.040172651410102844,-0.6635971665382385,-0.10194975137710571,-0.1501074880361557,-0.616919219493866,-0.1889539211988449,-0.13553720712661743,-0.42524394392967224,-0.1721828430891037,-0.08158844709396362,-0.2843192517757416,-0.13607051968574524
Right,Minor,0.0,0.0,0.0,-0.20776252448558807,-0.040920719504356384,-0.01877245493233204,-0.42783278226852417,-0.2012016773223877,-0.025088461115956306,-0.5809789896011353,-0.33304283022880554,-0.04669126495718956,-0.7222635746002197,-0.4017282724380493,-0.07287014275789261,-0.31443557143211365,-0.4765363335609436,0.041727352887392044,-0.4744696021080017,-0.5909198522567749,-0.02380617894232273,-0.6118627786636353,-0.6445750594139099,-0.07619167864322662,-0.7305560111999512,-0.6733257174491882,-0.11366767436265945,-0.22308441996574402,-0.5465431809425354,0.009609493426978588,-0.3901246190071106,-0.5807145237922668,-0.1074753999710083,-0.34783852100372314,-0.3621072471141815,-0.1512448936700821,-0.28303760290145874,-0.18310347199440002,-0.15140925347805023,-0.11190145462751389,-0.6008829474449158,-0.03288274258375168,-0.291303426027298,-0.5916852355003357,-0.15709570050239563,-0.2246474176645279,-0.3620378375053406,-0.14936429262161255,-0.14097318053245544,-0.19149966537952423,-0.1075771152973175,0.018408840522170067,-0.6429592370986938,-0.07635292410850525,-0.1585136502981186,-0.6298310160636902,-0.16251413524150848,-0.1384897381067276,-0.456239253282547,-0.14663147926330566,-0.07434733957052231,-0.32661470770835876,-0.11225679516792297
Right,Minor,0.0,0.0,0.0,-0.18253092467784882,-0.13250850141048431,-0.015548664145171642,-0.3426817059516907,-0.3355731964111328,-0.04558476805686951,-0.46806564927101135,-0.4581250548362732,-0.08841891586780548,-0.6109816431999207,-0.5333399176597595,-0.13381147384643555,-0.14722318947315216,-0.6941639184951782,0.014769861474633217,-0.32820430397987366,-0.7557184100151062,-0.06924636662006378,-0.455025315284729,-0.7809076309204102,-0.14170515537261963,-0.5680288076400757,-0.8007692098617554,-0.190031498670578,-0.045228127390146255,-0.7300832867622375,-0.02292770892381668,-0.2804780900478363,-0.6638142466545105,-0.13187600672245026,-0.265438973903656,-0.40750834345817566,-0.17455272376537323,-0.22060208022594452,-0.2388194352388382,-0.18148450553417206,0.05126562342047691,-0.6997692584991455,-0.0700312927365303,-0.1969269961118698,-0.5881388187408447,-0.17558129131793976,-0.1628638058900833,-0.3389352560043335,-0.16198666393756866,-0.11355172842741013,-0.17970536649227142,-0.12708759307861328,0.13834109902381897,-0.6185815930366516,-0.12092922627925873,-0.07030654698610306,-0.5390700101852417,-0.19949816167354584,-0.06625683605670929,-0.3585148751735687,-0.18641909956932068,-0.026832763105630875,-0.2402191013097763,-0.15682703256607056
Right,Minor,0.0,0.0,0.0,-0.21144652366638184,-0.09571029245853424,-0.007439300883561373,-0.4227563142776489,-0.29684969782829285,-0.01671578548848629,-0.5615239143371582,-0.4447648227214813,-0.0430724211037159,-0.6971204280853271,-0.5460984110832214,-0.07586678117513657,-0.30904605984687805,-0.6145811080932617,0.04781302437186241,-0.4745164215564728,-0.6824318766593933,-0.038985516875982285,-0.6068440675735474,-0.6854014992713928,-0.11132802069187164,-0.7211049199104309,-0.6751399636268616,-0.15554358065128326,-0.1989831179380417,-0.683773934841156,0.008324101567268372,-0.3892146348953247,-0.6840978264808655,-0.11268503218889236,-0.3526974618434906,-0.42950984835624695,-0.16075840592384338,-0.2932772636413574,-0.2268153429031372,-0.16365833580493927,-0.06977773457765579,-0.7198449373245239,-0.04268411546945572,-0.2740679383277893,-0.6604586839675903,-0.16934522986412048,-0.21437965333461761,-0.3927256464958191,-0.15995562076568604,-0.13803188502788544,-0.19809743762016296,-0.11698230355978012,0.07506874203681946,-0.7223407626152039,-0.09438174962997437,-0.12729527056217194,-0.6738091707229614,-0.1861712485551834,-0.10960010439157486,-0.46106091141700745,-0.16938689351081848,-0.049016714096069336,-0.3070184886455536,-0.13215364515781403
Right,Minor,0.0,0.0,0.0,-0.1876351535320282,-0.07323920726776123,-0.01679210551083088,-0.38774338364601135,-0.2571822702884674,-0.03290636092424393,-0.5237879753112793,-0.38636165857315063,-0.0633031576871872,-0.6536189913749695,-0.469497412443161,-0.09635763615369797,-0.26113030314445496,-0.5810701847076416,0.023019302636384964,-0.4101630747318268,-0.7038101553916931,-0.06098039448261261,-0.5331563353538513,-0.7401377558708191,-0.12681853771209717,-0.6448532342910767,-0.745866060256958,-0.166877880692482,-0.16409219801425934,-0.6318018436431885,-0.009502477943897247,-0.34319019317626953,-0.6121641993522644,-0.13129469752311707,-0.3069670498371124,-0.36598512530326843,-0.173711359500885,-0.2520531415939331,-0.18235546350479126,-0.17303025722503662,-0.0577528141438961,-0.6541839838027954,-0.05287858843803406,-0.252301424741745,-0.5874130725860596,-0.1738055795431137,-0.19482262432575226,-0.3439076244831085,-0.15967054665088654,-0.12601333856582642,-0.16991637647151947,-0.11524765193462372,0.05943771079182625,-0.6446720361709595,-0.09857016056776047,-0.12130528688430786,-0.6015803217887878,-0.18443742394447327,-0.10216917842626572,-0.4191175401210785,-0.16734886169433594,-0.04775289446115494,-0.28475967049598694,-0.13057363033294678
Right,Minor,0.0,0.0,0.0,-0.1978480964899063,-0.07547705620527267,-0.012037917971611023,-0.40616440773010254,-0.23692356050014496,-0.03177032247185707,-0.5579240322113037,-0.3309302031993866,-0.06800651550292969,-0.7022360563278198,-0.3773394227027893,-0.1078105941414833,-0.2800242602825165,-0.574248194694519,0.022854937240481377,-0.43607863783836365,-0.6983547806739807,-0.061984941363334656,-0.5614261031150818,-0.7238143086433411,-0.12803536653518677,-0.6743772625923157,-0.7190170288085938,-0.1680174171924591,-0.18424063920974731,-0.6282716393470764,-0.013225684873759747,-0.3669278919696808,-0.5997552871704102,-0.1354842483997345,-0.31779345870018005,-0.3514278829097748,-0.17931601405143738,-0.25339919328689575,-0.17475460469722748,-0.1806352436542511,-0.07862857729196548,-0.6554535627365112,-0.05945920571684837,-0.2710385024547577,-0.573372483253479,-0.1770244538784027,-0.20401746034622192,-0.33481165766716003,-0.16474786400794983,-0.13140340149402618,-0.16995230317115784,-0.12364511936903,0.038246508687734604,-0.6508833765983582,-0.10774430632591248,-0.14039967954158783,-0.6008661389350891,-0.1870131492614746,-0.12104736268520355,-0.420342355966568,-0.16856251657009125,-0.0682862251996994,-0.2879260182380676,-0.13295333087444305
Right,Minor,0.0,0.0,0.0,-0.18653690814971924,-0.06694700568914413,-0.020425233989953995,-0.3821166753768921,-0.22891859710216522,-0.03276050090789795,-0.5257112979888916,-0.3382716476917267,-0.05946126952767372,-0.6605387330055237,-0.3926055431365967,-0.09059104323387146,-0.28131386637687683,-0.5092833042144775,0.027005741372704506,-0.43624916672706604,-0.6290009021759033,-0.04104223474860191,-0.5580076575279236,-0.690704345703125,-0.0933123528957367,-0.6640583872795105,-0.7363254427909851,-0.12981244921684265,-0.19100432097911835,-0.5672669410705566,-0.004089690279215574,-0.35516250133514404,-0.5799713134765625,-0.1223842203617096,-0.3173098564147949,-0.3561076521873474,-0.1630895882844925,-0.26245883107185364,-0.18833209574222565,-0.16128207743167877,-0.0852726548910141,-0.6030443906784058,-0.04529431089758873,-0.25584912300109863,-0.5620067715644836,-0.1663135588169098,-0.20040617883205414,-0.3343488872051239,-0.15586122870445251,-0.13275955617427826,-0.17530587315559387,-0.11330356448888779,0.035174302756786346,-0.616966724395752,-0.08844078332185745,-0.12869931757450104,-0.5906597971916199,-0.16982118785381317,-0.11619722843170166,-0.41801390051841736,-0.15340392291545868,-0.06738253682851791,-0.29265138506889343,-0.11922048777341843
Right,Minor,0.0,0.0,0.0,-0.21833854913711548,-0.04319676011800766,-0.014709324575960636,-0.44528380036354065,-0.1883017122745514,-0.027681315317749977,-0.6081606149673462,-0.3075384199619293,-0.05846525356173515,-0.7639629244804382,-0.3651575446128845,-0.0949038490653038,-0.35072049498558044,-0.5109830498695374,0.04793357849121094,-0.5202010869979858,-0.5910542011260986,-0.027755137532949448,-0.6621776223182678,-0.6066730618476868,-0.08935695886611938,-0.7851929068565369,-0.6053874492645264,-0.13030070066452026,-0.2569698393344879,-0.5893495678901672,0.012032592669129372,-0.436332106590271,-0.5905750393867493,-0.11298231035470963,-0.37855786085128784,-0.35202980041503906,-0.16174541413784027,-0.30191585421562195,-0.16059447824954987,-0.16344612836837769,-0.14254119992256165,-0.6513937711715698,-0.034890539944171906,-0.3301326036453247,-0.5992825031280518,-0.16408643126487732,-0.25277629494667053,-0.3637896776199341,-0.15932650864124298,-0.16108208894729614,-0.18744054436683655,-0.11813139170408249,-0.005564820487052202,-0.699571430683136,-0.08247925341129303,-0.19064298272132874,-0.6641783714294434,-0.17083819210529327,-0.16779088973999023,-0.47773733735084534,-0.15564043819904327,-0.10419072210788727,-0.33382606506347656,-0.12058920413255692
Right,Minor,0.0,0.0,0.0,-0.16353310644626617,-0.17083047330379486,-0.014671235345304012,-0.29459935426712036,-0.3804674446582794,-0.052343085408210754,-0.4112161695957184,-0.4994505047798157,-0.10136304795742035,-0.5343477725982666,-0.6003066301345825,-0.15098711848258972,-0.04027317836880684,-0.6987769603729248,-0.00887736864387989,-0.22884216904640198,-0.7821410894393921,-0.09739748388528824,-0.35434702038764954,-0.8227503299713135,-0.17203745245933533,-0.46467354893684387,-0.8570610284805298,-0.22254213690757751,0.053508203476667404,-0.6980737447738647,-0.04766644909977913,-0.2143147885799408,-0.6522423028945923,-0.14995472133159637,-0.21413131058216095,-0.4087861180305481,-0.18856272101402283,-0.17747589945793152,-0.25714752078056335,-0.1995716392993927,0.1254340261220932,-0.6299332976341248,-0.0949464738368988,-0.15486140549182892,-0.5475176572799683,-0.1860790103673935,-0.1395496129989624,-0.31719765067100525,-0.16993805766105652,-0.10358729213476181,-0.17562192678451538,-0.1425580531358719,0.17777752876281738,-0.5154315829277039,-0.14722494781017303,-0.047596197575330734,-0.4761422872543335,-0.2207060605287552,-0.06910346448421478,-0.31879565119743347,-0.21270638704299927,-0.05331955850124359,-0.20929351449012756,-0.190958634018898
Right,Minor,0.0,0.0,0.0,-0.22415614128112793,-0.04894401505589485,-0.020450269803404808,-0.44136250019073486,-0.21107976138591766,-0.013325738720595837,-0.572611391544342,-0.3848250210285187,-0.02421184442937374,-0.6939818859100342,-0.5045791268348694,-0.03971961513161659,-0.3443293869495392,-0.4441606104373932,0.08506160229444504,-0.48144593834877014,-0.5622427463531494,0.037556931376457214,-0.5985817909240723,-0.646060585975647,-0.006676653865724802,-0.7028332948684692,-0.7100932002067566,-0.04234469681978226,-0.24468933045864105,-0.5263382792472839,0.052246540784835815,-0.38842886686325073,-0.6009716391563416,-0.058171581476926804,-0.3422362506389618,-0.41493523120880127,-0.10956872254610062,-0.2776871621608734,-0.2352481484413147,-0.11199527978897095,-0.11976434290409088,-0.5864238739013672,0.0069472105242311954,-0.26573675870895386,-0.6296159625053406,-0.12050282210111618,-0.20650750398635864,-0.41149282455444336,-0.12195896357297897,-0.13128474354743958,-0.22932805120944977,-0.08039005100727081,0.029743283987045288,-0.6307798624038696,-0.03925557807087898,-0.12407498806715012,-0.6780072450637817,-0.12820282578468323,-0.11264821887016296,-0.5088232159614563,-0.1141660064458847,-0.058087725192308426,-0.35742032527923584,-0.07833593338727951
Right,Minor,0.0,0.0,0.0,-0.20061561465263367,-0.081365205347538,-0.016162335872650146,-0.4108363389968872,-0.25520333647727966,-0.027706002816557884,-0.5484334826469421,-0.37678274512290955,-0.052776120603084564,-0.6837124824523926,-0.43125078082084656,-0.08350816369056702,-0.30680084228515625,-0.5304029583930969,0.022199995815753937,-0.46479588747024536,-0.6262898445129395,-0.04294821619987488,-0.5829751491546631,-0.6775932312011719,-0.0954267606139183,-0.6868479251861572,-0.714733362197876,-0.13189446926116943,-0.19745038449764252,-0.5957228541374207,-0.009160014800727367,-0.34248337149620056,-0.5775889754295349,-0.12356693297624588,-0.29357168078422546,-0.3489314913749695,-0.16186055541038513,-0.2341204583644867,-0.1695140302181244,-0.16036146879196167,-0.07474739849567413,-0.6295817494392395,-0.049289826303720474,-0.22587427496910095,-0.5750191807746887,-0.1608961820602417,-0.17363041639328003,-0.3532809913158417,-0.1480208784341812,-0.1105654165148735,-0.18572202324867249,-0.10822741687297821,0.0608854740858078,-0.6358050107955933,-0.09111161530017853,-0.09108243137598038,-0.6079378128051758,-0.16465219855308533,-0.08538544178009033,-0.43235763907432556,-0.14598388969898224,-0.042980145663022995,-0.2993311583995819,-0.11267803609371185
Right,Minor,0.0,0.0,0.0,-0.17215578258037567,-0.07302990555763245,-0.019429849460721016,-0.3490407168865204,-0.22960154712200165,-0.03763910010457039,-0.47455117106437683,-0.33028027415275574,-0.06855310499668121,-0.5894134044647217,-0.39791953563690186,-0.10233983397483826,-0.23481446504592896,-0.5252512693405151,0.0030939034186303616,-0.35617271065711975,-0.6956979036331177,-0.06654313206672668,-0.4598328471183777,-0.7722989320755005,-0.11578719317913055,-0.5555208325386047,-0.8183475732803345,-0.14732223749160767,-0.14193491637706757,-0.568327784538269,-0.025032028555870056,-0.299756795167923,-0.5484088063240051,-0.13839715719223022,-0.2624732553958893,-0.32909560203552246,-0.17225122451782227,-0.20704105496406555,-0.1749022752046585,-0.16787579655647278,-0.041486065834760666,-0.5831871628761292,-0.06148194521665573,-0.19933129847049713,-0.5193242430686951,-0.17060929536819458,-0.15011145174503326,-0.3089444935321808,-0.15515728294849396,-0.09353628009557724,-0.16571259498596191,-0.11428830772638321,0.06896486133337021,-0.5709850192070007,-0.10036568343639374,-0.07767714560031891,-0.5373690724372864,-0.17294660210609436,-0.06918295472860336,-0.37621837854385376,-0.15441666543483734,-0.028211558237671852,-0.2613268494606018,-0.12004786729812622
Right,Minor,0.0,0.0,0.0,-0.20063237845897675,-0.08127598464488983,-0.01312030479311943,-0.4043556749820709,-0.26000818610191345,-0.022706640884280205,-0.5446723699569702,-0.382135272026062,-0.04835110902786255,-0.6812929511070251,-0.4498147666454315,-0.07940316200256348,-0.2902471423149109,-0.5350767970085144,0.035881683230400085,-0.45430484414100647,-0.63582444190979,-0.03748714178800583,-0.5831614136695862,-0.6802192330360413,-0.09709931164979935,-0.6950615644454956,-0.7058253288269043,-0.13674812018871307,-0.18862423300743103,-0.5928670167922974,0.0006363540305756032,-0.3468702733516693,-0.5923663973808289,-0.11805371940135956,-0.30249664187431335,-0.3627692461013794,-0.16178534924983978,-0.24280451238155365,-0.1872090995311737,-0.1629631370306015,-0.07229321449995041,-0.6272825598716736,-0.04471968859434128,-0.24071939289569855,-0.5867956876754761,-0.16266275942325592,-0.1824515014886856,-0.35644224286079407,-0.1508667767047882,-0.11128976941108704,-0.18892107903957367,-0.10913898795843124,0.058626361191272736,-0.6384228467941284,-0.09166597574949265,-0.10788939148187637,-0.6221402883529663,-0.17070698738098145,-0.09391029924154282,-0.44512826204299927,-0.15119898319244385,-0.04103025048971176,-0.3123994469642639,-0.11541497707366943
Right,Minor,0.0,0.0,0.0,-0.19161434471607208,-0.09734226018190384,-0.01389517355710268,-0.3693769872188568,-0.2785731852054596,-0.04117593914270401,-0.5044011473655701,-0.3892419934272766,-0.0820675641298294,-0.6510881781578064,-0.4620377719402313,-0.12480861693620682,-0.2019059658050537,-0.6710765361785889,0.020599035546183586,-0.3799257278442383,-0.7333986759185791,-0.061996664851903915,-0.5059247016906738,-0.7540886402130127,-0.1331654191017151,-0.6142526865005493,-0.7682195901870728,-0.1803671419620514,-0.10643386840820312,-0.7213854193687439,-0.0164021048694849,-0.33545517921447754,-0.6114473342895508,-0.12916633486747742,-0.29771938920021057,-0.35298940539360046,-0.17499379813671112,-0.2376278042793274,-0.1846461147069931,-0.18268276751041412,-0.010893399827182293,-0.7103487849235535,-0.062685526907444,-0.25174733996391296,-0.5563005208969116,-0.16973444819450378,-0.1944834589958191,-0.3094360828399658,-0.15778015553951263,-0.1298152357339859,-0.1513294279575348,-0.1229533702135086,0.08108101785182953,-0.6478620767593384,-0.11274334043264389,-0.12605993449687958,-0.5450423359870911,-0.19200707972049713,-0.10982917249202728,-0.36123377084732056,-0.179416224360466,-0.06182078272104263,-0.23792965710163116,-0.14920097589492798
Right,Minor,0.0,0.0,0.0,-0.17548768222332,-0.06672026962041855,-0.016513805836439133,-0.361026406288147,-0.22553235292434692,-0.035390812903642654,-0.49716153740882874,-0.32910674810409546,-0.06870599091053009,-0.6262811422348022,-0.3960622549057007,-0.1045173779129982,-0.2520257830619812,-0.5584022998809814,0.017351528629660606,-0.40333685278892517,-0.6867732405662537,-0.060320574790239334,-0.5224140286445618,-0.736502468585968,-0.11925879120826721,-0.6281136274337769,-0.7621472477912903,-0.15685950219631195,-0.16283538937568665,-0.6116475462913513,-0.015421791933476925,-0.3363119959831238,-0.5615233778953552,-0.1330467164516449,-0.2964450418949127,-0.3238780200481415,-0.17122335731983185,-0.23873966932296753,-0.1629869043827057,-0.16996750235557556,-0.06742985546588898,-0.6303186416625977,-0.05818130448460579,-0.24991106986999512,-0.5340880155563354,-0.17255151271820068,-0.19067424535751343,-0.31010133028030396,-0.15572528541088104,-0.12321733683347702,-0.16458483040332794,-0.11292895674705505,0.03756961598992348,-0.6153087615966797,-0.10372799634933472,-0.1351899802684784,-0.5611136555671692,-0.18051423132419586,-0.11763045936822891,-0.39007964730262756,-0.16012686491012573,-0.06567415595054626,-0.27393752336502075,-0.12376824766397476
Right,Minor,0.0,0.0,0.0,-0.22088822722434998,-0.03735790029168129,-0.02258889749646187,-0.45473378896713257,-0.1886184811592102,-0.03076804056763649,-0.607535719871521,-0.33339571952819824,-0.05409939959645271,-0.7484264373779297,-0.4295267164707184,-0.08166012912988663,-0.37087351083755493,-0.4892998933792114,0.04897278547286987,-0.5235260128974915,-0.5814051032066345,-0.026112942025065422,-0.6593904495239258,-0.6072188019752502,-0.08490089327096939,-0.7814045548439026,-0.6115594506263733,-0.12410487979650497,-0.2677741050720215,-0.5742712020874023,0.014434901997447014,-0.43533891439437866,-0.6101799607276917,-0.1126878410577774,-0.3661908507347107,-0.37568849325180054,-0.15923412144184113,-0.2831375002861023,-0.18569476902484894,-0.15636621415615082,-0.1412619799375534,-0.6384835839271545,-0.03263365104794502,-0.3109336495399475,-0.620580792427063,-0.1709834337234497,-0.22877593338489532,-0.38258567452430725,-0.1623743772506714,-0.13732434809207916,-0.20623119175434113,-0.11427512019872665,0.006989187095314264,-0.6863675117492676,-0.08033498376607895,-0.17101453244686127,-0.6782821416854858,-0.1750601977109909,-0.14572623372077942,-0.4836808443069458,-0.15531262755393982,-0.08234131336212158,-0.3355219066143036,-0.1148630678653717
Right,Minor,0.0,0.0,0.0,-0.17969061434268951,-0.06535457819700241,-0.021733583882451057,-0.3773415982723236,-0.23552413284778595,-0.036021407693624496,-0.5197390913963318,-0.35104209184646606,-0.06402813643217087,-0.6538497805595398,-0.4141726791858673,-0.09605064988136292,-0.267352432012558,-0.5407904386520386,0.023855771869421005,-0.41650068759918213,-0.6586886048316956,-0.05007443577051163,-0.5382117033004761,-0.7130464911460876,-0.10695534944534302,-0.6460999250411987,-0.7493717670440674,-0.14490336179733276,-0.17700621485710144,-0.5994147658348083,-0.006557302549481392,-0.35383087396621704,-0.5914171934127808,-0.12772011756896973,-0.31099626421928406,-0.35502275824546814,-0.16838158667087555,-0.24835669994354248,-0.18144512176513672,-0.1656377911567688,-0.0732773169875145,-0.6316380500793457,-0.04763315990567207,-0.2538052201271057,-0.5673338770866394,-0.1695825457572937,-0.19423656165599823,-0.3333120048046112,-0.1578228622674942,-0.12362334877252579,-0.1705692708492279,-0.11405735462903976,0.042658306658267975,-0.6371840238571167,-0.09099513292312622,-0.13103856146335602,-0.6000356674194336,-0.17415377497673035,-0.11257427930831909,-0.42181655764579773,-0.157148540019989,-0.05870309844613075,-0.2934950292110443,-0.12125328928232193
Right,Minor,0.0,0.0,0.0,-0.20867453515529633,-0.07661997526884079,-0.014831909909844398,-0.4244568645954132,-0.27834802865982056,-0.02391883172094822,-0.5672022700309753,-0.43045714497566223,-0.04903854429721832,-0.7100356221199036,-0.5272679924964905,-0.08037284761667252,-0.32834526896476746,-0.6057547330856323,0.049543339759111404,-0.48986175656318665,-0.6663776636123657,-0.034469474107027054,-0.621058464050293,-0.668512225151062,-0.10395170748233795,-0.7365595698356628,-0.6600943207740784,-0.1474970281124115,-0.21812881529331207,-0.6843852996826172,0.012827412225306034,-0.4094586670398712,-0.6757405400276184,-0.10470790416002274,-0.3727611005306244,-0.41580551862716675,-0.14996278285980225,-0.31447115540504456,-0.2154492884874344,-0.1513195037841797,-0.0864599421620369,-0.72346031665802,-0.036541648209095,-0.29113107919692993,-0.6578453779220581,-0.16355715692043304,-0.23058253526687622,-0.38862884044647217,-0.15322330594062805,-0.15439967811107635,-0.19662372767925262,-0.10925354063510895,0.0629790723323822,-0.7289456129074097,-0.08715736120939255,-0.1356716752052307,-0.6735422015190125,-0.17879058420658112,-0.12012302875518799,-0.4639298617839813,-0.16206185519695282,-0.062102362513542175,-0.3131921589374542,-0.12505610287189484
Right,Minor,0.0,0.0,0.0,-0.19632381200790405,-0.06275546550750732,-0.0222594253718853,-0.40376123785972595,-0.2255188673734665,-0.033588770776987076,-0.5469825863838196,-0.3398085832595825,-0.05682200938463211,-0.6743454933166504,-0.3972758948802948,-0.08260069787502289,-0.2966283857822418,-0.5061243176460266,0.016913888975977898,-0.4562585651874542,-0.6333451271057129,-0.04970615729689598,-0.5747223496437073,-0.6902297139167786,-0.09832242876291275,-0.6756196618080139,-0.7255203723907471,-0.13098932802677155,-0.19705738127231598,-0.5663089156150818,-0.011268646456301212,-0.3423213064670563,-0.574939489364624,-0.13081075251102448,-0.2931428849697113,-0.3464398682117462,-0.1682526022195816,-0.2305639237165451,-0.17630721628665924,-0.16272957623004913,-0.08387666195631027,-0.6024101376533508,-0.048888009041547775,-0.23261815309524536,-0.5691114068031311,-0.16859476268291473,-0.17690244317054749,-0.3448532819747925,-0.15732884407043457,-0.10881323367357254,-0.18824820220470428,-0.11428613215684891,0.044917307794094086,-0.6178210973739624,-0.08810969442129135,-0.10447029769420624,-0.5986074805259705,-0.16730661690235138,-0.09567436575889587,-0.4270656406879425,-0.15118518471717834,-0.05082825943827629,-0.30501461029052734,-0.11746466904878616
Right,Minor,0.0,0.0,0.0,-0.21389126777648926,-0.036890096962451935,-0.026414498686790466,-0.43329185247421265,-0.18570584058761597,-0.035002510994672775,-0.5868172645568848,-0.32240530848503113,-0.057580191642045975,-0.7269883751869202,-0.39230263233184814,-0.08291704207658768,-0.3453483581542969,-0.46657049655914307,0.04410766810178757,-0.49977776408195496,-0.58083176612854,-0.020344549790024757,-0.6279127597808838,-0.6328883767127991,-0.07022430002689362,-0.7388771176338196,-0.6655393242835999,-0.10544190555810928,-0.24827824532985687,-0.5471253395080566,0.014568799175322056,-0.3924603760242462,-0.5786168575286865,-0.10596606135368347,-0.33100977540016174,-0.36362171173095703,-0.15006649494171143,-0.25516051054000854,-0.19021426141262054,-0.14706970751285553,-0.1291951835155487,-0.606092095375061,-0.026577120646834373,-0.2711091637611389,-0.589346706867218,-0.15474078059196472,-0.20061595737934113,-0.365642249584198,-0.14835692942142487,-0.12000088393688202,-0.20286715030670166,-0.10426389425992966,0.011921272613108158,-0.6487888693809509,-0.0690702423453331,-0.1412806361913681,-0.6494618058204651,-0.15284186601638794,-0.12189153581857681,-0.47182497382164,-0.1343289464712143,-0.06446109712123871,-0.33959120512008667,-0.09714130312204361
Right,Minor,0.0,0.0,0.0,-0.16553205251693726,-0.07877973467111588,-0.022002164274454117,-0.33743616938591003,-0.2513130009174347,-0.04139860346913338,-0.4631807208061218,-0.36609989404678345,-0.07262264937162399,-0.5887173414230347,-0.4339578151702881,-0.10709816962480545,-0.22264397144317627,-0.5666382908821106,0.010544713586568832,-0.36096489429473877,-0.6910970211029053,-0.054903216660022736,-0.46293866634368896,-0.7618239521980286,-0.10771017521619797,-0.554129958152771,-0.8195664286613464,-0.14577704668045044,-0.12955257296562195,-0.6187617182731628,-0.017462490126490593,-0.2950526177883148,-0.5671734809875488,-0.1259784698486328,-0.266141414642334,-0.33603763580322266,-0.16175058484077454,-0.21979881823062897,-0.17674028873443604,-0.16156384348869324,-0.03204731270670891,-0.6262138485908508,-0.054218146950006485,-0.20783808827400208,-0.5351324677467346,-0.16036614775657654,-0.16012431681156158,-0.31389105319976807,-0.14501620829105377,-0.10464830696582794,-0.1643734723329544,-0.10652365535497665,0.07131696492433548,-0.596524715423584,-0.09441974759101868,-0.09051080793142319,-0.5384536385536194,-0.171042338013649,-0.07868742197751999,-0.3757619261741638,-0.15643879771232605,-0.03526799753308296,-0.2629205584526062,-0.12547703087329865
Right,Minor,0.0,0.0,0.0,-0.17860880494117737,-0.15105095505714417,-0.030843006446957588,-0.3327657878398895,-0.34798529744148254,-0.07676496356725693,-0.46616047620773315,-0.45462465286254883,-0.13053971529006958,-0.6023983955383301,-0.5395822525024414,-0.18364086747169495,-0.11102220416069031,-0.7248368263244629,-0.02772524580359459,-0.29845842719078064,-0.7969503402709961,-0.12963831424713135,-0.4214458465576172,-0.807627260684967,-0.2077091634273529,-0.5310276746749878,-0.8079970479011536,-0.25524580478668213,-0.007322481833398342,-0.7310759425163269,-0.05869899317622185,-0.26760607957839966,-0.644128143787384,-0.17183557152748108,-0.2527410686016083,-0.38931360840797424,-0.21070729196071625,-0.20847153663635254,-0.2387971580028534,-0.2176811397075653,0.07965312898159027,-0.6658303141593933,-0.09997114539146423,-0.19207431375980377,-0.5314655303955078,-0.20041653513908386,-0.16047190129756927,-0.3004428446292877,-0.18422575294971466,-0.1139378696680069,-0.16546015441417694,-0.1525031328201294,0.14962832629680634,-0.5502877235412598,-0.14683230221271515,-0.0723741427063942,-0.46286720037460327,-0.22200900316238403,-0.07806412875652313,-0.29844412207603455,-0.21189379692077637,-0.04766205698251724,-0.19474956393241882,-0.1860220581293106
Right,Minor,0.0,0.0,0.0,-0.2038550227880478,-0.042945314198732376,-0.02833378314971924,-0.41514158248901367,-0.20562827587127686,-0.038150232285261154,-0.5562390089035034,-0.3601250946521759,-0.06111146882176399,-0.6865750551223755,-0.4536082446575165,-0.0865938812494278,-0.3177633285522461,-0.4711795747280121,0.03484620526432991,-0.4654475748538971,-0.6013557314872742,-0.030698513612151146,-0.588987410068512,-0.6657580137252808,-0.07998758554458618,-0.6966761350631714,-0.7081356048583984,-0.11483162641525269,-0.21931400895118713,-0.537540853023529,0.007079529110342264,-0.36159029603004456,-0.5760907530784607,-0.11498229205608368,-0.30820703506469727,-0.35697486996650696,-0.1572742611169815,-0.23957951366901398,-0.18300162255764008,-0.15345633029937744,-0.10249342024326324,-0.5830896496772766,-0.03206010162830353,-0.2501772940158844,-0.5850450396537781,-0.15984360873699188,-0.18854674696922302,-0.36128586530685425,-0.15063591301441193,-0.11374387890100479,-0.19693748652935028,-0.10545357316732407,0.03340370953083038,-0.614622950553894,-0.07290306687355042,-0.12201917916536331,-0.6246455907821655,-0.15927277505397797,-0.1047254130244255,-0.4557318389415741,-0.1427610069513321,-0.04658002033829689,-0.33083751797676086,-0.1067262589931488
